[2026-05-24T15:48:07.239+0000] {manager.py:470} INFO - Processing files using up to 2 processes at a time 
[2026-05-24T15:48:07.240+0000] {manager.py:471} INFO - Process each file at most once every 30 seconds
[2026-05-24T15:48:07.241+0000] {manager.py:472} INFO - Checking for new files in /opt/airflow/dags every 300 seconds
[2026-05-24T15:48:07.241+0000] {manager.py:737} INFO - Searching for files in /opt/airflow/dags
[2026-05-24T15:48:07.247+0000] {manager.py:740} INFO - There are 1 files in /opt/airflow/dags
[2026-05-24T15:48:07.367+0000] {manager.py:878} INFO - 
================================================================================
DAG File Processing Stats

File Path                                   PID  Runtime      # DAGs    # Errors  Last Runtime    Last Run
----------------------------------------  -----  ---------  --------  ----------  --------------  ----------
/opt/airflow/dags/berlin_mss_pipeline.py    184  0.05s             0           0
================================================================================
[2026-05-24T15:48:37.542+0000] {manager.py:878} INFO - 
================================================================================
DAG File Processing Stats

File Path                                 PID    Runtime      # DAGs    # Errors  Last Runtime    Last Run
----------------------------------------  -----  ---------  --------  ----------  --------------  -------------------
/opt/airflow/dags/berlin_mss_pipeline.py                           1           0  0.44s           2026-05-24T15:48:07
================================================================================
[2026-05-24T15:49:08.232+0000] {manager.py:878} INFO - 
================================================================================
DAG File Processing Stats

File Path                                   PID  Runtime      # DAGs    # Errors  Last Runtime    Last Run
----------------------------------------  -----  ---------  --------  ----------  --------------  -------------------
/opt/airflow/dags/berlin_mss_pipeline.py    194  0.01s             1           0  0.11s           2026-05-24T15:48:38
================================================================================
[2026-05-24T15:49:38.584+0000] {manager.py:878} INFO - 
================================================================================
DAG File Processing Stats

File Path                                   PID  Runtime      # DAGs    # Errors  Last Runtime    Last Run
----------------------------------------  -----  ---------  --------  ----------  --------------  -------------------
/opt/airflow/dags/berlin_mss_pipeline.py    199  0.01s             1           0  0.11s           2026-05-24T15:49:08
================================================================================
[2026-05-24T15:50:08.865+0000] {manager.py:878} INFO - 
================================================================================
DAG File Processing Stats

File Path                                   PID  Runtime      # DAGs    # Errors  Last Runtime    Last Run
----------------------------------------  -----  ---------  --------  ----------  --------------  -------------------
/opt/airflow/dags/berlin_mss_pipeline.py    204  0.01s             1           0  0.11s           2026-05-24T15:49:38
================================================================================
[2026-05-24T15:50:39.245+0000] {manager.py:878} INFO - 
================================================================================
DAG File Processing Stats

File Path                                   PID  Runtime      # DAGs    # Errors  Last Runtime    Last Run
----------------------------------------  -----  ---------  --------  ----------  --------------  -------------------
/opt/airflow/dags/berlin_mss_pipeline.py    209  0.00s             1           0  0.12s           2026-05-24T15:50:08
================================================================================
[2026-05-24T15:51:09.560+0000] {manager.py:878} INFO - 
================================================================================
DAG File Processing Stats

File Path                                   PID  Runtime      # DAGs    # Errors  Last Runtime    Last Run
----------------------------------------  -----  ---------  --------  ----------  --------------  -------------------
/opt/airflow/dags/berlin_mss_pipeline.py    214  0.00s             1           0  0.09s           2026-05-24T15:50:39
================================================================================
[2026-05-24T15:51:39.819+0000] {manager.py:878} INFO - 
================================================================================
DAG File Processing Stats

File Path                                   PID  Runtime      # DAGs    # Errors  Last Runtime    Last Run
----------------------------------------  -----  ---------  --------  ----------  --------------  -------------------
/opt/airflow/dags/berlin_mss_pipeline.py    219  0.01s             1           0  0.08s           2026-05-24T15:51:09
================================================================================
[2026-05-24T15:52:10.110+0000] {manager.py:878} INFO - 
================================================================================
DAG File Processing Stats

File Path                                   PID  Runtime      # DAGs    # Errors  Last Runtime    Last Run
----------------------------------------  -----  ---------  --------  ----------  --------------  -------------------
/opt/airflow/dags/berlin_mss_pipeline.py    224  0.01s             1           0  0.10s           2026-05-24T15:51:39
================================================================================
[2026-05-24T15:52:40.420+0000] {manager.py:878} INFO - 
================================================================================
DAG File Processing Stats

File Path                                   PID  Runtime      # DAGs    # Errors  Last Runtime    Last Run
----------------------------------------  -----  ---------  --------  ----------  --------------  -------------------
/opt/airflow/dags/berlin_mss_pipeline.py    229  0.01s             1           0  0.13s           2026-05-24T15:52:10
================================================================================
[2026-05-24T15:53:07.652+0000] {manager.py:737} INFO - Searching for files in /opt/airflow/dags
[2026-05-24T15:53:07.660+0000] {manager.py:740} INFO - There are 1 files in /opt/airflow/dags
[2026-05-24T15:53:10.718+0000] {manager.py:878} INFO - 
================================================================================
DAG File Processing Stats

File Path                                   PID  Runtime      # DAGs    # Errors  Last Runtime    Last Run
----------------------------------------  -----  ---------  --------  ----------  --------------  -------------------
/opt/airflow/dags/berlin_mss_pipeline.py    234  0.00s             1           0  0.10s           2026-05-24T15:52:40
================================================================================
[2026-05-24T15:53:41.012+0000] {manager.py:878} INFO - 
================================================================================
DAG File Processing Stats

File Path                                   PID  Runtime      # DAGs    # Errors  Last Runtime    Last Run
----------------------------------------  -----  ---------  --------  ----------  --------------  -------------------
/opt/airflow/dags/berlin_mss_pipeline.py    239  0.00s             1           0  0.09s           2026-05-24T15:53:10
================================================================================
[2026-05-24T15:54:11.287+0000] {manager.py:878} INFO - 
================================================================================
DAG File Processing Stats

File Path                                   PID  Runtime      # DAGs    # Errors  Last Runtime    Last Run
----------------------------------------  -----  ---------  --------  ----------  --------------  -------------------
/opt/airflow/dags/berlin_mss_pipeline.py    244  0.00s             1           0  0.09s           2026-05-24T15:53:41
================================================================================
[2026-05-24T15:54:41.568+0000] {manager.py:878} INFO - 
================================================================================
DAG File Processing Stats

File Path                                   PID  Runtime      # DAGs    # Errors  Last Runtime    Last Run
----------------------------------------  -----  ---------  --------  ----------  --------------  -------------------
/opt/airflow/dags/berlin_mss_pipeline.py    249  0.01s             1           0  0.12s           2026-05-24T15:54:11
================================================================================
[2026-05-24T15:55:11.854+0000] {manager.py:878} INFO - 
================================================================================
DAG File Processing Stats

File Path                                   PID  Runtime      # DAGs    # Errors  Last Runtime    Last Run
----------------------------------------  -----  ---------  --------  ----------  --------------  -------------------
/opt/airflow/dags/berlin_mss_pipeline.py    254  0.00s             1           0  0.17s           2026-05-24T15:54:41
================================================================================
[2026-05-24T15:55:42.133+0000] {manager.py:878} INFO - 
================================================================================
DAG File Processing Stats

File Path                                   PID  Runtime      # DAGs    # Errors  Last Runtime    Last Run
----------------------------------------  -----  ---------  --------  ----------  --------------  -------------------
/opt/airflow/dags/berlin_mss_pipeline.py    259  0.00s             1           0  0.09s           2026-05-24T15:55:11
================================================================================
[2026-05-24T15:56:12.384+0000] {manager.py:878} INFO - 
================================================================================
DAG File Processing Stats

File Path                                   PID  Runtime      # DAGs    # Errors  Last Runtime    Last Run
----------------------------------------  -----  ---------  --------  ----------  --------------  -------------------
/opt/airflow/dags/berlin_mss_pipeline.py    264  0.00s             1           0  0.08s           2026-05-24T15:55:42
================================================================================
[2026-05-24T15:56:42.624+0000] {manager.py:878} INFO - 
================================================================================
DAG File Processing Stats

File Path                                   PID  Runtime      # DAGs    # Errors  Last Runtime    Last Run
----------------------------------------  -----  ---------  --------  ----------  --------------  -------------------
/opt/airflow/dags/berlin_mss_pipeline.py    269  0.00s             1           0  0.08s           2026-05-24T15:56:12
================================================================================
[2026-05-24T15:57:12.895+0000] {manager.py:878} INFO - 
================================================================================
DAG File Processing Stats

File Path                                   PID  Runtime      # DAGs    # Errors  Last Runtime    Last Run
----------------------------------------  -----  ---------  --------  ----------  --------------  -------------------
/opt/airflow/dags/berlin_mss_pipeline.py    274  0.00s             1           0  0.09s           2026-05-24T15:56:42
================================================================================
[2026-05-24T15:57:43.120+0000] {manager.py:878} INFO - 
================================================================================
DAG File Processing Stats

File Path                                   PID  Runtime      # DAGs    # Errors  Last Runtime    Last Run
----------------------------------------  -----  ---------  --------  ----------  --------------  -------------------
/opt/airflow/dags/berlin_mss_pipeline.py    279  0.00s             1           0  0.08s           2026-05-24T15:57:12
================================================================================
[2026-05-24T15:58:08.331+0000] {manager.py:737} INFO - Searching for files in /opt/airflow/dags
[2026-05-24T15:58:08.340+0000] {manager.py:740} INFO - There are 1 files in /opt/airflow/dags
[2026-05-24T15:58:13.389+0000] {manager.py:878} INFO - 
================================================================================
DAG File Processing Stats

File Path                                   PID  Runtime      # DAGs    # Errors  Last Runtime    Last Run
----------------------------------------  -----  ---------  --------  ----------  --------------  -------------------
/opt/airflow/dags/berlin_mss_pipeline.py    288  0.00s             1           0  0.11s           2026-05-24T15:57:43
================================================================================
[2026-05-24T15:58:43.721+0000] {manager.py:878} INFO - 
================================================================================
DAG File Processing Stats

File Path                                   PID  Runtime      # DAGs    # Errors  Last Runtime    Last Run
----------------------------------------  -----  ---------  --------  ----------  --------------  -------------------
/opt/airflow/dags/berlin_mss_pipeline.py    299  0.00s             1           0  0.12s           2026-05-24T15:58:13
================================================================================
[2026-05-24T15:59:14.106+0000] {manager.py:878} INFO - 
================================================================================
DAG File Processing Stats

File Path                                   PID  Runtime      # DAGs    # Errors  Last Runtime    Last Run
----------------------------------------  -----  ---------  --------  ----------  --------------  -------------------
/opt/airflow/dags/berlin_mss_pipeline.py    304  0.01s             1           0  0.09s           2026-05-24T15:58:43
================================================================================
[2026-05-24T15:59:44.383+0000] {manager.py:878} INFO - 
================================================================================
DAG File Processing Stats

File Path                                   PID  Runtime      # DAGs    # Errors  Last Runtime    Last Run
----------------------------------------  -----  ---------  --------  ----------  --------------  -------------------
/opt/airflow/dags/berlin_mss_pipeline.py    309  0.01s             1           0  0.09s           2026-05-24T15:59:14
================================================================================
[2026-05-24T16:00:14.641+0000] {manager.py:878} INFO - 
================================================================================
DAG File Processing Stats

File Path                                   PID  Runtime      # DAGs    # Errors  Last Runtime    Last Run
----------------------------------------  -----  ---------  --------  ----------  --------------  -------------------
/opt/airflow/dags/berlin_mss_pipeline.py    314  0.01s             1           0  0.10s           2026-05-24T15:59:44
================================================================================
[2026-05-24T16:00:44.991+0000] {manager.py:878} INFO - 
================================================================================
DAG File Processing Stats

File Path                                   PID  Runtime      # DAGs    # Errors  Last Runtime    Last Run
----------------------------------------  -----  ---------  --------  ----------  --------------  -------------------
/opt/airflow/dags/berlin_mss_pipeline.py    319  0.01s             1           0  0.10s           2026-05-24T16:00:14
================================================================================
[2026-05-24T16:01:15.278+0000] {manager.py:878} INFO - 
================================================================================
DAG File Processing Stats

File Path                                   PID  Runtime      # DAGs    # Errors  Last Runtime    Last Run
----------------------------------------  -----  ---------  --------  ----------  --------------  -------------------
/opt/airflow/dags/berlin_mss_pipeline.py    324  0.01s             1           0  0.12s           2026-05-24T16:00:45
================================================================================
[2026-05-24T16:01:45.574+0000] {manager.py:878} INFO - 
================================================================================
DAG File Processing Stats

File Path                                   PID  Runtime      # DAGs    # Errors  Last Runtime    Last Run
----------------------------------------  -----  ---------  --------  ----------  --------------  -------------------
/opt/airflow/dags/berlin_mss_pipeline.py    329  0.00s             1           0  0.10s           2026-05-24T16:01:15
================================================================================
[2026-05-24T16:02:15.986+0000] {manager.py:878} INFO - 
================================================================================
DAG File Processing Stats

File Path                                   PID  Runtime      # DAGs    # Errors  Last Runtime    Last Run
----------------------------------------  -----  ---------  --------  ----------  --------------  -------------------
/opt/airflow/dags/berlin_mss_pipeline.py    334  0.01s             1           0  0.09s           2026-05-24T16:01:45
================================================================================
[2026-05-24T16:02:46.279+0000] {manager.py:878} INFO - 
================================================================================
DAG File Processing Stats

File Path                                   PID  Runtime      # DAGs    # Errors  Last Runtime    Last Run
----------------------------------------  -----  ---------  --------  ----------  --------------  -------------------
/opt/airflow/dags/berlin_mss_pipeline.py    339  0.01s             1           0  0.12s           2026-05-24T16:02:16
================================================================================
[2026-05-24T16:03:08.484+0000] {manager.py:737} INFO - Searching for files in /opt/airflow/dags
[2026-05-24T16:03:08.494+0000] {manager.py:740} INFO - There are 1 files in /opt/airflow/dags
[2026-05-24T16:03:16.603+0000] {manager.py:878} INFO - 
================================================================================
DAG File Processing Stats

File Path                                   PID  Runtime      # DAGs    # Errors  Last Runtime    Last Run
----------------------------------------  -----  ---------  --------  ----------  --------------  -------------------
/opt/airflow/dags/berlin_mss_pipeline.py    344  0.01s             1           0  0.11s           2026-05-24T16:02:46
================================================================================
[2026-05-24T16:03:46.930+0000] {manager.py:878} INFO - 
================================================================================
DAG File Processing Stats

File Path                                   PID  Runtime      # DAGs    # Errors  Last Runtime    Last Run
----------------------------------------  -----  ---------  --------  ----------  --------------  -------------------
/opt/airflow/dags/berlin_mss_pipeline.py    349  0.01s             1           0  0.10s           2026-05-24T16:03:16
================================================================================
[2026-05-24T16:04:54.581+0000] {manager.py:470} INFO - Processing files using up to 2 processes at a time 
[2026-05-24T16:04:54.582+0000] {manager.py:471} INFO - Process each file at most once every 30 seconds
[2026-05-24T16:04:54.582+0000] {manager.py:472} INFO - Checking for new files in /opt/airflow/dags every 300 seconds
[2026-05-24T16:04:54.583+0000] {manager.py:737} INFO - Searching for files in /opt/airflow/dags
[2026-05-24T16:04:54.586+0000] {manager.py:740} INFO - There are 1 files in /opt/airflow/dags
[2026-05-24T16:04:54.662+0000] {manager.py:878} INFO - 
================================================================================
DAG File Processing Stats

File Path                                   PID  Runtime      # DAGs    # Errors  Last Runtime    Last Run
----------------------------------------  -----  ---------  --------  ----------  --------------  ----------
/opt/airflow/dags/berlin_mss_pipeline.py    184  0.03s             0           0
================================================================================
[2026-05-24T16:05:24.826+0000] {manager.py:878} INFO - 
================================================================================
DAG File Processing Stats

File Path                                 PID    Runtime      # DAGs    # Errors  Last Runtime    Last Run
----------------------------------------  -----  ---------  --------  ----------  --------------  -------------------
/opt/airflow/dags/berlin_mss_pipeline.py                           1           0  0.41s           2026-05-24T16:04:55
================================================================================
[2026-05-24T16:05:55.497+0000] {manager.py:878} INFO - 
================================================================================
DAG File Processing Stats

File Path                                   PID  Runtime      # DAGs    # Errors  Last Runtime    Last Run
----------------------------------------  -----  ---------  --------  ----------  --------------  -------------------
/opt/airflow/dags/berlin_mss_pipeline.py    204  0.00s             1           0  0.13s           2026-05-24T16:05:25
================================================================================
[2026-05-24T16:06:25.830+0000] {manager.py:878} INFO - 
================================================================================
DAG File Processing Stats

File Path                                   PID  Runtime      # DAGs    # Errors  Last Runtime    Last Run
----------------------------------------  -----  ---------  --------  ----------  --------------  -------------------
/opt/airflow/dags/berlin_mss_pipeline.py    209  0.03s             1           0  0.08s           2026-05-24T16:05:55
================================================================================
[2026-05-24T16:06:56.160+0000] {manager.py:878} INFO - 
================================================================================
DAG File Processing Stats

File Path                                   PID  Runtime      # DAGs    # Errors  Last Runtime    Last Run
----------------------------------------  -----  ---------  --------  ----------  --------------  -------------------
/opt/airflow/dags/berlin_mss_pipeline.py    214  0.00s             1           0  0.20s           2026-05-24T16:06:26
================================================================================
[2026-05-24T16:07:26.485+0000] {manager.py:878} INFO - 
================================================================================
DAG File Processing Stats

File Path                                   PID  Runtime      # DAGs    # Errors  Last Runtime    Last Run
----------------------------------------  -----  ---------  --------  ----------  --------------  -------------------
/opt/airflow/dags/berlin_mss_pipeline.py    219  0.01s             1           0  0.11s           2026-05-24T16:06:56
================================================================================
[2026-05-24T16:07:56.793+0000] {manager.py:878} INFO - 
================================================================================
DAG File Processing Stats

File Path                                   PID  Runtime      # DAGs    # Errors  Last Runtime    Last Run
----------------------------------------  -----  ---------  --------  ----------  --------------  -------------------
/opt/airflow/dags/berlin_mss_pipeline.py    224  0.00s             1           0  0.13s           2026-05-24T16:07:26
================================================================================
[2026-05-24T16:09:09.648+0000] {manager.py:470} INFO - Processing files using up to 2 processes at a time 
[2026-05-24T16:09:09.648+0000] {manager.py:471} INFO - Process each file at most once every 30 seconds
[2026-05-24T16:09:09.649+0000] {manager.py:472} INFO - Checking for new files in /opt/airflow/dags every 300 seconds
[2026-05-24T16:09:09.649+0000] {manager.py:737} INFO - Searching for files in /opt/airflow/dags
[2026-05-24T16:09:09.652+0000] {manager.py:740} INFO - There are 1 files in /opt/airflow/dags
[2026-05-24T16:09:09.733+0000] {manager.py:878} INFO - 
================================================================================
DAG File Processing Stats

File Path                                   PID  Runtime      # DAGs    # Errors  Last Runtime    Last Run
----------------------------------------  -----  ---------  --------  ----------  --------------  ----------
/opt/airflow/dags/berlin_mss_pipeline.py    183  0.04s             0           0
================================================================================
[2026-05-24T16:09:39.931+0000] {manager.py:878} INFO - 
================================================================================
DAG File Processing Stats

File Path                                   PID  Runtime      # DAGs    # Errors  Last Runtime    Last Run
----------------------------------------  -----  ---------  --------  ----------  --------------  -------------------
/opt/airflow/dags/berlin_mss_pipeline.py    189  0.00s             1           0  0.10s           2026-05-24T16:09:09
================================================================================
[2026-05-24T16:10:10.199+0000] {manager.py:878} INFO - 
================================================================================
DAG File Processing Stats

File Path                                   PID  Runtime      # DAGs    # Errors  Last Runtime    Last Run
----------------------------------------  -----  ---------  --------  ----------  --------------  -------------------
/opt/airflow/dags/berlin_mss_pipeline.py    194  0.00s             1           0  0.25s           2026-05-24T16:09:40
================================================================================
[2026-05-24T16:10:40.516+0000] {manager.py:878} INFO - 
================================================================================
DAG File Processing Stats

File Path                                   PID  Runtime      # DAGs    # Errors  Last Runtime    Last Run
----------------------------------------  -----  ---------  --------  ----------  --------------  -------------------
/opt/airflow/dags/berlin_mss_pipeline.py    205  0.00s             1           0  0.08s           2026-05-24T16:10:10
================================================================================
[2026-05-24T16:11:10.861+0000] {manager.py:878} INFO - 
================================================================================
DAG File Processing Stats

File Path                                   PID  Runtime      # DAGs    # Errors  Last Runtime    Last Run
----------------------------------------  -----  ---------  --------  ----------  --------------  -------------------
/opt/airflow/dags/berlin_mss_pipeline.py    210  0.00s             1           0  0.09s           2026-05-24T16:10:40
================================================================================
[2026-05-24T16:11:41.172+0000] {manager.py:878} INFO - 
================================================================================
DAG File Processing Stats

File Path                                   PID  Runtime      # DAGs    # Errors  Last Runtime    Last Run
----------------------------------------  -----  ---------  --------  ----------  --------------  -------------------
/opt/airflow/dags/berlin_mss_pipeline.py    215  0.00s             1           0  0.09s           2026-05-24T16:11:10
================================================================================
[2026-05-24T16:12:11.474+0000] {manager.py:878} INFO - 
================================================================================
DAG File Processing Stats

File Path                                   PID  Runtime      # DAGs    # Errors  Last Runtime    Last Run
----------------------------------------  -----  ---------  --------  ----------  --------------  -------------------
/opt/airflow/dags/berlin_mss_pipeline.py    220  0.00s             1           0  0.09s           2026-05-24T16:11:41
================================================================================
[2026-05-24T16:12:41.787+0000] {manager.py:878} INFO - 
================================================================================
DAG File Processing Stats

File Path                                   PID  Runtime      # DAGs    # Errors  Last Runtime    Last Run
----------------------------------------  -----  ---------  --------  ----------  --------------  -------------------
/opt/airflow/dags/berlin_mss_pipeline.py    225  0.00s             1           0  0.09s           2026-05-24T16:12:11
================================================================================
[2026-05-24T16:13:12.103+0000] {manager.py:878} INFO - 
================================================================================
DAG File Processing Stats

File Path                                   PID  Runtime      # DAGs    # Errors  Last Runtime    Last Run
----------------------------------------  -----  ---------  --------  ----------  --------------  -------------------
/opt/airflow/dags/berlin_mss_pipeline.py    230  0.00s             1           0  0.07s           2026-05-24T16:12:41
================================================================================
[2026-05-24T16:13:42.431+0000] {manager.py:878} INFO - 
================================================================================
DAG File Processing Stats

File Path                                   PID  Runtime      # DAGs    # Errors  Last Runtime    Last Run
----------------------------------------  -----  ---------  --------  ----------  --------------  -------------------
/opt/airflow/dags/berlin_mss_pipeline.py    235  0.01s             1           0  0.09s           2026-05-24T16:13:12
================================================================================
[2026-05-24T16:14:09.720+0000] {manager.py:737} INFO - Searching for files in /opt/airflow/dags
[2026-05-24T16:14:09.723+0000] {manager.py:740} INFO - There are 1 files in /opt/airflow/dags
[2026-05-24T16:14:12.760+0000] {manager.py:878} INFO - 
================================================================================
DAG File Processing Stats

File Path                                   PID  Runtime      # DAGs    # Errors  Last Runtime    Last Run
----------------------------------------  -----  ---------  --------  ----------  --------------  -------------------
/opt/airflow/dags/berlin_mss_pipeline.py    240  0.00s             1           0  0.12s           2026-05-24T16:13:42
================================================================================
[2026-05-24T16:14:43.042+0000] {manager.py:878} INFO - 
================================================================================
DAG File Processing Stats

File Path                                   PID  Runtime      # DAGs    # Errors  Last Runtime    Last Run
----------------------------------------  -----  ---------  --------  ----------  --------------  -------------------
/opt/airflow/dags/berlin_mss_pipeline.py    245  0.01s             1           0  0.09s           2026-05-24T16:14:12
================================================================================
[2026-05-24T16:15:13.406+0000] {manager.py:878} INFO - 
================================================================================
DAG File Processing Stats

File Path                                   PID  Runtime      # DAGs    # Errors  Last Runtime    Last Run
----------------------------------------  -----  ---------  --------  ----------  --------------  -------------------
/opt/airflow/dags/berlin_mss_pipeline.py    250  0.00s             1           0  0.08s           2026-05-24T16:14:43
================================================================================
[2026-05-24T16:15:43.688+0000] {manager.py:878} INFO - 
================================================================================
DAG File Processing Stats

File Path                                   PID  Runtime      # DAGs    # Errors  Last Runtime    Last Run
----------------------------------------  -----  ---------  --------  ----------  --------------  -------------------
/opt/airflow/dags/berlin_mss_pipeline.py    261  0.00s             1           0  0.09s           2026-05-24T16:15:13
================================================================================
[2026-05-24T16:16:13.983+0000] {manager.py:878} INFO - 
================================================================================
DAG File Processing Stats

File Path                                   PID  Runtime      # DAGs    # Errors  Last Runtime    Last Run
----------------------------------------  -----  ---------  --------  ----------  --------------  -------------------
/opt/airflow/dags/berlin_mss_pipeline.py    266  0.00s             1           0  0.10s           2026-05-24T16:15:43
================================================================================
[2026-05-24T16:16:44.314+0000] {manager.py:878} INFO - 
================================================================================
DAG File Processing Stats

File Path                                   PID  Runtime      # DAGs    # Errors  Last Runtime    Last Run
----------------------------------------  -----  ---------  --------  ----------  --------------  -------------------
/opt/airflow/dags/berlin_mss_pipeline.py    271  0.00s             1           0  0.09s           2026-05-24T16:16:14
================================================================================
[2026-05-24T16:17:14.587+0000] {manager.py:878} INFO - 
================================================================================
DAG File Processing Stats

File Path                                   PID  Runtime      # DAGs    # Errors  Last Runtime    Last Run
----------------------------------------  -----  ---------  --------  ----------  --------------  -------------------
/opt/airflow/dags/berlin_mss_pipeline.py    276  0.00s             1           0  0.09s           2026-05-24T16:16:44
================================================================================
[2026-05-24T16:17:44.887+0000] {manager.py:878} INFO - 
================================================================================
DAG File Processing Stats

File Path                                   PID  Runtime      # DAGs    # Errors  Last Runtime    Last Run
----------------------------------------  -----  ---------  --------  ----------  --------------  -------------------
/opt/airflow/dags/berlin_mss_pipeline.py    281  0.01s             1           0  0.08s           2026-05-24T16:17:14
================================================================================
[2026-05-24T16:18:15.186+0000] {manager.py:878} INFO - 
================================================================================
DAG File Processing Stats

File Path                                   PID  Runtime      # DAGs    # Errors  Last Runtime    Last Run
----------------------------------------  -----  ---------  --------  ----------  --------------  -------------------
/opt/airflow/dags/berlin_mss_pipeline.py    286  0.00s             1           0  0.12s           2026-05-24T16:17:45
================================================================================
[2026-05-24T16:18:45.480+0000] {manager.py:878} INFO - 
================================================================================
DAG File Processing Stats

File Path                                   PID  Runtime      # DAGs    # Errors  Last Runtime    Last Run
----------------------------------------  -----  ---------  --------  ----------  --------------  -------------------
/opt/airflow/dags/berlin_mss_pipeline.py    291  0.01s             1           0  0.08s           2026-05-24T16:18:15
================================================================================
[2026-05-24T16:19:09.772+0000] {manager.py:737} INFO - Searching for files in /opt/airflow/dags
[2026-05-24T16:19:09.780+0000] {manager.py:740} INFO - There are 1 files in /opt/airflow/dags
[2026-05-24T16:19:15.695+0000] {manager.py:878} INFO - 
================================================================================
DAG File Processing Stats

File Path                                   PID  Runtime      # DAGs    # Errors  Last Runtime    Last Run
----------------------------------------  -----  ---------  --------  ----------  --------------  -------------------
/opt/airflow/dags/berlin_mss_pipeline.py    296  0.00s             1           0  0.12s           2026-05-24T16:18:45
================================================================================
[2026-05-24T16:19:45.918+0000] {manager.py:878} INFO - 
================================================================================
DAG File Processing Stats

File Path                                   PID  Runtime      # DAGs    # Errors  Last Runtime    Last Run
----------------------------------------  -----  ---------  --------  ----------  --------------  -------------------
/opt/airflow/dags/berlin_mss_pipeline.py    301  0.01s             1           0  0.09s           2026-05-24T16:19:15
================================================================================
[2026-05-24T16:20:16.228+0000] {manager.py:878} INFO - 
================================================================================
DAG File Processing Stats

File Path                                   PID  Runtime      # DAGs    # Errors  Last Runtime    Last Run
----------------------------------------  -----  ---------  --------  ----------  --------------  -------------------
/opt/airflow/dags/berlin_mss_pipeline.py    306  0.01s             1           0  0.21s           2026-05-24T16:19:46
================================================================================
[2026-05-24T16:20:46.522+0000] {manager.py:878} INFO - 
================================================================================
DAG File Processing Stats

File Path                                   PID  Runtime      # DAGs    # Errors  Last Runtime    Last Run
----------------------------------------  -----  ---------  --------  ----------  --------------  -------------------
/opt/airflow/dags/berlin_mss_pipeline.py    311  0.01s             1           0  0.13s           2026-05-24T16:20:16
================================================================================
[2026-05-24T16:21:16.905+0000] {manager.py:878} INFO - 
================================================================================
DAG File Processing Stats

File Path                                   PID  Runtime      # DAGs    # Errors  Last Runtime    Last Run
----------------------------------------  -----  ---------  --------  ----------  --------------  -------------------
/opt/airflow/dags/berlin_mss_pipeline.py    316  0.01s             1           0  0.11s           2026-05-24T16:20:46
================================================================================
[2026-05-24T16:21:47.178+0000] {manager.py:878} INFO - 
================================================================================
DAG File Processing Stats

File Path                                   PID  Runtime      # DAGs    # Errors  Last Runtime    Last Run
----------------------------------------  -----  ---------  --------  ----------  --------------  -------------------
/opt/airflow/dags/berlin_mss_pipeline.py    321  0.01s             1           0  0.13s           2026-05-24T16:21:17
================================================================================
[2026-05-24T16:22:17.531+0000] {manager.py:878} INFO - 
================================================================================
DAG File Processing Stats

File Path                                   PID  Runtime      # DAGs    # Errors  Last Runtime    Last Run
----------------------------------------  -----  ---------  --------  ----------  --------------  -------------------
/opt/airflow/dags/berlin_mss_pipeline.py    326  0.01s             1           0  0.11s           2026-05-24T16:21:47
================================================================================
[2026-05-24T16:22:47.789+0000] {manager.py:878} INFO - 
================================================================================
DAG File Processing Stats

File Path                                   PID  Runtime      # DAGs    # Errors  Last Runtime    Last Run
----------------------------------------  -----  ---------  --------  ----------  --------------  -------------------
/opt/airflow/dags/berlin_mss_pipeline.py    331  0.00s             1           0  0.14s           2026-05-24T16:22:17
================================================================================
[2026-05-24T16:23:18.132+0000] {manager.py:878} INFO - 
================================================================================
DAG File Processing Stats

File Path                                   PID  Runtime      # DAGs    # Errors  Last Runtime    Last Run
----------------------------------------  -----  ---------  --------  ----------  --------------  -------------------
/opt/airflow/dags/berlin_mss_pipeline.py    336  0.00s             1           0  0.09s           2026-05-24T16:22:47
================================================================================
[2026-05-24T16:23:48.421+0000] {manager.py:878} INFO - 
================================================================================
DAG File Processing Stats

File Path                                   PID  Runtime      # DAGs    # Errors  Last Runtime    Last Run
----------------------------------------  -----  ---------  --------  ----------  --------------  -------------------
/opt/airflow/dags/berlin_mss_pipeline.py    341  0.01s             1           0  0.10s           2026-05-24T16:23:18
================================================================================
[2026-05-24T16:24:01.503+0000] {manager.py:452} INFO - Exiting gracefully upon receiving signal 15
[2026-05-24T16:25:28.038+0000] {manager.py:470} INFO - Processing files using up to 2 processes at a time 
[2026-05-24T16:25:28.040+0000] {manager.py:471} INFO - Process each file at most once every 30 seconds
[2026-05-24T16:25:28.042+0000] {manager.py:472} INFO - Checking for new files in /opt/airflow/dags every 300 seconds
[2026-05-24T16:25:28.042+0000] {manager.py:737} INFO - Searching for files in /opt/airflow/dags
[2026-05-24T16:25:28.051+0000] {manager.py:740} INFO - There are 1 files in /opt/airflow/dags
[2026-05-24T16:25:28.134+0000] {manager.py:878} INFO - 
================================================================================
DAG File Processing Stats

File Path                                   PID  Runtime      # DAGs    # Errors  Last Runtime    Last Run
----------------------------------------  -----  ---------  --------  ----------  --------------  ----------
/opt/airflow/dags/berlin_mss_pipeline.py    206  0.03s             0           0
================================================================================
[2026-05-24T16:25:58.294+0000] {manager.py:878} INFO - 
================================================================================
DAG File Processing Stats

File Path                                 PID    Runtime      # DAGs    # Errors  Last Runtime    Last Run
----------------------------------------  -----  ---------  --------  ----------  --------------  -------------------
/opt/airflow/dags/berlin_mss_pipeline.py                           1           0  0.36s           2026-05-24T16:25:28
================================================================================
[2026-05-24T16:26:28.907+0000] {manager.py:878} INFO - 
================================================================================
DAG File Processing Stats

File Path                                   PID  Runtime      # DAGs    # Errors  Last Runtime    Last Run
----------------------------------------  -----  ---------  --------  ----------  --------------  -------------------
/opt/airflow/dags/berlin_mss_pipeline.py    216  0.01s             1           0  0.13s           2026-05-24T16:25:58
================================================================================
[2026-05-24T16:26:59.237+0000] {manager.py:878} INFO - 
================================================================================
DAG File Processing Stats

File Path                                   PID  Runtime      # DAGs    # Errors  Last Runtime    Last Run
----------------------------------------  -----  ---------  --------  ----------  --------------  -------------------
/opt/airflow/dags/berlin_mss_pipeline.py    221  0.00s             1           0  0.10s           2026-05-24T16:26:28
================================================================================
[2026-05-24T16:27:29.510+0000] {manager.py:878} INFO - 
================================================================================
DAG File Processing Stats

File Path                                   PID  Runtime      # DAGs    # Errors  Last Runtime    Last Run
----------------------------------------  -----  ---------  --------  ----------  --------------  -------------------
/opt/airflow/dags/berlin_mss_pipeline.py    226  0.01s             1           0  0.12s           2026-05-24T16:26:59
================================================================================
[2026-05-24T16:27:59.836+0000] {manager.py:878} INFO - 
================================================================================
DAG File Processing Stats

File Path                                   PID  Runtime      # DAGs    # Errors  Last Runtime    Last Run
----------------------------------------  -----  ---------  --------  ----------  --------------  -------------------
/opt/airflow/dags/berlin_mss_pipeline.py    231  0.01s             1           0  0.13s           2026-05-24T16:27:29
================================================================================
[2026-05-24T16:28:30.158+0000] {manager.py:878} INFO - 
================================================================================
DAG File Processing Stats

File Path                                   PID  Runtime      # DAGs    # Errors  Last Runtime    Last Run
----------------------------------------  -----  ---------  --------  ----------  --------------  -------------------
/opt/airflow/dags/berlin_mss_pipeline.py    236  0.01s             1           0  0.12s           2026-05-24T16:27:59
================================================================================
[2026-05-24T16:29:00.462+0000] {manager.py:878} INFO - 
================================================================================
DAG File Processing Stats

File Path                                   PID  Runtime      # DAGs    # Errors  Last Runtime    Last Run
----------------------------------------  -----  ---------  --------  ----------  --------------  -------------------
/opt/airflow/dags/berlin_mss_pipeline.py    241  0.01s             1           0  0.11s           2026-05-24T16:28:30
================================================================================
[2026-05-24T16:29:30.757+0000] {manager.py:878} INFO - 
================================================================================
DAG File Processing Stats

File Path                                   PID  Runtime      # DAGs    # Errors  Last Runtime    Last Run
----------------------------------------  -----  ---------  --------  ----------  --------------  -------------------
/opt/airflow/dags/berlin_mss_pipeline.py    260  0.00s             1           0  0.11s           2026-05-24T16:29:00
================================================================================
[2026-05-24T16:30:01.036+0000] {manager.py:878} INFO - 
================================================================================
DAG File Processing Stats

File Path                                   PID  Runtime      # DAGs    # Errors  Last Runtime    Last Run
----------------------------------------  -----  ---------  --------  ----------  --------------  -------------------
/opt/airflow/dags/berlin_mss_pipeline.py    265  0.01s             1           0  0.09s           2026-05-24T16:29:30
================================================================================
[2026-05-24T16:30:28.279+0000] {manager.py:737} INFO - Searching for files in /opt/airflow/dags
[2026-05-24T16:30:28.284+0000] {manager.py:740} INFO - There are 1 files in /opt/airflow/dags
[2026-05-24T16:30:31.317+0000] {manager.py:878} INFO - 
================================================================================
DAG File Processing Stats

File Path                                   PID  Runtime      # DAGs    # Errors  Last Runtime    Last Run
----------------------------------------  -----  ---------  --------  ----------  --------------  -------------------
/opt/airflow/dags/berlin_mss_pipeline.py    270  0.00s             1           0  0.12s           2026-05-24T16:30:01
================================================================================
[2026-05-24T16:31:01.646+0000] {manager.py:878} INFO - 
================================================================================
DAG File Processing Stats

File Path                                   PID  Runtime      # DAGs    # Errors  Last Runtime    Last Run
----------------------------------------  -----  ---------  --------  ----------  --------------  -------------------
/opt/airflow/dags/berlin_mss_pipeline.py    275  0.01s             1           0  0.12s           2026-05-24T16:30:31
================================================================================
[2026-05-24T16:31:31.942+0000] {manager.py:878} INFO - 
================================================================================
DAG File Processing Stats

File Path                                   PID  Runtime      # DAGs    # Errors  Last Runtime    Last Run
----------------------------------------  -----  ---------  --------  ----------  --------------  -------------------
/opt/airflow/dags/berlin_mss_pipeline.py    280  0.00s             1           0  0.13s           2026-05-24T16:31:01
================================================================================
[2026-05-24T16:32:02.317+0000] {manager.py:878} INFO - 
================================================================================
DAG File Processing Stats

File Path                                   PID  Runtime      # DAGs    # Errors  Last Runtime    Last Run
----------------------------------------  -----  ---------  --------  ----------  --------------  -------------------
/opt/airflow/dags/berlin_mss_pipeline.py    285  0.01s             1           0  0.09s           2026-05-24T16:31:32
================================================================================
[2026-05-24T16:32:32.688+0000] {manager.py:878} INFO - 
================================================================================
DAG File Processing Stats

File Path                                 PID    Runtime      # DAGs    # Errors  Last Runtime    Last Run
----------------------------------------  -----  ---------  --------  ----------  --------------  -------------------
/opt/airflow/dags/berlin_mss_pipeline.py                           1           0  0.20s           2026-05-24T16:32:19
================================================================================
[2026-05-24T16:33:03.006+0000] {manager.py:878} INFO - 
================================================================================
DAG File Processing Stats

File Path                                 PID    Runtime      # DAGs    # Errors  Last Runtime    Last Run
----------------------------------------  -----  ---------  --------  ----------  --------------  -------------------
/opt/airflow/dags/berlin_mss_pipeline.py                           1           0  0.09s           2026-05-24T16:32:49
================================================================================
[2026-05-24T16:33:33.314+0000] {manager.py:878} INFO - 
================================================================================
DAG File Processing Stats

File Path                                 PID    Runtime      # DAGs    # Errors  Last Runtime    Last Run
----------------------------------------  -----  ---------  --------  ----------  --------------  -------------------
/opt/airflow/dags/berlin_mss_pipeline.py                           1           0  0.13s           2026-05-24T16:33:20
================================================================================
[2026-05-24T16:34:03.627+0000] {manager.py:878} INFO - 
================================================================================
DAG File Processing Stats

File Path                                 PID    Runtime      # DAGs    # Errors  Last Runtime    Last Run
----------------------------------------  -----  ---------  --------  ----------  --------------  -------------------
/opt/airflow/dags/berlin_mss_pipeline.py                           1           0  0.13s           2026-05-24T16:33:50
================================================================================
[2026-05-24T16:34:33.936+0000] {manager.py:878} INFO - 
================================================================================
DAG File Processing Stats

File Path                                 PID    Runtime      # DAGs    # Errors  Last Runtime    Last Run
----------------------------------------  -----  ---------  --------  ----------  --------------  -------------------
/opt/airflow/dags/berlin_mss_pipeline.py                           1           0  0.10s           2026-05-24T16:34:20
================================================================================
[2026-05-24T16:35:04.236+0000] {manager.py:878} INFO - 
================================================================================
DAG File Processing Stats

File Path                                 PID    Runtime      # DAGs    # Errors  Last Runtime    Last Run
----------------------------------------  -----  ---------  --------  ----------  --------------  -------------------
/opt/airflow/dags/berlin_mss_pipeline.py                           1           0  0.13s           2026-05-24T16:34:51
================================================================================
[2026-05-24T16:35:28.567+0000] {manager.py:737} INFO - Searching for files in /opt/airflow/dags
[2026-05-24T16:35:28.572+0000] {manager.py:740} INFO - There are 1 files in /opt/airflow/dags
[2026-05-24T16:35:34.632+0000] {manager.py:878} INFO - 
================================================================================
DAG File Processing Stats

File Path                                 PID    Runtime      # DAGs    # Errors  Last Runtime    Last Run
----------------------------------------  -----  ---------  --------  ----------  --------------  -------------------
/opt/airflow/dags/berlin_mss_pipeline.py                           1           0  0.14s           2026-05-24T16:35:21
================================================================================
[2026-05-24T16:36:04.885+0000] {manager.py:878} INFO - 
================================================================================
DAG File Processing Stats

File Path                                 PID    Runtime      # DAGs    # Errors  Last Runtime    Last Run
----------------------------------------  -----  ---------  --------  ----------  --------------  -------------------
/opt/airflow/dags/berlin_mss_pipeline.py                           1           0  0.15s           2026-05-24T16:35:51
================================================================================
[2026-05-24T16:36:35.270+0000] {manager.py:878} INFO - 
================================================================================
DAG File Processing Stats

File Path                                 PID    Runtime      # DAGs    # Errors  Last Runtime    Last Run
----------------------------------------  -----  ---------  --------  ----------  --------------  -------------------
/opt/airflow/dags/berlin_mss_pipeline.py                           1           0  0.13s           2026-05-24T16:36:22
================================================================================
[2026-05-24T16:37:05.564+0000] {manager.py:878} INFO - 
================================================================================
DAG File Processing Stats

File Path                                 PID    Runtime      # DAGs    # Errors  Last Runtime    Last Run
----------------------------------------  -----  ---------  --------  ----------  --------------  -------------------
/opt/airflow/dags/berlin_mss_pipeline.py                           1           0  0.12s           2026-05-24T16:36:52
================================================================================
[2026-05-24T16:37:35.929+0000] {manager.py:878} INFO - 
================================================================================
DAG File Processing Stats

File Path                                 PID    Runtime      # DAGs    # Errors  Last Runtime    Last Run
----------------------------------------  -----  ---------  --------  ----------  --------------  -------------------
/opt/airflow/dags/berlin_mss_pipeline.py                           1           0  0.10s           2026-05-24T16:37:22
================================================================================
[2026-05-24T16:38:06.197+0000] {manager.py:878} INFO - 
================================================================================
DAG File Processing Stats

File Path                                 PID    Runtime      # DAGs    # Errors  Last Runtime    Last Run
----------------------------------------  -----  ---------  --------  ----------  --------------  -------------------
/opt/airflow/dags/berlin_mss_pipeline.py                           1           0  0.14s           2026-05-24T16:37:53
================================================================================
[2026-05-24T16:38:36.528+0000] {manager.py:878} INFO - 
================================================================================
DAG File Processing Stats

File Path                                 PID    Runtime      # DAGs    # Errors  Last Runtime    Last Run
----------------------------------------  -----  ---------  --------  ----------  --------------  -------------------
/opt/airflow/dags/berlin_mss_pipeline.py                           1           0  0.10s           2026-05-24T16:38:23
================================================================================
[2026-05-24T16:39:06.769+0000] {manager.py:878} INFO - 
================================================================================
DAG File Processing Stats

File Path                                 PID    Runtime      # DAGs    # Errors  Last Runtime    Last Run
----------------------------------------  -----  ---------  --------  ----------  --------------  -------------------
/opt/airflow/dags/berlin_mss_pipeline.py                           1           0  0.14s           2026-05-24T16:38:53
================================================================================
[2026-05-24T16:39:51.371+0000] {manager.py:878} INFO - 
================================================================================
DAG File Processing Stats

File Path                                 PID    Runtime      # DAGs    # Errors  Last Runtime    Last Run
----------------------------------------  -----  ---------  --------  ----------  --------------  -------------------
/opt/airflow/dags/berlin_mss_pipeline.py                           1           0  0.12s           2026-05-24T16:39:28
================================================================================
[2026-05-24T16:40:21.810+0000] {manager.py:878} INFO - 
================================================================================
DAG File Processing Stats

File Path                                 PID    Runtime      # DAGs    # Errors  Last Runtime    Last Run
----------------------------------------  -----  ---------  --------  ----------  --------------  -------------------
/opt/airflow/dags/berlin_mss_pipeline.py                           1           0  0.11s           2026-05-24T16:39:58
================================================================================
[2026-05-24T16:40:28.880+0000] {manager.py:737} INFO - Searching for files in /opt/airflow/dags
[2026-05-24T16:40:28.886+0000] {manager.py:740} INFO - There are 1 files in /opt/airflow/dags
[2026-05-24T16:40:52.088+0000] {manager.py:878} INFO - 
================================================================================
DAG File Processing Stats

File Path                                 PID    Runtime      # DAGs    # Errors  Last Runtime    Last Run
----------------------------------------  -----  ---------  --------  ----------  --------------  -------------------
/opt/airflow/dags/berlin_mss_pipeline.py                           1           0  0.14s           2026-05-24T16:40:29
================================================================================
[2026-05-24T16:41:22.384+0000] {manager.py:878} INFO - 
================================================================================
DAG File Processing Stats

File Path                                 PID    Runtime      # DAGs    # Errors  Last Runtime    Last Run
----------------------------------------  -----  ---------  --------  ----------  --------------  -------------------
/opt/airflow/dags/berlin_mss_pipeline.py                           1           0  0.11s           2026-05-24T16:40:59
================================================================================
[2026-05-24T16:41:52.706+0000] {manager.py:878} INFO - 
================================================================================
DAG File Processing Stats

File Path                                 PID    Runtime      # DAGs    # Errors  Last Runtime    Last Run
----------------------------------------  -----  ---------  --------  ----------  --------------  -------------------
/opt/airflow/dags/berlin_mss_pipeline.py                           1           0  0.12s           2026-05-24T16:41:29
================================================================================
[2026-05-24T16:42:23.165+0000] {manager.py:878} INFO - 
================================================================================
DAG File Processing Stats

File Path                                 PID    Runtime      # DAGs    # Errors  Last Runtime    Last Run
----------------------------------------  -----  ---------  --------  ----------  --------------  -------------------
/opt/airflow/dags/berlin_mss_pipeline.py                           1           0  0.12s           2026-05-24T16:41:59
================================================================================
[2026-05-24T16:42:53.535+0000] {manager.py:878} INFO - 
================================================================================
DAG File Processing Stats

File Path                                 PID    Runtime      # DAGs    # Errors  Last Runtime    Last Run
----------------------------------------  -----  ---------  --------  ----------  --------------  -------------------
/opt/airflow/dags/berlin_mss_pipeline.py                           1           0  0.11s           2026-05-24T16:42:30
================================================================================
[2026-05-24T17:02:52.844+0000] {manager.py:737} INFO - Searching for files in /opt/airflow/dags
[2026-05-24T17:02:52.850+0000] {manager.py:740} INFO - There are 1 files in /opt/airflow/dags
[2026-05-24T17:03:19.150+0000] {manager.py:878} INFO - 
================================================================================
DAG File Processing Stats

File Path                                 PID    Runtime      # DAGs    # Errors  Last Runtime    Last Run
----------------------------------------  -----  ---------  --------  ----------  --------------  -------------------
/opt/airflow/dags/berlin_mss_pipeline.py                           1           0  0.07s           2026-05-24T17:02:52
================================================================================
[2026-05-24T17:03:49.519+0000] {manager.py:878} INFO - 
================================================================================
DAG File Processing Stats

File Path                                 PID    Runtime      # DAGs    # Errors  Last Runtime    Last Run
----------------------------------------  -----  ---------  --------  ----------  --------------  -------------------
/opt/airflow/dags/berlin_mss_pipeline.py                           1           0  0.09s           2026-05-24T17:03:23
================================================================================
[2026-05-24T17:04:19.844+0000] {manager.py:878} INFO - 
================================================================================
DAG File Processing Stats

File Path                                 PID    Runtime      # DAGs    # Errors  Last Runtime    Last Run
----------------------------------------  -----  ---------  --------  ----------  --------------  -------------------
/opt/airflow/dags/berlin_mss_pipeline.py                           1           0  0.09s           2026-05-24T17:03:53
================================================================================
[2026-05-24T17:04:50.180+0000] {manager.py:878} INFO - 
================================================================================
DAG File Processing Stats

File Path                                 PID    Runtime      # DAGs    # Errors  Last Runtime    Last Run
----------------------------------------  -----  ---------  --------  ----------  --------------  -------------------
/opt/airflow/dags/berlin_mss_pipeline.py                           1           0  0.09s           2026-05-24T17:04:23
================================================================================
[2026-05-24T17:05:20.553+0000] {manager.py:878} INFO - 
================================================================================
DAG File Processing Stats

File Path                                 PID    Runtime      # DAGs    # Errors  Last Runtime    Last Run
----------------------------------------  -----  ---------  --------  ----------  --------------  -------------------
/opt/airflow/dags/berlin_mss_pipeline.py                           1           0  0.10s           2026-05-24T17:04:54
================================================================================
[2026-05-24T17:05:50.872+0000] {manager.py:878} INFO - 
================================================================================
DAG File Processing Stats

File Path                                 PID    Runtime      # DAGs    # Errors  Last Runtime    Last Run
----------------------------------------  -----  ---------  --------  ----------  --------------  -------------------
/opt/airflow/dags/berlin_mss_pipeline.py                           1           0  0.11s           2026-05-24T17:05:24
================================================================================
[2026-05-24T17:34:43.657+0000] {manager.py:737} INFO - Searching for files in /opt/airflow/dags
[2026-05-24T17:34:43.662+0000] {manager.py:740} INFO - There are 1 files in /opt/airflow/dags
[2026-05-24T17:35:12.086+0000] {manager.py:878} INFO - 
================================================================================
DAG File Processing Stats

File Path                                 PID    Runtime      # DAGs    # Errors  Last Runtime    Last Run
----------------------------------------  -----  ---------  --------  ----------  --------------  -------------------
/opt/airflow/dags/berlin_mss_pipeline.py                           1           0  0.12s           2026-05-24T17:34:43
================================================================================
[2026-05-24T18:38:33.335+0000] {manager.py:737} INFO - Searching for files in /opt/airflow/dags
[2026-05-24T18:38:33.339+0000] {manager.py:740} INFO - There are 1 files in /opt/airflow/dags
[2026-05-24T18:39:01.695+0000] {manager.py:878} INFO - 
================================================================================
DAG File Processing Stats

File Path                                 PID    Runtime      # DAGs    # Errors  Last Runtime    Last Run
----------------------------------------  -----  ---------  --------  ----------  --------------  -------------------
/opt/airflow/dags/berlin_mss_pipeline.py                           1           0  0.10s           2026-05-24T18:38:33
================================================================================
[2026-05-24T18:39:32.019+0000] {manager.py:878} INFO - 
================================================================================
DAG File Processing Stats

File Path                                 PID    Runtime      # DAGs    # Errors  Last Runtime    Last Run
----------------------------------------  -----  ---------  --------  ----------  --------------  -------------------
/opt/airflow/dags/berlin_mss_pipeline.py                           1           0  0.08s           2026-05-24T18:39:03
================================================================================
[2026-05-24T18:40:02.365+0000] {manager.py:878} INFO - 
================================================================================
DAG File Processing Stats

File Path                                 PID    Runtime      # DAGs    # Errors  Last Runtime    Last Run
----------------------------------------  -----  ---------  --------  ----------  --------------  -------------------
/opt/airflow/dags/berlin_mss_pipeline.py                           1           0  0.08s           2026-05-24T18:39:34
================================================================================
[2026-05-24T18:40:32.665+0000] {manager.py:878} INFO - 
================================================================================
DAG File Processing Stats

File Path                                 PID    Runtime      # DAGs    # Errors  Last Runtime    Last Run
----------------------------------------  -----  ---------  --------  ----------  --------------  -------------------
/opt/airflow/dags/berlin_mss_pipeline.py                           1           0  0.08s           2026-05-24T18:40:04
================================================================================
[2026-05-24T18:41:02.989+0000] {manager.py:878} INFO - 
================================================================================
DAG File Processing Stats

File Path                                 PID    Runtime      # DAGs    # Errors  Last Runtime    Last Run
----------------------------------------  -----  ---------  --------  ----------  --------------  -------------------
/opt/airflow/dags/berlin_mss_pipeline.py                           1           0  0.08s           2026-05-24T18:40:34
================================================================================
[2026-05-24T19:13:20.718+0000] {manager.py:737} INFO - Searching for files in /opt/airflow/dags
[2026-05-24T19:13:20.723+0000] {manager.py:740} INFO - There are 1 files in /opt/airflow/dags
[2026-05-24T19:13:20.735+0000] {manager.py:878} INFO - 
================================================================================
DAG File Processing Stats

File Path                                   PID  Runtime      # DAGs    # Errors  Last Runtime    Last Run
----------------------------------------  -----  ---------  --------  ----------  --------------  -------------------
/opt/airflow/dags/berlin_mss_pipeline.py    583  0.00s             1           0  0.12s           2026-05-24T18:41:05
================================================================================
[2026-05-24T19:33:34.090+0000] {manager.py:737} INFO - Searching for files in /opt/airflow/dags
[2026-05-24T19:33:34.096+0000] {manager.py:740} INFO - There are 1 files in /opt/airflow/dags
[2026-05-24T19:33:34.120+0000] {manager.py:878} INFO - 
================================================================================
DAG File Processing Stats

File Path                                   PID  Runtime      # DAGs    # Errors  Last Runtime    Last Run
----------------------------------------  -----  ---------  --------  ----------  --------------  -------------------
/opt/airflow/dags/berlin_mss_pipeline.py    588  0.01s             1           0  0.07s           2026-05-24T19:13:20
================================================================================
[2026-05-24T20:30:43.876+0000] {manager.py:737} INFO - Searching for files in /opt/airflow/dags
[2026-05-24T20:30:43.879+0000] {manager.py:740} INFO - There are 1 files in /opt/airflow/dags
[2026-05-24T20:30:44.895+0000] {manager.py:878} INFO - 
================================================================================
DAG File Processing Stats

File Path                                 PID    Runtime      # DAGs    # Errors  Last Runtime    Last Run
----------------------------------------  -----  ---------  --------  ----------  --------------  -------------------
/opt/airflow/dags/berlin_mss_pipeline.py                           1           0  0.08s           2026-05-24T20:30:43
================================================================================
[2026-05-24T20:41:28.602+0000] {manager.py:737} INFO - Searching for files in /opt/airflow/dags
[2026-05-24T20:41:28.609+0000] {manager.py:740} INFO - There are 1 files in /opt/airflow/dags
[2026-05-24T20:41:29.656+0000] {manager.py:878} INFO - 
================================================================================
DAG File Processing Stats

File Path                                 PID    Runtime      # DAGs    # Errors  Last Runtime    Last Run
----------------------------------------  -----  ---------  --------  ----------  --------------  -------------------
/opt/airflow/dags/berlin_mss_pipeline.py                           1           0  0.13s           2026-05-24T20:41:28
================================================================================
[2026-05-24T20:41:59.919+0000] {manager.py:878} INFO - 
================================================================================
DAG File Processing Stats

File Path                                 PID    Runtime      # DAGs    # Errors  Last Runtime    Last Run
----------------------------------------  -----  ---------  --------  ----------  --------------  -------------------
/opt/airflow/dags/berlin_mss_pipeline.py                           1           0  0.08s           2026-05-24T20:41:58
================================================================================
[2026-05-24T20:42:30.285+0000] {manager.py:878} INFO - 
================================================================================
DAG File Processing Stats

File Path                                 PID    Runtime      # DAGs    # Errors  Last Runtime    Last Run
----------------------------------------  -----  ---------  --------  ----------  --------------  -------------------
/opt/airflow/dags/berlin_mss_pipeline.py                           1           0  0.10s           2026-05-24T20:42:29
================================================================================
[2026-05-24T20:43:00.581+0000] {manager.py:878} INFO - 
================================================================================
DAG File Processing Stats

File Path                                 PID    Runtime      # DAGs    # Errors  Last Runtime    Last Run
----------------------------------------  -----  ---------  --------  ----------  --------------  -------------------
/opt/airflow/dags/berlin_mss_pipeline.py                           1           0  0.07s           2026-05-24T20:42:59
================================================================================
[2026-05-24T20:43:30.876+0000] {manager.py:878} INFO - 
================================================================================
DAG File Processing Stats

File Path                                 PID    Runtime      # DAGs    # Errors  Last Runtime    Last Run
----------------------------------------  -----  ---------  --------  ----------  --------------  -------------------
/opt/airflow/dags/berlin_mss_pipeline.py                           1           0  0.08s           2026-05-24T20:43:29
================================================================================
[2026-05-24T20:44:01.164+0000] {manager.py:878} INFO - 
================================================================================
DAG File Processing Stats

File Path                                 PID    Runtime      # DAGs    # Errors  Last Runtime    Last Run
----------------------------------------  -----  ---------  --------  ----------  --------------  -------------------
/opt/airflow/dags/berlin_mss_pipeline.py                           1           0  0.08s           2026-05-24T20:44:00
================================================================================
[2026-05-24T21:40:59.917+0000] {manager.py:737} INFO - Searching for files in /opt/airflow/dags
[2026-05-24T21:40:59.922+0000] {manager.py:740} INFO - There are 1 files in /opt/airflow/dags
[2026-05-24T21:41:02.992+0000] {manager.py:878} INFO - 
================================================================================
DAG File Processing Stats

File Path                                 PID    Runtime      # DAGs    # Errors  Last Runtime    Last Run
----------------------------------------  -----  ---------  --------  ----------  --------------  -------------------
/opt/airflow/dags/berlin_mss_pipeline.py                           1           0  0.09s           2026-05-24T21:41:00
================================================================================
[2026-05-24T22:43:08.769+0000] {manager.py:737} INFO - Searching for files in /opt/airflow/dags
[2026-05-24T22:43:08.773+0000] {manager.py:740} INFO - There are 1 files in /opt/airflow/dags
[2026-05-24T22:43:11.833+0000] {manager.py:878} INFO - 
================================================================================
DAG File Processing Stats

File Path                                 PID    Runtime      # DAGs    # Errors  Last Runtime    Last Run
----------------------------------------  -----  ---------  --------  ----------  --------------  -------------------
/opt/airflow/dags/berlin_mss_pipeline.py                           1           0  0.08s           2026-05-24T22:43:08
================================================================================
[2026-05-24T22:43:42.229+0000] {manager.py:878} INFO - 
================================================================================
DAG File Processing Stats

File Path                                 PID    Runtime      # DAGs    # Errors  Last Runtime    Last Run
----------------------------------------  -----  ---------  --------  ----------  --------------  -------------------
/opt/airflow/dags/berlin_mss_pipeline.py                           1           0  0.09s           2026-05-24T22:43:39
================================================================================
[2026-05-24T22:44:12.660+0000] {manager.py:878} INFO - 
================================================================================
DAG File Processing Stats

File Path                                 PID    Runtime      # DAGs    # Errors  Last Runtime    Last Run
----------------------------------------  -----  ---------  --------  ----------  --------------  -------------------
/opt/airflow/dags/berlin_mss_pipeline.py                           1           0  0.10s           2026-05-24T22:44:09
================================================================================
[2026-05-24T22:44:43.040+0000] {manager.py:878} INFO - 
================================================================================
DAG File Processing Stats

File Path                                 PID    Runtime      # DAGs    # Errors  Last Runtime    Last Run
----------------------------------------  -----  ---------  --------  ----------  --------------  -------------------
/opt/airflow/dags/berlin_mss_pipeline.py                           1           0  0.08s           2026-05-24T22:44:40
================================================================================
[2026-05-24T22:45:13.481+0000] {manager.py:878} INFO - 
================================================================================
DAG File Processing Stats

File Path                                 PID    Runtime      # DAGs    # Errors  Last Runtime    Last Run
----------------------------------------  -----  ---------  --------  ----------  --------------  -------------------
/opt/airflow/dags/berlin_mss_pipeline.py                           1           0  0.08s           2026-05-24T22:45:10
================================================================================
[2026-05-24T22:45:43.949+0000] {manager.py:878} INFO - 
================================================================================
DAG File Processing Stats

File Path                                 PID    Runtime      # DAGs    # Errors  Last Runtime    Last Run
----------------------------------------  -----  ---------  --------  ----------  --------------  -------------------
/opt/airflow/dags/berlin_mss_pipeline.py                           1           0  0.09s           2026-05-24T22:45:40
================================================================================
[2026-05-24T22:46:14.561+0000] {manager.py:878} INFO - 
================================================================================
DAG File Processing Stats

File Path                                 PID    Runtime      # DAGs    # Errors  Last Runtime    Last Run
----------------------------------------  -----  ---------  --------  ----------  --------------  -------------------
/opt/airflow/dags/berlin_mss_pipeline.py                           1           0  0.08s           2026-05-24T22:46:11
================================================================================
[2026-05-24T23:59:21.150+0000] {manager.py:737} INFO - Searching for files in /opt/airflow/dags
[2026-05-24T23:59:21.153+0000] {manager.py:740} INFO - There are 1 files in /opt/airflow/dags
[2026-05-24T23:59:27.241+0000] {manager.py:878} INFO - 
================================================================================
DAG File Processing Stats

File Path                                 PID    Runtime      # DAGs    # Errors  Last Runtime    Last Run
----------------------------------------  -----  ---------  --------  ----------  --------------  -------------------
/opt/airflow/dags/berlin_mss_pipeline.py                           1           0  0.12s           2026-05-24T23:59:21
================================================================================
[2026-05-25T00:16:39.163+0000] {manager.py:737} INFO - Searching for files in /opt/airflow/dags
[2026-05-25T00:16:39.168+0000] {manager.py:740} INFO - There are 1 files in /opt/airflow/dags
[2026-05-25T00:16:45.235+0000] {manager.py:878} INFO - 
================================================================================
DAG File Processing Stats

File Path                                 PID    Runtime      # DAGs    # Errors  Last Runtime    Last Run
----------------------------------------  -----  ---------  --------  ----------  --------------  -------------------
/opt/airflow/dags/berlin_mss_pipeline.py                           1           0  0.08s           2026-05-25T00:16:39
================================================================================
[2026-05-25T00:17:15.649+0000] {manager.py:878} INFO - 
================================================================================
DAG File Processing Stats

File Path                                 PID    Runtime      # DAGs    # Errors  Last Runtime    Last Run
----------------------------------------  -----  ---------  --------  ----------  --------------  -------------------
/opt/airflow/dags/berlin_mss_pipeline.py                           1           0  0.09s           2026-05-25T00:17:09
================================================================================
[2026-05-25T00:17:46.003+0000] {manager.py:878} INFO - 
================================================================================
DAG File Processing Stats

File Path                                 PID    Runtime      # DAGs    # Errors  Last Runtime    Last Run
----------------------------------------  -----  ---------  --------  ----------  --------------  -------------------
/opt/airflow/dags/berlin_mss_pipeline.py                           1           0  0.08s           2026-05-25T00:17:40
================================================================================
[2026-05-25T00:18:16.464+0000] {manager.py:878} INFO - 
================================================================================
DAG File Processing Stats

File Path                                 PID    Runtime      # DAGs    # Errors  Last Runtime    Last Run
----------------------------------------  -----  ---------  --------  ----------  --------------  -------------------
/opt/airflow/dags/berlin_mss_pipeline.py                           1           0  0.08s           2026-05-25T00:18:10
================================================================================
[2026-05-25T00:18:46.846+0000] {manager.py:878} INFO - 
================================================================================
DAG File Processing Stats

File Path                                 PID    Runtime      # DAGs    # Errors  Last Runtime    Last Run
----------------------------------------  -----  ---------  --------  ----------  --------------  -------------------
/opt/airflow/dags/berlin_mss_pipeline.py                           1           0  0.08s           2026-05-25T00:18:40
================================================================================
[2026-05-25T00:19:17.224+0000] {manager.py:878} INFO - 
================================================================================
DAG File Processing Stats

File Path                                 PID    Runtime      # DAGs    # Errors  Last Runtime    Last Run
----------------------------------------  -----  ---------  --------  ----------  --------------  -------------------
/opt/airflow/dags/berlin_mss_pipeline.py                           1           0  0.06s           2026-05-25T00:19:11
================================================================================
[2026-05-25T00:45:30.601+0000] {manager.py:737} INFO - Searching for files in /opt/airflow/dags
[2026-05-25T00:45:30.605+0000] {manager.py:740} INFO - There are 1 files in /opt/airflow/dags
[2026-05-25T00:45:39.709+0000] {manager.py:878} INFO - 
================================================================================
DAG File Processing Stats

File Path                                 PID    Runtime      # DAGs    # Errors  Last Runtime    Last Run
----------------------------------------  -----  ---------  --------  ----------  --------------  -------------------
/opt/airflow/dags/berlin_mss_pipeline.py                           1           0  0.09s           2026-05-25T00:45:30
================================================================================
[2026-05-25T01:31:44.134+0000] {manager.py:737} INFO - Searching for files in /opt/airflow/dags
[2026-05-25T01:31:44.137+0000] {manager.py:740} INFO - There are 1 files in /opt/airflow/dags
[2026-05-25T01:31:53.250+0000] {manager.py:878} INFO - 
================================================================================
DAG File Processing Stats

File Path                                 PID    Runtime      # DAGs    # Errors  Last Runtime    Last Run
----------------------------------------  -----  ---------  --------  ----------  --------------  -------------------
/opt/airflow/dags/berlin_mss_pipeline.py                           1           0  0.09s           2026-05-25T01:31:44
================================================================================
[2026-05-25T02:04:00.465+0000] {manager.py:737} INFO - Searching for files in /opt/airflow/dags
[2026-05-25T02:04:00.467+0000] {manager.py:740} INFO - There are 1 files in /opt/airflow/dags
[2026-05-25T02:04:09.588+0000] {manager.py:878} INFO - 
================================================================================
DAG File Processing Stats

File Path                                 PID    Runtime      # DAGs    # Errors  Last Runtime    Last Run
----------------------------------------  -----  ---------  --------  ----------  --------------  -------------------
/opt/airflow/dags/berlin_mss_pipeline.py                           1           0  0.07s           2026-05-25T02:04:00
================================================================================
[2026-05-25T02:39:39.653+0000] {manager.py:737} INFO - Searching for files in /opt/airflow/dags
[2026-05-25T02:39:39.659+0000] {manager.py:740} INFO - There are 1 files in /opt/airflow/dags
[2026-05-25T02:39:49.778+0000] {manager.py:878} INFO - 
================================================================================
DAG File Processing Stats

File Path                                 PID    Runtime      # DAGs    # Errors  Last Runtime    Last Run
----------------------------------------  -----  ---------  --------  ----------  --------------  -------------------
/opt/airflow/dags/berlin_mss_pipeline.py                           1           0  0.07s           2026-05-25T02:39:39
================================================================================
[2026-05-25T02:40:20.134+0000] {manager.py:878} INFO - 
================================================================================
DAG File Processing Stats

File Path                                 PID    Runtime      # DAGs    # Errors  Last Runtime    Last Run
----------------------------------------  -----  ---------  --------  ----------  --------------  -------------------
/opt/airflow/dags/berlin_mss_pipeline.py                           1           0  0.08s           2026-05-25T02:40:10
================================================================================
[2026-05-25T02:40:50.478+0000] {manager.py:878} INFO - 
================================================================================
DAG File Processing Stats

File Path                                 PID    Runtime      # DAGs    # Errors  Last Runtime    Last Run
----------------------------------------  -----  ---------  --------  ----------  --------------  -------------------
/opt/airflow/dags/berlin_mss_pipeline.py                           1           0  0.08s           2026-05-25T02:40:40
================================================================================
[2026-05-25T02:41:20.793+0000] {manager.py:878} INFO - 
================================================================================
DAG File Processing Stats

File Path                                 PID    Runtime      # DAGs    # Errors  Last Runtime    Last Run
----------------------------------------  -----  ---------  --------  ----------  --------------  -------------------
/opt/airflow/dags/berlin_mss_pipeline.py                           1           0  0.08s           2026-05-25T02:41:10
================================================================================
[2026-05-25T02:41:51.206+0000] {manager.py:878} INFO - 
================================================================================
DAG File Processing Stats

File Path                                 PID    Runtime      # DAGs    # Errors  Last Runtime    Last Run
----------------------------------------  -----  ---------  --------  ----------  --------------  -------------------
/opt/airflow/dags/berlin_mss_pipeline.py                           1           0  0.08s           2026-05-25T02:41:41
================================================================================
[2026-05-25T02:42:21.598+0000] {manager.py:878} INFO - 
================================================================================
DAG File Processing Stats

File Path                                 PID    Runtime      # DAGs    # Errors  Last Runtime    Last Run
----------------------------------------  -----  ---------  --------  ----------  --------------  -------------------
/opt/airflow/dags/berlin_mss_pipeline.py                           1           0  0.08s           2026-05-25T02:42:11
================================================================================
[2026-05-25T02:59:31.438+0000] {manager.py:737} INFO - Searching for files in /opt/airflow/dags
[2026-05-25T02:59:31.445+0000] {manager.py:740} INFO - There are 1 files in /opt/airflow/dags
[2026-05-25T02:59:43.596+0000] {manager.py:878} INFO - 
================================================================================
DAG File Processing Stats

File Path                                 PID    Runtime      # DAGs    # Errors  Last Runtime    Last Run
----------------------------------------  -----  ---------  --------  ----------  --------------  -------------------
/opt/airflow/dags/berlin_mss_pipeline.py                           1           0  0.08s           2026-05-25T02:59:31
================================================================================
[2026-05-25T04:06:38.657+0000] {manager.py:737} INFO - Searching for files in /opt/airflow/dags
[2026-05-25T04:06:38.662+0000] {manager.py:740} INFO - There are 1 files in /opt/airflow/dags
[2026-05-25T04:06:50.846+0000] {manager.py:878} INFO - 
================================================================================
DAG File Processing Stats

File Path                                 PID    Runtime      # DAGs    # Errors  Last Runtime    Last Run
----------------------------------------  -----  ---------  --------  ----------  --------------  -------------------
/opt/airflow/dags/berlin_mss_pipeline.py                           1           0  0.11s           2026-05-25T04:06:38
================================================================================
[2026-05-25T04:07:21.349+0000] {manager.py:878} INFO - 
================================================================================
DAG File Processing Stats

File Path                                 PID    Runtime      # DAGs    # Errors  Last Runtime    Last Run
----------------------------------------  -----  ---------  --------  ----------  --------------  -------------------
/opt/airflow/dags/berlin_mss_pipeline.py                           1           0  0.08s           2026-05-25T04:07:09
================================================================================
[2026-05-25T04:07:51.756+0000] {manager.py:878} INFO - 
================================================================================
DAG File Processing Stats

File Path                                 PID    Runtime      # DAGs    # Errors  Last Runtime    Last Run
----------------------------------------  -----  ---------  --------  ----------  --------------  -------------------
/opt/airflow/dags/berlin_mss_pipeline.py                           1           0  0.08s           2026-05-25T04:07:39
================================================================================
[2026-05-25T04:08:22.188+0000] {manager.py:878} INFO - 
================================================================================
DAG File Processing Stats

File Path                                 PID    Runtime      # DAGs    # Errors  Last Runtime    Last Run
----------------------------------------  -----  ---------  --------  ----------  --------------  -------------------
/opt/airflow/dags/berlin_mss_pipeline.py                           1           0  0.08s           2026-05-25T04:08:10
================================================================================
[2026-05-25T04:08:52.511+0000] {manager.py:878} INFO - 
================================================================================
DAG File Processing Stats

File Path                                 PID    Runtime      # DAGs    # Errors  Last Runtime    Last Run
----------------------------------------  -----  ---------  --------  ----------  --------------  -------------------
/opt/airflow/dags/berlin_mss_pipeline.py                           1           0  0.08s           2026-05-25T04:08:40
================================================================================
[2026-05-25T04:09:22.908+0000] {manager.py:878} INFO - 
================================================================================
DAG File Processing Stats

File Path                                 PID    Runtime      # DAGs    # Errors  Last Runtime    Last Run
----------------------------------------  -----  ---------  --------  ----------  --------------  -------------------
/opt/airflow/dags/berlin_mss_pipeline.py                           1           0  0.08s           2026-05-25T04:09:10
================================================================================
[2026-05-25T04:25:59.800+0000] {manager.py:737} INFO - Searching for files in /opt/airflow/dags
[2026-05-25T04:25:59.808+0000] {manager.py:740} INFO - There are 1 files in /opt/airflow/dags
[2026-05-25T04:26:15.030+0000] {manager.py:878} INFO - 
================================================================================
DAG File Processing Stats

File Path                                 PID    Runtime      # DAGs    # Errors  Last Runtime    Last Run
----------------------------------------  -----  ---------  --------  ----------  --------------  -------------------
/opt/airflow/dags/berlin_mss_pipeline.py                           1           0  0.08s           2026-05-25T04:25:59
================================================================================
[2026-05-25T05:16:37.182+0000] {manager.py:737} INFO - Searching for files in /opt/airflow/dags
[2026-05-25T05:16:37.187+0000] {manager.py:740} INFO - There are 1 files in /opt/airflow/dags
[2026-05-25T05:16:52.381+0000] {manager.py:878} INFO - 
================================================================================
DAG File Processing Stats

File Path                                 PID    Runtime      # DAGs    # Errors  Last Runtime    Last Run
----------------------------------------  -----  ---------  --------  ----------  --------------  -------------------
/opt/airflow/dags/berlin_mss_pipeline.py                           1           0  0.07s           2026-05-25T05:16:37
================================================================================
[2026-05-25T06:10:23.506+0000] {manager.py:737} INFO - Searching for files in /opt/airflow/dags
[2026-05-25T06:10:23.512+0000] {manager.py:740} INFO - There are 1 files in /opt/airflow/dags
[2026-05-25T06:10:38.726+0000] {manager.py:878} INFO - 
================================================================================
DAG File Processing Stats

File Path                                 PID    Runtime      # DAGs    # Errors  Last Runtime    Last Run
----------------------------------------  -----  ---------  --------  ----------  --------------  -------------------
/opt/airflow/dags/berlin_mss_pipeline.py                           1           0  0.08s           2026-05-25T06:10:23
================================================================================
[2026-05-25T06:11:09.160+0000] {manager.py:878} INFO - 
================================================================================
DAG File Processing Stats

File Path                                 PID    Runtime      # DAGs    # Errors  Last Runtime    Last Run
----------------------------------------  -----  ---------  --------  ----------  --------------  -------------------
/opt/airflow/dags/berlin_mss_pipeline.py                           1           0  0.09s           2026-05-25T06:10:54
================================================================================
[2026-05-25T06:11:39.541+0000] {manager.py:878} INFO - 
================================================================================
DAG File Processing Stats

File Path                                 PID    Runtime      # DAGs    # Errors  Last Runtime    Last Run
----------------------------------------  -----  ---------  --------  ----------  --------------  -------------------
/opt/airflow/dags/berlin_mss_pipeline.py                           1           0  0.08s           2026-05-25T06:11:24
================================================================================
[2026-05-25T06:12:09.964+0000] {manager.py:878} INFO - 
================================================================================
DAG File Processing Stats

File Path                                 PID    Runtime      # DAGs    # Errors  Last Runtime    Last Run
----------------------------------------  -----  ---------  --------  ----------  --------------  -------------------
/opt/airflow/dags/berlin_mss_pipeline.py                           1           0  0.09s           2026-05-25T06:11:54
================================================================================
[2026-05-25T06:12:40.388+0000] {manager.py:878} INFO - 
================================================================================
DAG File Processing Stats

File Path                                 PID    Runtime      # DAGs    # Errors  Last Runtime    Last Run
----------------------------------------  -----  ---------  --------  ----------  --------------  -------------------
/opt/airflow/dags/berlin_mss_pipeline.py                           1           0  0.08s           2026-05-25T06:12:25
================================================================================
[2026-05-25T06:13:10.762+0000] {manager.py:878} INFO - 
================================================================================
DAG File Processing Stats

File Path                                 PID    Runtime      # DAGs    # Errors  Last Runtime    Last Run
----------------------------------------  -----  ---------  --------  ----------  --------------  -------------------
/opt/airflow/dags/berlin_mss_pipeline.py                           1           0  0.08s           2026-05-25T06:12:55
================================================================================
[2026-05-25T06:30:31.626+0000] {manager.py:737} INFO - Searching for files in /opt/airflow/dags
[2026-05-25T06:30:31.632+0000] {manager.py:740} INFO - There are 1 files in /opt/airflow/dags
[2026-05-25T06:30:49.832+0000] {manager.py:878} INFO - 
================================================================================
DAG File Processing Stats

File Path                                 PID    Runtime      # DAGs    # Errors  Last Runtime    Last Run
----------------------------------------  -----  ---------  --------  ----------  --------------  -------------------
/opt/airflow/dags/berlin_mss_pipeline.py                           1           0  0.08s           2026-05-25T06:30:31
================================================================================
[2026-05-25T07:17:42.297+0000] {manager.py:737} INFO - Searching for files in /opt/airflow/dags
[2026-05-25T07:17:42.302+0000] {manager.py:740} INFO - There are 1 files in /opt/airflow/dags
[2026-05-25T07:18:00.504+0000] {manager.py:878} INFO - 
================================================================================
DAG File Processing Stats

File Path                                 PID    Runtime      # DAGs    # Errors  Last Runtime    Last Run
----------------------------------------  -----  ---------  --------  ----------  --------------  -------------------
/opt/airflow/dags/berlin_mss_pipeline.py                           1           0  0.09s           2026-05-25T07:17:42
================================================================================
[2026-05-25T08:27:30.354+0000] {manager.py:737} INFO - Searching for files in /opt/airflow/dags
[2026-05-25T08:27:30.360+0000] {manager.py:740} INFO - There are 1 files in /opt/airflow/dags
[2026-05-25T08:27:49.636+0000] {manager.py:878} INFO - 
================================================================================
DAG File Processing Stats

File Path                                 PID    Runtime      # DAGs    # Errors  Last Runtime    Last Run
----------------------------------------  -----  ---------  --------  ----------  --------------  -------------------
/opt/airflow/dags/berlin_mss_pipeline.py                           1           0  0.08s           2026-05-25T08:27:30
================================================================================
[2026-05-25T08:28:20.029+0000] {manager.py:878} INFO - 
================================================================================
DAG File Processing Stats

File Path                                 PID    Runtime      # DAGs    # Errors  Last Runtime    Last Run
----------------------------------------  -----  ---------  --------  ----------  --------------  -------------------
/opt/airflow/dags/berlin_mss_pipeline.py                           1           0  0.08s           2026-05-25T08:28:00
================================================================================
[2026-05-25T08:28:50.437+0000] {manager.py:878} INFO - 
================================================================================
DAG File Processing Stats

File Path                                 PID    Runtime      # DAGs    # Errors  Last Runtime    Last Run
----------------------------------------  -----  ---------  --------  ----------  --------------  -------------------
/opt/airflow/dags/berlin_mss_pipeline.py                           1           0  0.08s           2026-05-25T08:28:31
================================================================================
[2026-05-25T08:29:20.844+0000] {manager.py:878} INFO - 
================================================================================
DAG File Processing Stats

File Path                                 PID    Runtime      # DAGs    # Errors  Last Runtime    Last Run
----------------------------------------  -----  ---------  --------  ----------  --------------  -------------------
/opt/airflow/dags/berlin_mss_pipeline.py                           1           0  0.10s           2026-05-25T08:29:01
================================================================================
[2026-05-25T08:29:51.241+0000] {manager.py:878} INFO - 
================================================================================
DAG File Processing Stats

File Path                                 PID    Runtime      # DAGs    # Errors  Last Runtime    Last Run
----------------------------------------  -----  ---------  --------  ----------  --------------  -------------------
/opt/airflow/dags/berlin_mss_pipeline.py                           1           0  0.09s           2026-05-25T08:29:32
================================================================================
[2026-05-25T08:30:21.564+0000] {manager.py:878} INFO - 
================================================================================
DAG File Processing Stats

File Path                                 PID    Runtime      # DAGs    # Errors  Last Runtime    Last Run
----------------------------------------  -----  ---------  --------  ----------  --------------  -------------------
/opt/airflow/dags/berlin_mss_pipeline.py                           1           0  0.08s           2026-05-25T08:30:02
================================================================================
[2026-05-25T08:39:11.429+0000] {manager.py:737} INFO - Searching for files in /opt/airflow/dags
[2026-05-25T08:39:11.436+0000] {manager.py:740} INFO - There are 1 files in /opt/airflow/dags
[2026-05-25T08:39:32.687+0000] {manager.py:878} INFO - 
================================================================================
DAG File Processing Stats

File Path                                 PID    Runtime      # DAGs    # Errors  Last Runtime    Last Run
----------------------------------------  -----  ---------  --------  ----------  --------------  -------------------
/opt/airflow/dags/berlin_mss_pipeline.py                           1           0  0.08s           2026-05-25T08:39:11
================================================================================
[2026-05-25T09:40:17.544+0000] {manager.py:737} INFO - Searching for files in /opt/airflow/dags
[2026-05-25T09:40:17.548+0000] {manager.py:740} INFO - There are 1 files in /opt/airflow/dags
[2026-05-25T09:40:38.800+0000] {manager.py:878} INFO - 
================================================================================
DAG File Processing Stats

File Path                                 PID    Runtime      # DAGs    # Errors  Last Runtime    Last Run
----------------------------------------  -----  ---------  --------  ----------  --------------  -------------------
/opt/airflow/dags/berlin_mss_pipeline.py                           1           0  0.08s           2026-05-25T09:40:17
================================================================================
[2026-05-25T10:36:04.747+0000] {manager.py:737} INFO - Searching for files in /opt/airflow/dags
[2026-05-25T10:36:04.751+0000] {manager.py:740} INFO - There are 1 files in /opt/airflow/dags
[2026-05-25T10:36:27.052+0000] {manager.py:878} INFO - 
================================================================================
DAG File Processing Stats

File Path                                 PID    Runtime      # DAGs    # Errors  Last Runtime    Last Run
----------------------------------------  -----  ---------  --------  ----------  --------------  -------------------
/opt/airflow/dags/berlin_mss_pipeline.py                           1           0  0.07s           2026-05-25T10:36:04
================================================================================
[2026-05-25T10:41:15.502+0000] {manager.py:737} INFO - Searching for files in /opt/airflow/dags
[2026-05-25T10:41:15.508+0000] {manager.py:740} INFO - There are 1 files in /opt/airflow/dags
[2026-05-25T10:41:37.846+0000] {manager.py:878} INFO - 
================================================================================
DAG File Processing Stats

File Path                                 PID    Runtime      # DAGs    # Errors  Last Runtime    Last Run
----------------------------------------  -----  ---------  --------  ----------  --------------  -------------------
/opt/airflow/dags/berlin_mss_pipeline.py                           1           0  0.10s           2026-05-25T10:41:15
================================================================================
[2026-05-25T10:42:08.275+0000] {manager.py:878} INFO - 
================================================================================
DAG File Processing Stats

File Path                                 PID    Runtime      # DAGs    # Errors  Last Runtime    Last Run
----------------------------------------  -----  ---------  --------  ----------  --------------  -------------------
/opt/airflow/dags/berlin_mss_pipeline.py                           1           0  0.09s           2026-05-25T10:41:46
================================================================================
[2026-05-25T10:42:38.627+0000] {manager.py:878} INFO - 
================================================================================
DAG File Processing Stats

File Path                                 PID    Runtime      # DAGs    # Errors  Last Runtime    Last Run
----------------------------------------  -----  ---------  --------  ----------  --------------  -------------------
/opt/airflow/dags/berlin_mss_pipeline.py                           1           0  0.08s           2026-05-25T10:42:16
================================================================================
[2026-05-25T10:43:08.930+0000] {manager.py:878} INFO - 
================================================================================
DAG File Processing Stats

File Path                                 PID    Runtime      # DAGs    # Errors  Last Runtime    Last Run
----------------------------------------  -----  ---------  --------  ----------  --------------  -------------------
/opt/airflow/dags/berlin_mss_pipeline.py                           1           0  0.09s           2026-05-25T10:42:46
================================================================================
[2026-05-25T10:43:39.252+0000] {manager.py:878} INFO - 
================================================================================
DAG File Processing Stats

File Path                                 PID    Runtime      # DAGs    # Errors  Last Runtime    Last Run
----------------------------------------  -----  ---------  --------  ----------  --------------  -------------------
/opt/airflow/dags/berlin_mss_pipeline.py                           1           0  0.08s           2026-05-25T10:43:17
================================================================================
[2026-05-25T10:44:09.635+0000] {manager.py:878} INFO - 
================================================================================
DAG File Processing Stats

File Path                                 PID    Runtime      # DAGs    # Errors  Last Runtime    Last Run
----------------------------------------  -----  ---------  --------  ----------  --------------  -------------------
/opt/airflow/dags/berlin_mss_pipeline.py                           1           0  0.09s           2026-05-25T10:43:47
================================================================================
[2026-05-25T10:46:12.335+0000] {manager.py:878} INFO - 
================================================================================
DAG File Processing Stats

File Path                                 PID    Runtime      # DAGs    # Errors  Last Runtime    Last Run
----------------------------------------  -----  ---------  --------  ----------  --------------  -------------------
/opt/airflow/dags/berlin_mss_pipeline.py                           1           0  0.20s           2026-05-25T10:45:48
================================================================================
[2026-05-25T10:46:16.357+0000] {manager.py:737} INFO - Searching for files in /opt/airflow/dags
[2026-05-25T10:46:16.362+0000] {manager.py:740} INFO - There are 1 files in /opt/airflow/dags
[2026-05-25T10:46:42.691+0000] {manager.py:878} INFO - 
================================================================================
DAG File Processing Stats

File Path                                 PID    Runtime      # DAGs    # Errors  Last Runtime    Last Run
----------------------------------------  -----  ---------  --------  ----------  --------------  -------------------
/opt/airflow/dags/berlin_mss_pipeline.py                           1           0  0.13s           2026-05-25T10:46:18
================================================================================
[2026-05-25T10:47:12.976+0000] {manager.py:878} INFO - 
================================================================================
DAG File Processing Stats

File Path                                 PID    Runtime      # DAGs    # Errors  Last Runtime    Last Run
----------------------------------------  -----  ---------  --------  ----------  --------------  -------------------
/opt/airflow/dags/berlin_mss_pipeline.py                           1           0  0.08s           2026-05-25T10:46:48
================================================================================
[2026-05-25T10:47:43.299+0000] {manager.py:878} INFO - 
================================================================================
DAG File Processing Stats

File Path                                 PID    Runtime      # DAGs    # Errors  Last Runtime    Last Run
----------------------------------------  -----  ---------  --------  ----------  --------------  -------------------
/opt/airflow/dags/berlin_mss_pipeline.py                           1           0  0.09s           2026-05-25T10:47:19
================================================================================
[2026-05-25T10:48:13.585+0000] {manager.py:878} INFO - 
================================================================================
DAG File Processing Stats

File Path                                 PID    Runtime      # DAGs    # Errors  Last Runtime    Last Run
----------------------------------------  -----  ---------  --------  ----------  --------------  -------------------
/opt/airflow/dags/berlin_mss_pipeline.py                           1           0  0.10s           2026-05-25T10:47:49
================================================================================
[2026-05-25T10:48:43.863+0000] {manager.py:878} INFO - 
================================================================================
DAG File Processing Stats

File Path                                 PID    Runtime      # DAGs    # Errors  Last Runtime    Last Run
----------------------------------------  -----  ---------  --------  ----------  --------------  -------------------
/opt/airflow/dags/berlin_mss_pipeline.py                           1           0  0.08s           2026-05-25T10:48:19
================================================================================
[2026-05-25T10:49:14.159+0000] {manager.py:878} INFO - 
================================================================================
DAG File Processing Stats

File Path                                 PID    Runtime      # DAGs    # Errors  Last Runtime    Last Run
----------------------------------------  -----  ---------  --------  ----------  --------------  -------------------
/opt/airflow/dags/berlin_mss_pipeline.py                           1           0  0.08s           2026-05-25T10:48:50
================================================================================
[2026-05-25T10:49:44.474+0000] {manager.py:878} INFO - 
================================================================================
DAG File Processing Stats

File Path                                 PID    Runtime      # DAGs    # Errors  Last Runtime    Last Run
----------------------------------------  -----  ---------  --------  ----------  --------------  -------------------
/opt/airflow/dags/berlin_mss_pipeline.py                           1           0  0.09s           2026-05-25T10:49:20
================================================================================
[2026-05-25T10:50:14.759+0000] {manager.py:878} INFO - 
================================================================================
DAG File Processing Stats

File Path                                 PID    Runtime      # DAGs    # Errors  Last Runtime    Last Run
----------------------------------------  -----  ---------  --------  ----------  --------------  -------------------
/opt/airflow/dags/berlin_mss_pipeline.py                           1           0  0.09s           2026-05-25T10:49:50
================================================================================
[2026-05-25T10:50:45.034+0000] {manager.py:878} INFO - 
================================================================================
DAG File Processing Stats

File Path                                 PID    Runtime      # DAGs    # Errors  Last Runtime    Last Run
----------------------------------------  -----  ---------  --------  ----------  --------------  -------------------
/opt/airflow/dags/berlin_mss_pipeline.py                           1           0  0.09s           2026-05-25T10:50:20
================================================================================
[2026-05-25T10:51:15.294+0000] {manager.py:878} INFO - 
================================================================================
DAG File Processing Stats

File Path                                 PID    Runtime      # DAGs    # Errors  Last Runtime    Last Run
----------------------------------------  -----  ---------  --------  ----------  --------------  -------------------
/opt/airflow/dags/berlin_mss_pipeline.py                           1           0  0.12s           2026-05-25T10:50:51
================================================================================
[2026-05-25T10:51:17.314+0000] {manager.py:737} INFO - Searching for files in /opt/airflow/dags
[2026-05-25T10:51:17.321+0000] {manager.py:740} INFO - There are 1 files in /opt/airflow/dags
[2026-05-25T10:51:45.577+0000] {manager.py:878} INFO - 
================================================================================
DAG File Processing Stats

File Path                                 PID    Runtime      # DAGs    # Errors  Last Runtime    Last Run
----------------------------------------  -----  ---------  --------  ----------  --------------  -------------------
/opt/airflow/dags/berlin_mss_pipeline.py                           1           0  0.09s           2026-05-25T10:51:21
================================================================================
[2026-05-25T10:52:15.918+0000] {manager.py:878} INFO - 
================================================================================
DAG File Processing Stats

File Path                                 PID    Runtime      # DAGs    # Errors  Last Runtime    Last Run
----------------------------------------  -----  ---------  --------  ----------  --------------  -------------------
/opt/airflow/dags/berlin_mss_pipeline.py                           1           0  0.09s           2026-05-25T10:51:51
================================================================================
[2026-05-25T10:52:46.183+0000] {manager.py:878} INFO - 
================================================================================
DAG File Processing Stats

File Path                                 PID    Runtime      # DAGs    # Errors  Last Runtime    Last Run
----------------------------------------  -----  ---------  --------  ----------  --------------  -------------------
/opt/airflow/dags/berlin_mss_pipeline.py                           1           0  0.09s           2026-05-25T10:52:22
================================================================================
[2026-05-25T10:53:16.468+0000] {manager.py:878} INFO - 
================================================================================
DAG File Processing Stats

File Path                                 PID    Runtime      # DAGs    # Errors  Last Runtime    Last Run
----------------------------------------  -----  ---------  --------  ----------  --------------  -------------------
/opt/airflow/dags/berlin_mss_pipeline.py                           1           0  0.11s           2026-05-25T10:52:52
================================================================================
[2026-05-25T10:53:46.783+0000] {manager.py:878} INFO - 
================================================================================
DAG File Processing Stats

File Path                                 PID    Runtime      # DAGs    # Errors  Last Runtime    Last Run
----------------------------------------  -----  ---------  --------  ----------  --------------  -------------------
/opt/airflow/dags/berlin_mss_pipeline.py                           1           0  0.09s           2026-05-25T10:53:22
================================================================================
[2026-05-25T10:54:17.075+0000] {manager.py:878} INFO - 
================================================================================
DAG File Processing Stats

File Path                                 PID    Runtime      # DAGs    # Errors  Last Runtime    Last Run
----------------------------------------  -----  ---------  --------  ----------  --------------  -------------------
/opt/airflow/dags/berlin_mss_pipeline.py                           1           0  0.09s           2026-05-25T10:53:52
================================================================================
[2026-05-25T10:54:47.339+0000] {manager.py:878} INFO - 
================================================================================
DAG File Processing Stats

File Path                                 PID    Runtime      # DAGs    # Errors  Last Runtime    Last Run
----------------------------------------  -----  ---------  --------  ----------  --------------  -------------------
/opt/airflow/dags/berlin_mss_pipeline.py                           1           0  0.09s           2026-05-25T10:54:23
================================================================================
[2026-05-25T10:55:17.631+0000] {manager.py:878} INFO - 
================================================================================
DAG File Processing Stats

File Path                                 PID    Runtime      # DAGs    # Errors  Last Runtime    Last Run
----------------------------------------  -----  ---------  --------  ----------  --------------  -------------------
/opt/airflow/dags/berlin_mss_pipeline.py                           1           0  0.08s           2026-05-25T10:54:53
================================================================================
[2026-05-25T10:55:47.908+0000] {manager.py:878} INFO - 
================================================================================
DAG File Processing Stats

File Path                                 PID    Runtime      # DAGs    # Errors  Last Runtime    Last Run
----------------------------------------  -----  ---------  --------  ----------  --------------  -------------------
/opt/airflow/dags/berlin_mss_pipeline.py                           1           0  0.13s           2026-05-25T10:55:23
================================================================================
[2026-05-25T10:56:18.213+0000] {manager.py:737} INFO - Searching for files in /opt/airflow/dags
[2026-05-25T10:56:18.222+0000] {manager.py:740} INFO - There are 1 files in /opt/airflow/dags
[2026-05-25T10:56:18.234+0000] {manager.py:878} INFO - 
================================================================================
DAG File Processing Stats

File Path                                 PID    Runtime      # DAGs    # Errors  Last Runtime    Last Run
----------------------------------------  -----  ---------  --------  ----------  --------------  -------------------
/opt/airflow/dags/berlin_mss_pipeline.py                           1           0  0.09s           2026-05-25T10:55:54
================================================================================
[2026-05-25T10:56:48.487+0000] {manager.py:878} INFO - 
================================================================================
DAG File Processing Stats

File Path                                 PID    Runtime      # DAGs    # Errors  Last Runtime    Last Run
----------------------------------------  -----  ---------  --------  ----------  --------------  -------------------
/opt/airflow/dags/berlin_mss_pipeline.py                           1           0  0.08s           2026-05-25T10:56:24
================================================================================
[2026-05-25T10:57:18.787+0000] {manager.py:878} INFO - 
================================================================================
DAG File Processing Stats

File Path                                 PID    Runtime      # DAGs    # Errors  Last Runtime    Last Run
----------------------------------------  -----  ---------  --------  ----------  --------------  -------------------
/opt/airflow/dags/berlin_mss_pipeline.py                           1           0  0.08s           2026-05-25T10:56:54
================================================================================
[2026-05-25T10:57:49.064+0000] {manager.py:878} INFO - 
================================================================================
DAG File Processing Stats

File Path                                 PID    Runtime      # DAGs    # Errors  Last Runtime    Last Run
----------------------------------------  -----  ---------  --------  ----------  --------------  -------------------
/opt/airflow/dags/berlin_mss_pipeline.py                           1           0  0.09s           2026-05-25T10:57:24
================================================================================
[2026-05-25T10:58:19.342+0000] {manager.py:878} INFO - 
================================================================================
DAG File Processing Stats

File Path                                 PID    Runtime      # DAGs    # Errors  Last Runtime    Last Run
----------------------------------------  -----  ---------  --------  ----------  --------------  -------------------
/opt/airflow/dags/berlin_mss_pipeline.py                           1           0  0.10s           2026-05-25T10:57:55
================================================================================
[2026-05-25T10:58:49.627+0000] {manager.py:878} INFO - 
================================================================================
DAG File Processing Stats

File Path                                 PID    Runtime      # DAGs    # Errors  Last Runtime    Last Run
----------------------------------------  -----  ---------  --------  ----------  --------------  -------------------
/opt/airflow/dags/berlin_mss_pipeline.py                           1           0  0.09s           2026-05-25T10:58:25
================================================================================
[2026-05-25T10:59:19.893+0000] {manager.py:878} INFO - 
================================================================================
DAG File Processing Stats

File Path                                 PID    Runtime      # DAGs    # Errors  Last Runtime    Last Run
----------------------------------------  -----  ---------  --------  ----------  --------------  -------------------
/opt/airflow/dags/berlin_mss_pipeline.py                           1           0  0.09s           2026-05-25T10:58:55
================================================================================
[2026-05-25T10:59:50.198+0000] {manager.py:878} INFO - 
================================================================================
DAG File Processing Stats

File Path                                 PID    Runtime      # DAGs    # Errors  Last Runtime    Last Run
----------------------------------------  -----  ---------  --------  ----------  --------------  -------------------
/opt/airflow/dags/berlin_mss_pipeline.py                           1           0  0.06s           2026-05-25T10:59:26
================================================================================
[2026-05-25T11:00:20.498+0000] {manager.py:878} INFO - 
================================================================================
DAG File Processing Stats

File Path                                 PID    Runtime      # DAGs    # Errors  Last Runtime    Last Run
----------------------------------------  -----  ---------  --------  ----------  --------------  -------------------
/opt/airflow/dags/berlin_mss_pipeline.py                           1           0  0.11s           2026-05-25T10:59:56
================================================================================
[2026-05-25T11:00:50.795+0000] {manager.py:878} INFO - 
================================================================================
DAG File Processing Stats

File Path                                 PID    Runtime      # DAGs    # Errors  Last Runtime    Last Run
----------------------------------------  -----  ---------  --------  ----------  --------------  -------------------
/opt/airflow/dags/berlin_mss_pipeline.py                           1           0  0.10s           2026-05-25T11:00:26
================================================================================
[2026-05-25T11:01:19.042+0000] {manager.py:737} INFO - Searching for files in /opt/airflow/dags
[2026-05-25T11:01:19.050+0000] {manager.py:740} INFO - There are 1 files in /opt/airflow/dags
[2026-05-25T11:01:21.079+0000] {manager.py:878} INFO - 
================================================================================
DAG File Processing Stats

File Path                                 PID    Runtime      # DAGs    # Errors  Last Runtime    Last Run
----------------------------------------  -----  ---------  --------  ----------  --------------  -------------------
/opt/airflow/dags/berlin_mss_pipeline.py                           1           0  0.09s           2026-05-25T11:00:56
================================================================================
[2026-05-25T11:01:51.335+0000] {manager.py:878} INFO - 
================================================================================
DAG File Processing Stats

File Path                                 PID    Runtime      # DAGs    # Errors  Last Runtime    Last Run
----------------------------------------  -----  ---------  --------  ----------  --------------  -------------------
/opt/airflow/dags/berlin_mss_pipeline.py                           1           0  0.07s           2026-05-25T11:01:27
================================================================================
[2026-05-25T11:02:21.671+0000] {manager.py:878} INFO - 
================================================================================
DAG File Processing Stats

File Path                                 PID    Runtime      # DAGs    # Errors  Last Runtime    Last Run
----------------------------------------  -----  ---------  --------  ----------  --------------  -------------------
/opt/airflow/dags/berlin_mss_pipeline.py                           1           0  0.13s           2026-05-25T11:01:57
================================================================================
[2026-05-25T11:02:51.988+0000] {manager.py:878} INFO - 
================================================================================
DAG File Processing Stats

File Path                                 PID    Runtime      # DAGs    # Errors  Last Runtime    Last Run
----------------------------------------  -----  ---------  --------  ----------  --------------  -------------------
/opt/airflow/dags/berlin_mss_pipeline.py                           1           0  0.09s           2026-05-25T11:02:27
================================================================================
[2026-05-25T11:03:22.273+0000] {manager.py:878} INFO - 
================================================================================
DAG File Processing Stats

File Path                                 PID    Runtime      # DAGs    # Errors  Last Runtime    Last Run
----------------------------------------  -----  ---------  --------  ----------  --------------  -------------------
/opt/airflow/dags/berlin_mss_pipeline.py                           1           0  0.08s           2026-05-25T11:02:58
================================================================================
[2026-05-25T11:03:52.525+0000] {manager.py:878} INFO - 
================================================================================
DAG File Processing Stats

File Path                                 PID    Runtime      # DAGs    # Errors  Last Runtime    Last Run
----------------------------------------  -----  ---------  --------  ----------  --------------  -------------------
/opt/airflow/dags/berlin_mss_pipeline.py                           1           0  0.09s           2026-05-25T11:03:28
================================================================================
[2026-05-25T11:04:22.799+0000] {manager.py:878} INFO - 
================================================================================
DAG File Processing Stats

File Path                                 PID    Runtime      # DAGs    # Errors  Last Runtime    Last Run
----------------------------------------  -----  ---------  --------  ----------  --------------  -------------------
/opt/airflow/dags/berlin_mss_pipeline.py                           1           0  0.12s           2026-05-25T11:03:58
================================================================================
[2026-05-25T11:04:53.106+0000] {manager.py:878} INFO - 
================================================================================
DAG File Processing Stats

File Path                                 PID    Runtime      # DAGs    # Errors  Last Runtime    Last Run
----------------------------------------  -----  ---------  --------  ----------  --------------  -------------------
/opt/airflow/dags/berlin_mss_pipeline.py                           1           0  0.10s           2026-05-25T11:04:28
================================================================================
[2026-05-25T11:05:23.350+0000] {manager.py:878} INFO - 
================================================================================
DAG File Processing Stats

File Path                                 PID    Runtime      # DAGs    # Errors  Last Runtime    Last Run
----------------------------------------  -----  ---------  --------  ----------  --------------  -------------------
/opt/airflow/dags/berlin_mss_pipeline.py                           1           0  0.09s           2026-05-25T11:04:59
================================================================================
[2026-05-25T11:05:53.621+0000] {manager.py:878} INFO - 
================================================================================
DAG File Processing Stats

File Path                                 PID    Runtime      # DAGs    # Errors  Last Runtime    Last Run
----------------------------------------  -----  ---------  --------  ----------  --------------  -------------------
/opt/airflow/dags/berlin_mss_pipeline.py                           1           0  0.08s           2026-05-25T11:05:29
================================================================================
[2026-05-25T11:06:19.870+0000] {manager.py:737} INFO - Searching for files in /opt/airflow/dags
[2026-05-25T11:06:19.881+0000] {manager.py:740} INFO - There are 1 files in /opt/airflow/dags
[2026-05-25T11:06:23.934+0000] {manager.py:878} INFO - 
================================================================================
DAG File Processing Stats

File Path                                 PID    Runtime      # DAGs    # Errors  Last Runtime    Last Run
----------------------------------------  -----  ---------  --------  ----------  --------------  -------------------
/opt/airflow/dags/berlin_mss_pipeline.py                           1           0  0.08s           2026-05-25T11:05:59
================================================================================
[2026-05-25T11:06:54.208+0000] {manager.py:878} INFO - 
================================================================================
DAG File Processing Stats

File Path                                 PID    Runtime      # DAGs    # Errors  Last Runtime    Last Run
----------------------------------------  -----  ---------  --------  ----------  --------------  -------------------
/opt/airflow/dags/berlin_mss_pipeline.py                           1           0  0.11s           2026-05-25T11:06:30
================================================================================
[2026-05-25T11:07:24.498+0000] {manager.py:878} INFO - 
================================================================================
DAG File Processing Stats

File Path                                 PID    Runtime      # DAGs    # Errors  Last Runtime    Last Run
----------------------------------------  -----  ---------  --------  ----------  --------------  -------------------
/opt/airflow/dags/berlin_mss_pipeline.py                           1           0  0.09s           2026-05-25T11:07:00
================================================================================
[2026-05-25T11:07:54.796+0000] {manager.py:878} INFO - 
================================================================================
DAG File Processing Stats

File Path                                 PID    Runtime      # DAGs    # Errors  Last Runtime    Last Run
----------------------------------------  -----  ---------  --------  ----------  --------------  -------------------
/opt/airflow/dags/berlin_mss_pipeline.py                           1           0  0.09s           2026-05-25T11:07:30
================================================================================
[2026-05-25T11:08:25.104+0000] {manager.py:878} INFO - 
================================================================================
DAG File Processing Stats

File Path                                 PID    Runtime      # DAGs    # Errors  Last Runtime    Last Run
----------------------------------------  -----  ---------  --------  ----------  --------------  -------------------
/opt/airflow/dags/berlin_mss_pipeline.py                           1           0  0.08s           2026-05-25T11:08:00
================================================================================
[2026-05-25T11:08:55.370+0000] {manager.py:878} INFO - 
================================================================================
DAG File Processing Stats

File Path                                 PID    Runtime      # DAGs    # Errors  Last Runtime    Last Run
----------------------------------------  -----  ---------  --------  ----------  --------------  -------------------
/opt/airflow/dags/berlin_mss_pipeline.py                           1           0  0.10s           2026-05-25T11:08:31
================================================================================
[2026-05-25T11:09:25.663+0000] {manager.py:878} INFO - 
================================================================================
DAG File Processing Stats

File Path                                 PID    Runtime      # DAGs    # Errors  Last Runtime    Last Run
----------------------------------------  -----  ---------  --------  ----------  --------------  -------------------
/opt/airflow/dags/berlin_mss_pipeline.py                           1           0  0.09s           2026-05-25T11:09:01
================================================================================
[2026-05-25T11:09:55.934+0000] {manager.py:878} INFO - 
================================================================================
DAG File Processing Stats

File Path                                 PID    Runtime      # DAGs    # Errors  Last Runtime    Last Run
----------------------------------------  -----  ---------  --------  ----------  --------------  -------------------
/opt/airflow/dags/berlin_mss_pipeline.py                           1           0  0.09s           2026-05-25T11:09:31
================================================================================
[2026-05-25T11:10:26.221+0000] {manager.py:878} INFO - 
================================================================================
DAG File Processing Stats

File Path                                 PID    Runtime      # DAGs    # Errors  Last Runtime    Last Run
----------------------------------------  -----  ---------  --------  ----------  --------------  -------------------
/opt/airflow/dags/berlin_mss_pipeline.py                           1           0  0.09s           2026-05-25T11:10:02
================================================================================
[2026-05-25T11:10:56.493+0000] {manager.py:878} INFO - 
================================================================================
DAG File Processing Stats

File Path                                 PID    Runtime      # DAGs    # Errors  Last Runtime    Last Run
----------------------------------------  -----  ---------  --------  ----------  --------------  -------------------
/opt/airflow/dags/berlin_mss_pipeline.py                           1           0  0.08s           2026-05-25T11:10:32
================================================================================
[2026-05-25T11:11:20.759+0000] {manager.py:737} INFO - Searching for files in /opt/airflow/dags
[2026-05-25T11:11:20.764+0000] {manager.py:740} INFO - There are 1 files in /opt/airflow/dags
[2026-05-25T11:11:26.819+0000] {manager.py:878} INFO - 
================================================================================
DAG File Processing Stats

File Path                                 PID    Runtime      # DAGs    # Errors  Last Runtime    Last Run
----------------------------------------  -----  ---------  --------  ----------  --------------  -------------------
/opt/airflow/dags/berlin_mss_pipeline.py                           1           0  0.08s           2026-05-25T11:11:02
================================================================================
[2026-05-25T11:11:57.064+0000] {manager.py:878} INFO - 
================================================================================
DAG File Processing Stats

File Path                                 PID    Runtime      # DAGs    # Errors  Last Runtime    Last Run
----------------------------------------  -----  ---------  --------  ----------  --------------  -------------------
/opt/airflow/dags/berlin_mss_pipeline.py                           1           0  0.09s           2026-05-25T11:11:32
================================================================================
[2026-05-25T11:12:27.387+0000] {manager.py:878} INFO - 
================================================================================
DAG File Processing Stats

File Path                                 PID    Runtime      # DAGs    # Errors  Last Runtime    Last Run
----------------------------------------  -----  ---------  --------  ----------  --------------  -------------------
/opt/airflow/dags/berlin_mss_pipeline.py                           1           0  0.09s           2026-05-25T11:12:03
================================================================================
[2026-05-25T11:12:57.669+0000] {manager.py:878} INFO - 
================================================================================
DAG File Processing Stats

File Path                                 PID    Runtime      # DAGs    # Errors  Last Runtime    Last Run
----------------------------------------  -----  ---------  --------  ----------  --------------  -------------------
/opt/airflow/dags/berlin_mss_pipeline.py                           1           0  0.09s           2026-05-25T11:12:33
================================================================================
[2026-05-25T11:13:27.971+0000] {manager.py:878} INFO - 
================================================================================
DAG File Processing Stats

File Path                                 PID    Runtime      # DAGs    # Errors  Last Runtime    Last Run
----------------------------------------  -----  ---------  --------  ----------  --------------  -------------------
/opt/airflow/dags/berlin_mss_pipeline.py                           1           0  0.09s           2026-05-25T11:13:03
================================================================================
[2026-05-25T11:13:58.317+0000] {manager.py:878} INFO - 
================================================================================
DAG File Processing Stats

File Path                                 PID    Runtime      # DAGs    # Errors  Last Runtime    Last Run
----------------------------------------  -----  ---------  --------  ----------  --------------  -------------------
/opt/airflow/dags/berlin_mss_pipeline.py                           1           0  0.15s           2026-05-25T11:13:34
================================================================================
[2026-05-25T11:14:28.584+0000] {manager.py:878} INFO - 
================================================================================
DAG File Processing Stats

File Path                                 PID    Runtime      # DAGs    # Errors  Last Runtime    Last Run
----------------------------------------  -----  ---------  --------  ----------  --------------  -------------------
/opt/airflow/dags/berlin_mss_pipeline.py                           1           0  0.08s           2026-05-25T11:14:04
================================================================================
[2026-05-25T11:14:58.930+0000] {manager.py:878} INFO - 
================================================================================
DAG File Processing Stats

File Path                                 PID    Runtime      # DAGs    # Errors  Last Runtime    Last Run
----------------------------------------  -----  ---------  --------  ----------  --------------  -------------------
/opt/airflow/dags/berlin_mss_pipeline.py                           1           0  0.07s           2026-05-25T11:14:34
================================================================================
[2026-05-25T11:15:29.265+0000] {manager.py:878} INFO - 
================================================================================
DAG File Processing Stats

File Path                                 PID    Runtime      # DAGs    # Errors  Last Runtime    Last Run
----------------------------------------  -----  ---------  --------  ----------  --------------  -------------------
/opt/airflow/dags/berlin_mss_pipeline.py                           1           0  0.08s           2026-05-25T11:15:05
================================================================================
[2026-05-25T11:15:59.642+0000] {manager.py:878} INFO - 
================================================================================
DAG File Processing Stats

File Path                                 PID    Runtime      # DAGs    # Errors  Last Runtime    Last Run
----------------------------------------  -----  ---------  --------  ----------  --------------  -------------------
/opt/airflow/dags/berlin_mss_pipeline.py                           1           0  0.12s           2026-05-25T11:15:35
================================================================================
[2026-05-25T11:16:20.876+0000] {manager.py:737} INFO - Searching for files in /opt/airflow/dags
[2026-05-25T11:16:20.884+0000] {manager.py:740} INFO - There are 1 files in /opt/airflow/dags
[2026-05-25T11:16:29.989+0000] {manager.py:878} INFO - 
================================================================================
DAG File Processing Stats

File Path                                 PID    Runtime      # DAGs    # Errors  Last Runtime    Last Run
----------------------------------------  -----  ---------  --------  ----------  --------------  -------------------
/opt/airflow/dags/berlin_mss_pipeline.py                           1           0  0.09s           2026-05-25T11:16:05
================================================================================
[2026-05-25T11:17:00.269+0000] {manager.py:878} INFO - 
================================================================================
DAG File Processing Stats

File Path                                 PID    Runtime      # DAGs    # Errors  Last Runtime    Last Run
----------------------------------------  -----  ---------  --------  ----------  --------------  -------------------
/opt/airflow/dags/berlin_mss_pipeline.py                           1           0  0.15s           2026-05-25T11:16:36
================================================================================
[2026-05-25T11:17:30.556+0000] {manager.py:878} INFO - 
================================================================================
DAG File Processing Stats

File Path                                 PID    Runtime      # DAGs    # Errors  Last Runtime    Last Run
----------------------------------------  -----  ---------  --------  ----------  --------------  -------------------
/opt/airflow/dags/berlin_mss_pipeline.py                           1           0  0.09s           2026-05-25T11:17:06
================================================================================
[2026-05-25T11:18:00.846+0000] {manager.py:878} INFO - 
================================================================================
DAG File Processing Stats

File Path                                 PID    Runtime      # DAGs    # Errors  Last Runtime    Last Run
----------------------------------------  -----  ---------  --------  ----------  --------------  -------------------
/opt/airflow/dags/berlin_mss_pipeline.py                           1           0  0.09s           2026-05-25T11:17:36
================================================================================
[2026-05-25T11:18:31.167+0000] {manager.py:878} INFO - 
================================================================================
DAG File Processing Stats

File Path                                 PID    Runtime      # DAGs    # Errors  Last Runtime    Last Run
----------------------------------------  -----  ---------  --------  ----------  --------------  -------------------
/opt/airflow/dags/berlin_mss_pipeline.py                           1           0  0.09s           2026-05-25T11:18:06
================================================================================
[2026-05-25T11:19:01.491+0000] {manager.py:878} INFO - 
================================================================================
DAG File Processing Stats

File Path                                 PID    Runtime      # DAGs    # Errors  Last Runtime    Last Run
----------------------------------------  -----  ---------  --------  ----------  --------------  -------------------
/opt/airflow/dags/berlin_mss_pipeline.py                           1           0  0.09s           2026-05-25T11:18:37
================================================================================
[2026-05-25T11:24:21.600+0000] {manager.py:737} INFO - Searching for files in /opt/airflow/dags
[2026-05-25T11:24:21.607+0000] {manager.py:740} INFO - There are 1 files in /opt/airflow/dags
[2026-05-25T11:24:34.779+0000] {manager.py:878} INFO - 
================================================================================
DAG File Processing Stats

File Path                                 PID    Runtime      # DAGs    # Errors  Last Runtime    Last Run
----------------------------------------  -----  ---------  --------  ----------  --------------  -------------------
/opt/airflow/dags/berlin_mss_pipeline.py                           1           0  0.08s           2026-05-25T11:24:21
================================================================================
[2026-05-25T11:40:51.661+0000] {manager.py:737} INFO - Searching for files in /opt/airflow/dags
[2026-05-25T11:40:51.666+0000] {manager.py:740} INFO - There are 1 files in /opt/airflow/dags
[2026-05-25T11:41:05.880+0000] {manager.py:878} INFO - 
================================================================================
DAG File Processing Stats

File Path                                 PID    Runtime      # DAGs    # Errors  Last Runtime    Last Run
----------------------------------------  -----  ---------  --------  ----------  --------------  -------------------
/opt/airflow/dags/berlin_mss_pipeline.py                           1           0  0.07s           2026-05-25T11:40:51
================================================================================
[2026-05-25T11:41:36.224+0000] {manager.py:878} INFO - 
================================================================================
DAG File Processing Stats

File Path                                 PID    Runtime      # DAGs    # Errors  Last Runtime    Last Run
----------------------------------------  -----  ---------  --------  ----------  --------------  -------------------
/opt/airflow/dags/berlin_mss_pipeline.py                           1           0  0.09s           2026-05-25T11:41:22
================================================================================
[2026-05-25T11:42:06.522+0000] {manager.py:878} INFO - 
================================================================================
DAG File Processing Stats

File Path                                 PID    Runtime      # DAGs    # Errors  Last Runtime    Last Run
----------------------------------------  -----  ---------  --------  ----------  --------------  -------------------
/opt/airflow/dags/berlin_mss_pipeline.py                           1           0  0.09s           2026-05-25T11:41:52
================================================================================
[2026-05-25T11:42:36.889+0000] {manager.py:878} INFO - 
================================================================================
DAG File Processing Stats

File Path                                 PID    Runtime      # DAGs    # Errors  Last Runtime    Last Run
----------------------------------------  -----  ---------  --------  ----------  --------------  -------------------
/opt/airflow/dags/berlin_mss_pipeline.py                           1           0  0.07s           2026-05-25T11:42:22
================================================================================
[2026-05-25T11:43:07.307+0000] {manager.py:878} INFO - 
================================================================================
DAG File Processing Stats

File Path                                 PID    Runtime      # DAGs    # Errors  Last Runtime    Last Run
----------------------------------------  -----  ---------  --------  ----------  --------------  -------------------
/opt/airflow/dags/berlin_mss_pipeline.py                           1           0  0.08s           2026-05-25T11:42:53
================================================================================
[2026-05-25T11:43:37.667+0000] {manager.py:878} INFO - 
================================================================================
DAG File Processing Stats

File Path                                 PID    Runtime      # DAGs    # Errors  Last Runtime    Last Run
----------------------------------------  -----  ---------  --------  ----------  --------------  -------------------
/opt/airflow/dags/berlin_mss_pipeline.py                           1           0  0.08s           2026-05-25T11:43:23
================================================================================
[2026-05-25T12:32:43.309+0000] {manager.py:737} INFO - Searching for files in /opt/airflow/dags
[2026-05-25T12:32:43.315+0000] {manager.py:740} INFO - There are 1 files in /opt/airflow/dags
[2026-05-25T12:32:59.535+0000] {manager.py:878} INFO - 
================================================================================
DAG File Processing Stats

File Path                                 PID    Runtime      # DAGs    # Errors  Last Runtime    Last Run
----------------------------------------  -----  ---------  --------  ----------  --------------  -------------------
/opt/airflow/dags/berlin_mss_pipeline.py                           1           0  0.11s           2026-05-25T12:32:43
================================================================================
[2026-05-25T12:34:45.975+0000] {manager.py:878} INFO - 
================================================================================
DAG File Processing Stats

File Path                                 PID    Runtime      # DAGs    # Errors  Last Runtime    Last Run
----------------------------------------  -----  ---------  --------  ----------  --------------  -------------------
/opt/airflow/dags/berlin_mss_pipeline.py                           1           0  0.09s           2026-05-25T12:34:29
================================================================================
[2026-05-25T12:46:50.883+0000] {manager.py:737} INFO - Searching for files in /opt/airflow/dags
[2026-05-25T12:46:50.891+0000] {manager.py:740} INFO - There are 1 files in /opt/airflow/dags
[2026-05-25T12:47:08.093+0000] {manager.py:878} INFO - 
================================================================================
DAG File Processing Stats

File Path                                 PID    Runtime      # DAGs    # Errors  Last Runtime    Last Run
----------------------------------------  -----  ---------  --------  ----------  --------------  -------------------
/opt/airflow/dags/berlin_mss_pipeline.py                           1           0  0.09s           2026-05-25T12:46:50
================================================================================
[2026-05-25T13:01:03.984+0000] {manager.py:737} INFO - Searching for files in /opt/airflow/dags
[2026-05-25T13:01:03.990+0000] {manager.py:740} INFO - There are 1 files in /opt/airflow/dags
[2026-05-25T13:01:21.257+0000] {manager.py:878} INFO - 
================================================================================
DAG File Processing Stats

File Path                                 PID    Runtime      # DAGs    # Errors  Last Runtime    Last Run
----------------------------------------  -----  ---------  --------  ----------  --------------  -------------------
/opt/airflow/dags/berlin_mss_pipeline.py                           1           0  0.08s           2026-05-25T13:01:04
================================================================================
[2026-05-25T13:54:36.260+0000] {manager.py:737} INFO - Searching for files in /opt/airflow/dags
[2026-05-25T13:54:36.265+0000] {manager.py:740} INFO - There are 1 files in /opt/airflow/dags
[2026-05-25T13:54:54.490+0000] {manager.py:878} INFO - 
================================================================================
DAG File Processing Stats

File Path                                 PID    Runtime      # DAGs    # Errors  Last Runtime    Last Run
----------------------------------------  -----  ---------  --------  ----------  --------------  -------------------
/opt/airflow/dags/berlin_mss_pipeline.py                           1           0  0.10s           2026-05-25T13:54:36
================================================================================
[2026-05-25T14:12:28.358+0000] {manager.py:737} INFO - Searching for files in /opt/airflow/dags
[2026-05-25T14:12:28.363+0000] {manager.py:740} INFO - There are 1 files in /opt/airflow/dags
[2026-05-25T14:12:46.605+0000] {manager.py:878} INFO - 
================================================================================
DAG File Processing Stats

File Path                                 PID    Runtime      # DAGs    # Errors  Last Runtime    Last Run
----------------------------------------  -----  ---------  --------  ----------  --------------  -------------------
/opt/airflow/dags/berlin_mss_pipeline.py                           1           0  0.08s           2026-05-25T14:12:28
================================================================================
[2026-05-25T15:19:55.343+0000] {manager.py:737} INFO - Searching for files in /opt/airflow/dags
[2026-05-25T15:19:55.346+0000] {manager.py:740} INFO - There are 1 files in /opt/airflow/dags
[2026-05-25T15:20:13.597+0000] {manager.py:878} INFO - 
================================================================================
DAG File Processing Stats

File Path                                 PID    Runtime      # DAGs    # Errors  Last Runtime    Last Run
----------------------------------------  -----  ---------  --------  ----------  --------------  -------------------
/opt/airflow/dags/berlin_mss_pipeline.py                           1           0  0.06s           2026-05-25T15:19:55
================================================================================
[2026-05-25T15:20:44.119+0000] {manager.py:878} INFO - 
================================================================================
DAG File Processing Stats

File Path                                 PID    Runtime      # DAGs    # Errors  Last Runtime    Last Run
----------------------------------------  -----  ---------  --------  ----------  --------------  -------------------
/opt/airflow/dags/berlin_mss_pipeline.py                           1           0  0.12s           2026-05-25T15:20:26
================================================================================
[2026-05-25T15:48:47.404+0000] {manager.py:737} INFO - Searching for files in /opt/airflow/dags
[2026-05-25T15:48:47.410+0000] {manager.py:740} INFO - There are 1 files in /opt/airflow/dags
[2026-05-25T15:49:06.628+0000] {manager.py:878} INFO - 
================================================================================
DAG File Processing Stats

File Path                                 PID    Runtime      # DAGs    # Errors  Last Runtime    Last Run
----------------------------------------  -----  ---------  --------  ----------  --------------  -------------------
/opt/airflow/dags/berlin_mss_pipeline.py                           1           0  0.11s           2026-05-25T15:48:47
================================================================================
[2026-05-25T15:49:36.974+0000] {manager.py:878} INFO - 
================================================================================
DAG File Processing Stats

File Path                                 PID    Runtime      # DAGs    # Errors  Last Runtime    Last Run
----------------------------------------  -----  ---------  --------  ----------  --------------  -------------------
/opt/airflow/dags/berlin_mss_pipeline.py                           1           0  0.14s           2026-05-25T15:49:17
================================================================================
[2026-05-25T15:50:07.367+0000] {manager.py:878} INFO - 
================================================================================
DAG File Processing Stats

File Path                                 PID    Runtime      # DAGs    # Errors  Last Runtime    Last Run
----------------------------------------  -----  ---------  --------  ----------  --------------  -------------------
/opt/airflow/dags/berlin_mss_pipeline.py                           1           0  0.09s           2026-05-25T15:49:48
================================================================================
[2026-05-25T15:50:37.693+0000] {manager.py:878} INFO - 
================================================================================
DAG File Processing Stats

File Path                                 PID    Runtime      # DAGs    # Errors  Last Runtime    Last Run
----------------------------------------  -----  ---------  --------  ----------  --------------  -------------------
/opt/airflow/dags/berlin_mss_pipeline.py                           1           0  0.12s           2026-05-25T15:50:18
================================================================================
[2026-05-25T15:51:08.017+0000] {manager.py:878} INFO - 
================================================================================
DAG File Processing Stats

File Path                                 PID    Runtime      # DAGs    # Errors  Last Runtime    Last Run
----------------------------------------  -----  ---------  --------  ----------  --------------  -------------------
/opt/airflow/dags/berlin_mss_pipeline.py                           1           0  0.08s           2026-05-25T15:50:48
================================================================================
[2026-05-25T15:51:38.306+0000] {manager.py:878} INFO - 
================================================================================
DAG File Processing Stats

File Path                                 PID    Runtime      # DAGs    # Errors  Last Runtime    Last Run
----------------------------------------  -----  ---------  --------  ----------  --------------  -------------------
/opt/airflow/dags/berlin_mss_pipeline.py                           1           0  0.09s           2026-05-25T15:51:19
================================================================================
[2026-05-25T15:52:08.633+0000] {manager.py:878} INFO - 
================================================================================
DAG File Processing Stats

File Path                                 PID    Runtime      # DAGs    # Errors  Last Runtime    Last Run
----------------------------------------  -----  ---------  --------  ----------  --------------  -------------------
/opt/airflow/dags/berlin_mss_pipeline.py                           1           0  0.11s           2026-05-25T15:51:49
================================================================================
[2026-05-25T15:52:38.998+0000] {manager.py:878} INFO - 
================================================================================
DAG File Processing Stats

File Path                                 PID    Runtime      # DAGs    # Errors  Last Runtime    Last Run
----------------------------------------  -----  ---------  --------  ----------  --------------  -------------------
/opt/airflow/dags/berlin_mss_pipeline.py                           1           0  0.10s           2026-05-25T15:52:19
================================================================================
[2026-05-25T15:53:09.285+0000] {manager.py:878} INFO - 
================================================================================
DAG File Processing Stats

File Path                                 PID    Runtime      # DAGs    # Errors  Last Runtime    Last Run
----------------------------------------  -----  ---------  --------  ----------  --------------  -------------------
/opt/airflow/dags/berlin_mss_pipeline.py                           1           0  0.08s           2026-05-25T15:52:50
================================================================================
[2026-05-25T15:53:39.655+0000] {manager.py:878} INFO - 
================================================================================
DAG File Processing Stats

File Path                                 PID    Runtime      # DAGs    # Errors  Last Runtime    Last Run
----------------------------------------  -----  ---------  --------  ----------  --------------  -------------------
/opt/airflow/dags/berlin_mss_pipeline.py                           1           0  0.08s           2026-05-25T15:53:20
================================================================================
[2026-05-25T15:53:47.737+0000] {manager.py:737} INFO - Searching for files in /opt/airflow/dags
[2026-05-25T15:53:47.746+0000] {manager.py:740} INFO - There are 1 files in /opt/airflow/dags
[2026-05-25T15:54:09.959+0000] {manager.py:878} INFO - 
================================================================================
DAG File Processing Stats

File Path                                 PID    Runtime      # DAGs    # Errors  Last Runtime    Last Run
----------------------------------------  -----  ---------  --------  ----------  --------------  -------------------
/opt/airflow/dags/berlin_mss_pipeline.py                           1           0  0.08s           2026-05-25T15:53:50
================================================================================
[2026-05-25T15:54:40.248+0000] {manager.py:878} INFO - 
================================================================================
DAG File Processing Stats

File Path                                 PID    Runtime      # DAGs    # Errors  Last Runtime    Last Run
----------------------------------------  -----  ---------  --------  ----------  --------------  -------------------
/opt/airflow/dags/berlin_mss_pipeline.py                           1           0  0.08s           2026-05-25T15:54:21
================================================================================
[2026-05-25T15:55:10.561+0000] {manager.py:878} INFO - 
================================================================================
DAG File Processing Stats

File Path                                 PID    Runtime      # DAGs    # Errors  Last Runtime    Last Run
----------------------------------------  -----  ---------  --------  ----------  --------------  -------------------
/opt/airflow/dags/berlin_mss_pipeline.py                           1           0  0.10s           2026-05-25T15:54:51
================================================================================
[2026-05-25T15:58:48.077+0000] {manager.py:737} INFO - Searching for files in /opt/airflow/dags
[2026-05-25T15:58:48.084+0000] {manager.py:740} INFO - There are 1 files in /opt/airflow/dags
[2026-05-25T15:58:51.131+0000] {manager.py:878} INFO - 
================================================================================
DAG File Processing Stats

File Path                                 PID    Runtime      # DAGs    # Errors  Last Runtime    Last Run
----------------------------------------  -----  ---------  --------  ----------  --------------  -------------------
/opt/airflow/dags/berlin_mss_pipeline.py                           1           0  0.10s           2026-05-25T15:58:28
================================================================================
[2026-05-25T15:59:21.445+0000] {manager.py:878} INFO - 
================================================================================
DAG File Processing Stats

File Path                                 PID    Runtime      # DAGs    # Errors  Last Runtime    Last Run
----------------------------------------  -----  ---------  --------  ----------  --------------  -------------------
/opt/airflow/dags/berlin_mss_pipeline.py                           1           0  0.08s           2026-05-25T15:58:58
================================================================================
[2026-05-25T15:59:51.715+0000] {manager.py:878} INFO - 
================================================================================
DAG File Processing Stats

File Path                                 PID    Runtime      # DAGs    # Errors  Last Runtime    Last Run
----------------------------------------  -----  ---------  --------  ----------  --------------  -------------------
/opt/airflow/dags/berlin_mss_pipeline.py                           1           0  0.08s           2026-05-25T15:59:28
================================================================================
[2026-05-25T16:00:21.998+0000] {manager.py:878} INFO - 
================================================================================
DAG File Processing Stats

File Path                                 PID    Runtime      # DAGs    # Errors  Last Runtime    Last Run
----------------------------------------  -----  ---------  --------  ----------  --------------  -------------------
/opt/airflow/dags/berlin_mss_pipeline.py                           1           0  0.08s           2026-05-25T15:59:58
================================================================================
[2026-05-25T16:00:52.293+0000] {manager.py:878} INFO - 
================================================================================
DAG File Processing Stats

File Path                                 PID    Runtime      # DAGs    # Errors  Last Runtime    Last Run
----------------------------------------  -----  ---------  --------  ----------  --------------  -------------------
/opt/airflow/dags/berlin_mss_pipeline.py                           1           0  0.14s           2026-05-25T16:00:29
================================================================================
[2026-05-25T16:01:22.667+0000] {manager.py:878} INFO - 
================================================================================
DAG File Processing Stats

File Path                                 PID    Runtime      # DAGs    # Errors  Last Runtime    Last Run
----------------------------------------  -----  ---------  --------  ----------  --------------  -------------------
/opt/airflow/dags/berlin_mss_pipeline.py                           1           0  0.12s           2026-05-25T16:00:59
================================================================================
[2026-05-25T16:01:52.956+0000] {manager.py:878} INFO - 
================================================================================
DAG File Processing Stats

File Path                                 PID    Runtime      # DAGs    # Errors  Last Runtime    Last Run
----------------------------------------  -----  ---------  --------  ----------  --------------  -------------------
/opt/airflow/dags/berlin_mss_pipeline.py                           1           0  0.08s           2026-05-25T16:01:29
================================================================================
[2026-05-25T16:02:23.251+0000] {manager.py:878} INFO - 
================================================================================
DAG File Processing Stats

File Path                                 PID    Runtime      # DAGs    # Errors  Last Runtime    Last Run
----------------------------------------  -----  ---------  --------  ----------  --------------  -------------------
/opt/airflow/dags/berlin_mss_pipeline.py                           1           0  0.12s           2026-05-25T16:02:00
================================================================================
[2026-05-25T16:02:53.547+0000] {manager.py:878} INFO - 
================================================================================
DAG File Processing Stats

File Path                                 PID    Runtime      # DAGs    # Errors  Last Runtime    Last Run
----------------------------------------  -----  ---------  --------  ----------  --------------  -------------------
/opt/airflow/dags/berlin_mss_pipeline.py                           1           0  0.14s           2026-05-25T16:02:30
================================================================================
[2026-05-25T16:03:23.893+0000] {manager.py:878} INFO - 
================================================================================
DAG File Processing Stats

File Path                                 PID    Runtime      # DAGs    # Errors  Last Runtime    Last Run
----------------------------------------  -----  ---------  --------  ----------  --------------  -------------------
/opt/airflow/dags/berlin_mss_pipeline.py                           1           0  0.09s           2026-05-25T16:03:00
================================================================================
[2026-05-25T16:03:48.133+0000] {manager.py:737} INFO - Searching for files in /opt/airflow/dags
[2026-05-25T16:03:48.139+0000] {manager.py:740} INFO - There are 1 files in /opt/airflow/dags
[2026-05-25T16:03:54.211+0000] {manager.py:878} INFO - 
================================================================================
DAG File Processing Stats

File Path                                 PID    Runtime      # DAGs    # Errors  Last Runtime    Last Run
----------------------------------------  -----  ---------  --------  ----------  --------------  -------------------
/opt/airflow/dags/berlin_mss_pipeline.py                           1           0  0.12s           2026-05-25T16:03:31
================================================================================
[2026-05-25T16:04:24.521+0000] {manager.py:878} INFO - 
================================================================================
DAG File Processing Stats

File Path                                 PID    Runtime      # DAGs    # Errors  Last Runtime    Last Run
----------------------------------------  -----  ---------  --------  ----------  --------------  -------------------
/opt/airflow/dags/berlin_mss_pipeline.py                           1           0  0.08s           2026-05-25T16:04:01
================================================================================
[2026-05-25T16:04:54.820+0000] {manager.py:878} INFO - 
================================================================================
DAG File Processing Stats

File Path                                 PID    Runtime      # DAGs    # Errors  Last Runtime    Last Run
----------------------------------------  -----  ---------  --------  ----------  --------------  -------------------
/opt/airflow/dags/berlin_mss_pipeline.py                           1           0  0.12s           2026-05-25T16:04:31
================================================================================
[2026-05-25T16:05:25.153+0000] {manager.py:878} INFO - 
================================================================================
DAG File Processing Stats

File Path                                 PID    Runtime      # DAGs    # Errors  Last Runtime    Last Run
----------------------------------------  -----  ---------  --------  ----------  --------------  -------------------
/opt/airflow/dags/berlin_mss_pipeline.py                           1           0  0.07s           2026-05-25T16:05:01
================================================================================
[2026-05-25T16:05:55.412+0000] {manager.py:878} INFO - 
================================================================================
DAG File Processing Stats

File Path                                 PID    Runtime      # DAGs    # Errors  Last Runtime    Last Run
----------------------------------------  -----  ---------  --------  ----------  --------------  -------------------
/opt/airflow/dags/berlin_mss_pipeline.py                           1           0  0.06s           2026-05-25T16:05:32
================================================================================
[2026-05-25T16:06:25.745+0000] {manager.py:878} INFO - 
================================================================================
DAG File Processing Stats

File Path                                 PID    Runtime      # DAGs    # Errors  Last Runtime    Last Run
----------------------------------------  -----  ---------  --------  ----------  --------------  -------------------
/opt/airflow/dags/berlin_mss_pipeline.py                           1           0  0.09s           2026-05-25T16:06:02
================================================================================
[2026-05-25T16:06:56.060+0000] {manager.py:878} INFO - 
================================================================================
DAG File Processing Stats

File Path                                 PID    Runtime      # DAGs    # Errors  Last Runtime    Last Run
----------------------------------------  -----  ---------  --------  ----------  --------------  -------------------
/opt/airflow/dags/berlin_mss_pipeline.py                           1           0  0.08s           2026-05-25T16:06:32
================================================================================
[2026-05-25T16:07:26.442+0000] {manager.py:878} INFO - 
================================================================================
DAG File Processing Stats

File Path                                 PID    Runtime      # DAGs    # Errors  Last Runtime    Last Run
----------------------------------------  -----  ---------  --------  ----------  --------------  -------------------
/opt/airflow/dags/berlin_mss_pipeline.py                           1           0  0.08s           2026-05-25T16:07:03
================================================================================
[2026-05-25T16:07:56.734+0000] {manager.py:878} INFO - 
================================================================================
DAG File Processing Stats

File Path                                 PID    Runtime      # DAGs    # Errors  Last Runtime    Last Run
----------------------------------------  -----  ---------  --------  ----------  --------------  -------------------
/opt/airflow/dags/berlin_mss_pipeline.py                           1           0  0.08s           2026-05-25T16:07:33
================================================================================
[2026-05-25T16:08:27.041+0000] {manager.py:878} INFO - 
================================================================================
DAG File Processing Stats

File Path                                 PID    Runtime      # DAGs    # Errors  Last Runtime    Last Run
----------------------------------------  -----  ---------  --------  ----------  --------------  -------------------
/opt/airflow/dags/berlin_mss_pipeline.py                           1           0  0.08s           2026-05-25T16:08:03
================================================================================
[2026-05-25T16:08:48.277+0000] {manager.py:737} INFO - Searching for files in /opt/airflow/dags
[2026-05-25T16:08:48.284+0000] {manager.py:740} INFO - There are 1 files in /opt/airflow/dags
[2026-05-25T16:15:05.798+0000] {manager.py:737} INFO - Searching for files in /opt/airflow/dags
[2026-05-25T16:15:05.804+0000] {manager.py:740} INFO - There are 1 files in /opt/airflow/dags
[2026-05-25T16:15:05.834+0000] {manager.py:878} INFO - 
================================================================================
DAG File Processing Stats

File Path                                   PID  Runtime      # DAGs    # Errors  Last Runtime    Last Run
----------------------------------------  -----  ---------  --------  ----------  --------------  -------------------
/opt/airflow/dags/berlin_mss_pipeline.py   1488  0.01s             1           0  0.08s           2026-05-25T16:08:34
================================================================================
[2026-05-25T16:15:36.160+0000] {manager.py:878} INFO - 
================================================================================
DAG File Processing Stats

File Path                                   PID  Runtime      # DAGs    # Errors  Last Runtime    Last Run
----------------------------------------  -----  ---------  --------  ----------  --------------  -------------------
/opt/airflow/dags/berlin_mss_pipeline.py   1493  0.00s             1           0  0.10s           2026-05-25T16:15:05
================================================================================
[2026-05-25T16:16:06.461+0000] {manager.py:878} INFO - 
================================================================================
DAG File Processing Stats

File Path                                   PID  Runtime      # DAGs    # Errors  Last Runtime    Last Run
----------------------------------------  -----  ---------  --------  ----------  --------------  -------------------
/opt/airflow/dags/berlin_mss_pipeline.py   1498  0.00s             1           0  0.07s           2026-05-25T16:15:36
================================================================================
[2026-05-25T16:16:36.764+0000] {manager.py:878} INFO - 
================================================================================
DAG File Processing Stats

File Path                                   PID  Runtime      # DAGs    # Errors  Last Runtime    Last Run
----------------------------------------  -----  ---------  --------  ----------  --------------  -------------------
/opt/airflow/dags/berlin_mss_pipeline.py   1503  0.00s             1           0  0.08s           2026-05-25T16:16:06
================================================================================
[2026-05-25T16:17:07.021+0000] {manager.py:878} INFO - 
================================================================================
DAG File Processing Stats

File Path                                   PID  Runtime      # DAGs    # Errors  Last Runtime    Last Run
----------------------------------------  -----  ---------  --------  ----------  --------------  -------------------
/opt/airflow/dags/berlin_mss_pipeline.py   1508  0.00s             1           0  0.09s           2026-05-25T16:16:36
================================================================================
[2026-05-25T16:17:37.309+0000] {manager.py:878} INFO - 
================================================================================
DAG File Processing Stats

File Path                                   PID  Runtime      # DAGs    # Errors  Last Runtime    Last Run
----------------------------------------  -----  ---------  --------  ----------  --------------  -------------------
/opt/airflow/dags/berlin_mss_pipeline.py   1513  0.01s             1           0  0.09s           2026-05-25T16:17:07
================================================================================
[2026-05-25T16:18:07.600+0000] {manager.py:878} INFO - 
================================================================================
DAG File Processing Stats

File Path                                   PID  Runtime      # DAGs    # Errors  Last Runtime    Last Run
----------------------------------------  -----  ---------  --------  ----------  --------------  -------------------
/opt/airflow/dags/berlin_mss_pipeline.py   1518  0.00s             1           0  0.09s           2026-05-25T16:17:37
================================================================================
[2026-05-25T16:18:37.887+0000] {manager.py:878} INFO - 
================================================================================
DAG File Processing Stats

File Path                                   PID  Runtime      # DAGs    # Errors  Last Runtime    Last Run
----------------------------------------  -----  ---------  --------  ----------  --------------  -------------------
/opt/airflow/dags/berlin_mss_pipeline.py   1523  0.00s             1           0  0.08s           2026-05-25T16:18:07
================================================================================
[2026-05-25T16:19:08.196+0000] {manager.py:878} INFO - 
================================================================================
DAG File Processing Stats

File Path                                   PID  Runtime      # DAGs    # Errors  Last Runtime    Last Run
----------------------------------------  -----  ---------  --------  ----------  --------------  -------------------
/opt/airflow/dags/berlin_mss_pipeline.py   1528  0.00s             1           0  0.06s           2026-05-25T16:18:37
================================================================================
[2026-05-25T16:19:38.476+0000] {manager.py:878} INFO - 
================================================================================
DAG File Processing Stats

File Path                                   PID  Runtime      # DAGs    # Errors  Last Runtime    Last Run
----------------------------------------  -----  ---------  --------  ----------  --------------  -------------------
/opt/airflow/dags/berlin_mss_pipeline.py   1533  0.00s             1           0  0.08s           2026-05-25T16:19:08
================================================================================
[2026-05-25T16:20:06.738+0000] {manager.py:737} INFO - Searching for files in /opt/airflow/dags
[2026-05-25T16:20:06.747+0000] {manager.py:740} INFO - There are 1 files in /opt/airflow/dags
[2026-05-25T16:20:08.784+0000] {manager.py:878} INFO - 
================================================================================
DAG File Processing Stats

File Path                                   PID  Runtime      # DAGs    # Errors  Last Runtime    Last Run
----------------------------------------  -----  ---------  --------  ----------  --------------  -------------------
/opt/airflow/dags/berlin_mss_pipeline.py   1538  0.00s             1           0  0.09s           2026-05-25T16:19:38
================================================================================
[2026-05-25T16:20:39.083+0000] {manager.py:878} INFO - 
================================================================================
DAG File Processing Stats

File Path                                   PID  Runtime      # DAGs    # Errors  Last Runtime    Last Run
----------------------------------------  -----  ---------  --------  ----------  --------------  -------------------
/opt/airflow/dags/berlin_mss_pipeline.py   1543  0.01s             1           0  0.08s           2026-05-25T16:20:08
================================================================================
[2026-05-25T16:21:09.335+0000] {manager.py:878} INFO - 
================================================================================
DAG File Processing Stats

File Path                                   PID  Runtime      # DAGs    # Errors  Last Runtime    Last Run
----------------------------------------  -----  ---------  --------  ----------  --------------  -------------------
/opt/airflow/dags/berlin_mss_pipeline.py   1548  0.00s             1           0  0.10s           2026-05-25T16:20:39
================================================================================
[2026-05-25T16:21:39.605+0000] {manager.py:878} INFO - 
================================================================================
DAG File Processing Stats

File Path                                   PID  Runtime      # DAGs    # Errors  Last Runtime    Last Run
----------------------------------------  -----  ---------  --------  ----------  --------------  -------------------
/opt/airflow/dags/berlin_mss_pipeline.py   1553  0.01s             1           0  0.10s           2026-05-25T16:21:09
================================================================================
[2026-05-25T16:22:09.867+0000] {manager.py:878} INFO - 
================================================================================
DAG File Processing Stats

File Path                                   PID  Runtime      # DAGs    # Errors  Last Runtime    Last Run
----------------------------------------  -----  ---------  --------  ----------  --------------  -------------------
/opt/airflow/dags/berlin_mss_pipeline.py   1558  0.00s             1           0  0.09s           2026-05-25T16:21:39
================================================================================
[2026-05-25T16:22:40.152+0000] {manager.py:878} INFO - 
================================================================================
DAG File Processing Stats

File Path                                   PID  Runtime      # DAGs    # Errors  Last Runtime    Last Run
----------------------------------------  -----  ---------  --------  ----------  --------------  -------------------
/opt/airflow/dags/berlin_mss_pipeline.py   1563  0.00s             1           0  0.06s           2026-05-25T16:22:09
================================================================================
[2026-05-25T16:23:10.443+0000] {manager.py:878} INFO - 
================================================================================
DAG File Processing Stats

File Path                                   PID  Runtime      # DAGs    # Errors  Last Runtime    Last Run
----------------------------------------  -----  ---------  --------  ----------  --------------  -------------------
/opt/airflow/dags/berlin_mss_pipeline.py   1568  0.00s             1           0  0.08s           2026-05-25T16:22:40
================================================================================
[2026-05-25T16:23:40.720+0000] {manager.py:878} INFO - 
================================================================================
DAG File Processing Stats

File Path                                   PID  Runtime      # DAGs    # Errors  Last Runtime    Last Run
----------------------------------------  -----  ---------  --------  ----------  --------------  -------------------
/opt/airflow/dags/berlin_mss_pipeline.py   1573  0.01s             1           0  0.09s           2026-05-25T16:23:10
================================================================================
[2026-05-25T16:24:10.989+0000] {manager.py:878} INFO - 
================================================================================
DAG File Processing Stats

File Path                                   PID  Runtime      # DAGs    # Errors  Last Runtime    Last Run
----------------------------------------  -----  ---------  --------  ----------  --------------  -------------------
/opt/airflow/dags/berlin_mss_pipeline.py   1578  0.00s             1           0  0.11s           2026-05-25T16:23:40
================================================================================
[2026-05-25T16:24:41.243+0000] {manager.py:878} INFO - 
================================================================================
DAG File Processing Stats

File Path                                   PID  Runtime      # DAGs    # Errors  Last Runtime    Last Run
----------------------------------------  -----  ---------  --------  ----------  --------------  -------------------
/opt/airflow/dags/berlin_mss_pipeline.py   1583  0.01s             1           0  0.09s           2026-05-25T16:24:11
================================================================================
[2026-05-25T16:25:07.514+0000] {manager.py:737} INFO - Searching for files in /opt/airflow/dags
[2026-05-25T16:25:07.521+0000] {manager.py:740} INFO - There are 1 files in /opt/airflow/dags
[2026-05-25T16:25:11.567+0000] {manager.py:878} INFO - 
================================================================================
DAG File Processing Stats

File Path                                   PID  Runtime      # DAGs    # Errors  Last Runtime    Last Run
----------------------------------------  -----  ---------  --------  ----------  --------------  -------------------
/opt/airflow/dags/berlin_mss_pipeline.py   1588  0.00s             1           0  0.10s           2026-05-25T16:24:41
================================================================================
[2026-05-25T16:25:41.853+0000] {manager.py:878} INFO - 
================================================================================
DAG File Processing Stats

File Path                                   PID  Runtime      # DAGs    # Errors  Last Runtime    Last Run
----------------------------------------  -----  ---------  --------  ----------  --------------  -------------------
/opt/airflow/dags/berlin_mss_pipeline.py   1593  0.00s             1           0  0.08s           2026-05-25T16:25:11
================================================================================
[2026-05-25T16:26:12.141+0000] {manager.py:878} INFO - 
================================================================================
DAG File Processing Stats

File Path                                   PID  Runtime      # DAGs    # Errors  Last Runtime    Last Run
----------------------------------------  -----  ---------  --------  ----------  --------------  -------------------
/opt/airflow/dags/berlin_mss_pipeline.py   1598  0.01s             1           0  0.08s           2026-05-25T16:25:41
================================================================================
[2026-05-25T16:26:42.395+0000] {manager.py:878} INFO - 
================================================================================
DAG File Processing Stats

File Path                                   PID  Runtime      # DAGs    # Errors  Last Runtime    Last Run
----------------------------------------  -----  ---------  --------  ----------  --------------  -------------------
/opt/airflow/dags/berlin_mss_pipeline.py   1603  0.00s             1           0  0.11s           2026-05-25T16:26:12
================================================================================
[2026-05-25T16:27:12.732+0000] {manager.py:878} INFO - 
================================================================================
DAG File Processing Stats

File Path                                   PID  Runtime      # DAGs    # Errors  Last Runtime    Last Run
----------------------------------------  -----  ---------  --------  ----------  --------------  -------------------
/opt/airflow/dags/berlin_mss_pipeline.py   1608  0.00s             1           0  0.11s           2026-05-25T16:26:42
================================================================================
[2026-05-25T16:27:42.929+0000] {manager.py:878} INFO - 
================================================================================
DAG File Processing Stats

File Path                                   PID  Runtime      # DAGs    # Errors  Last Runtime    Last Run
----------------------------------------  -----  ---------  --------  ----------  --------------  -------------------
/opt/airflow/dags/berlin_mss_pipeline.py   1613  0.00s             1           0  0.10s           2026-05-25T16:27:12
================================================================================
[2026-05-25T16:28:13.154+0000] {manager.py:878} INFO - 
================================================================================
DAG File Processing Stats

File Path                                   PID  Runtime      # DAGs    # Errors  Last Runtime    Last Run
----------------------------------------  -----  ---------  --------  ----------  --------------  -------------------
/opt/airflow/dags/berlin_mss_pipeline.py   1618  0.00s             1           0  0.06s           2026-05-25T16:27:42
================================================================================
[2026-05-25T16:28:43.426+0000] {manager.py:878} INFO - 
================================================================================
DAG File Processing Stats

File Path                                   PID  Runtime      # DAGs    # Errors  Last Runtime    Last Run
----------------------------------------  -----  ---------  --------  ----------  --------------  -------------------
/opt/airflow/dags/berlin_mss_pipeline.py   1623  0.00s             1           0  0.08s           2026-05-25T16:28:13
================================================================================
[2026-05-25T16:29:13.703+0000] {manager.py:878} INFO - 
================================================================================
DAG File Processing Stats

File Path                                   PID  Runtime      # DAGs    # Errors  Last Runtime    Last Run
----------------------------------------  -----  ---------  --------  ----------  --------------  -------------------
/opt/airflow/dags/berlin_mss_pipeline.py   1628  0.00s             1           0  0.08s           2026-05-25T16:28:43
================================================================================
[2026-05-25T16:29:43.992+0000] {manager.py:878} INFO - 
================================================================================
DAG File Processing Stats

File Path                                   PID  Runtime      # DAGs    # Errors  Last Runtime    Last Run
----------------------------------------  -----  ---------  --------  ----------  --------------  -------------------
/opt/airflow/dags/berlin_mss_pipeline.py   1633  0.00s             1           0  0.06s           2026-05-25T16:29:13
================================================================================
[2026-05-25T16:30:08.205+0000] {manager.py:737} INFO - Searching for files in /opt/airflow/dags
[2026-05-25T16:30:08.211+0000] {manager.py:740} INFO - There are 1 files in /opt/airflow/dags
[2026-05-25T16:30:14.285+0000] {manager.py:878} INFO - 
================================================================================
DAG File Processing Stats

File Path                                   PID  Runtime      # DAGs    # Errors  Last Runtime    Last Run
----------------------------------------  -----  ---------  --------  ----------  --------------  -------------------
/opt/airflow/dags/berlin_mss_pipeline.py   1638  0.00s             1           0  0.10s           2026-05-25T16:29:44
================================================================================
[2026-05-25T16:30:44.578+0000] {manager.py:878} INFO - 
================================================================================
DAG File Processing Stats

File Path                                   PID  Runtime      # DAGs    # Errors  Last Runtime    Last Run
----------------------------------------  -----  ---------  --------  ----------  --------------  -------------------
/opt/airflow/dags/berlin_mss_pipeline.py   1643  0.00s             1           0  0.08s           2026-05-25T16:30:14
================================================================================
[2026-05-25T16:31:14.887+0000] {manager.py:878} INFO - 
================================================================================
DAG File Processing Stats

File Path                                   PID  Runtime      # DAGs    # Errors  Last Runtime    Last Run
----------------------------------------  -----  ---------  --------  ----------  --------------  -------------------
/opt/airflow/dags/berlin_mss_pipeline.py   1648  0.01s             1           0  0.07s           2026-05-25T16:30:44
================================================================================
[2026-05-25T16:31:45.140+0000] {manager.py:878} INFO - 
================================================================================
DAG File Processing Stats

File Path                                   PID  Runtime      # DAGs    # Errors  Last Runtime    Last Run
----------------------------------------  -----  ---------  --------  ----------  --------------  -------------------
/opt/airflow/dags/berlin_mss_pipeline.py   1653  0.00s             1           0  0.10s           2026-05-25T16:31:14
================================================================================
[2026-05-25T16:32:15.511+0000] {manager.py:878} INFO - 
================================================================================
DAG File Processing Stats

File Path                                   PID  Runtime      # DAGs    # Errors  Last Runtime    Last Run
----------------------------------------  -----  ---------  --------  ----------  --------------  -------------------
/opt/airflow/dags/berlin_mss_pipeline.py   1658  0.01s             1           0  0.11s           2026-05-25T16:31:45
================================================================================
[2026-05-25T16:32:45.789+0000] {manager.py:878} INFO - 
================================================================================
DAG File Processing Stats

File Path                                   PID  Runtime      # DAGs    # Errors  Last Runtime    Last Run
----------------------------------------  -----  ---------  --------  ----------  --------------  -------------------
/opt/airflow/dags/berlin_mss_pipeline.py   1663  0.00s             1           0  0.09s           2026-05-25T16:32:15
================================================================================
[2026-05-25T16:33:16.033+0000] {manager.py:878} INFO - 
================================================================================
DAG File Processing Stats

File Path                                   PID  Runtime      # DAGs    # Errors  Last Runtime    Last Run
----------------------------------------  -----  ---------  --------  ----------  --------------  -------------------
/opt/airflow/dags/berlin_mss_pipeline.py   1668  0.00s             1           0  0.10s           2026-05-25T16:32:45
================================================================================
[2026-05-25T16:39:25.583+0000] {manager.py:737} INFO - Searching for files in /opt/airflow/dags
[2026-05-25T16:39:25.591+0000] {manager.py:740} INFO - There are 1 files in /opt/airflow/dags
[2026-05-25T16:39:35.719+0000] {manager.py:878} INFO - 
================================================================================
DAG File Processing Stats

File Path                                 PID    Runtime      # DAGs    # Errors  Last Runtime    Last Run
----------------------------------------  -----  ---------  --------  ----------  --------------  -------------------
/opt/airflow/dags/berlin_mss_pipeline.py                           1           0  0.15s           2026-05-25T16:39:25
================================================================================
[2026-05-25T16:40:05.959+0000] {manager.py:878} INFO - 
================================================================================
DAG File Processing Stats

File Path                                 PID    Runtime      # DAGs    # Errors  Last Runtime    Last Run
----------------------------------------  -----  ---------  --------  ----------  --------------  -------------------
/opt/airflow/dags/berlin_mss_pipeline.py                           1           0  0.08s           2026-05-25T16:39:55
================================================================================
[2026-05-25T16:40:36.310+0000] {manager.py:878} INFO - 
================================================================================
DAG File Processing Stats

File Path                                 PID    Runtime      # DAGs    # Errors  Last Runtime    Last Run
----------------------------------------  -----  ---------  --------  ----------  --------------  -------------------
/opt/airflow/dags/berlin_mss_pipeline.py                           1           0  0.10s           2026-05-25T16:40:26
================================================================================
[2026-05-25T16:41:06.629+0000] {manager.py:878} INFO - 
================================================================================
DAG File Processing Stats

File Path                                 PID    Runtime      # DAGs    # Errors  Last Runtime    Last Run
----------------------------------------  -----  ---------  --------  ----------  --------------  -------------------
/opt/airflow/dags/berlin_mss_pipeline.py                           1           0  0.09s           2026-05-25T16:40:56
================================================================================
[2026-05-25T16:41:36.928+0000] {manager.py:878} INFO - 
================================================================================
DAG File Processing Stats

File Path                                 PID    Runtime      # DAGs    # Errors  Last Runtime    Last Run
----------------------------------------  -----  ---------  --------  ----------  --------------  -------------------
/opt/airflow/dags/berlin_mss_pipeline.py                           1           0  0.09s           2026-05-25T16:41:26
================================================================================
[2026-05-25T16:42:07.265+0000] {manager.py:878} INFO - 
================================================================================
DAG File Processing Stats

File Path                                 PID    Runtime      # DAGs    # Errors  Last Runtime    Last Run
----------------------------------------  -----  ---------  --------  ----------  --------------  -------------------
/opt/airflow/dags/berlin_mss_pipeline.py                           1           0  0.10s           2026-05-25T16:41:57
================================================================================
[2026-05-25T16:42:37.576+0000] {manager.py:878} INFO - 
================================================================================
DAG File Processing Stats

File Path                                 PID    Runtime      # DAGs    # Errors  Last Runtime    Last Run
----------------------------------------  -----  ---------  --------  ----------  --------------  -------------------
/opt/airflow/dags/berlin_mss_pipeline.py                           1           0  0.08s           2026-05-25T16:42:27
================================================================================
[2026-05-25T16:43:07.867+0000] {manager.py:878} INFO - 
================================================================================
DAG File Processing Stats

File Path                                 PID    Runtime      # DAGs    # Errors  Last Runtime    Last Run
----------------------------------------  -----  ---------  --------  ----------  --------------  -------------------
/opt/airflow/dags/berlin_mss_pipeline.py                           1           0  0.10s           2026-05-25T16:42:57
================================================================================
[2026-05-25T16:43:38.202+0000] {manager.py:878} INFO - 
================================================================================
DAG File Processing Stats

File Path                                 PID    Runtime      # DAGs    # Errors  Last Runtime    Last Run
----------------------------------------  -----  ---------  --------  ----------  --------------  -------------------
/opt/airflow/dags/berlin_mss_pipeline.py                           1           0  0.12s           2026-05-25T16:43:28
================================================================================
[2026-05-25T16:44:08.540+0000] {manager.py:878} INFO - 
================================================================================
DAG File Processing Stats

File Path                                 PID    Runtime      # DAGs    # Errors  Last Runtime    Last Run
----------------------------------------  -----  ---------  --------  ----------  --------------  -------------------
/opt/airflow/dags/berlin_mss_pipeline.py                           1           0  0.09s           2026-05-25T16:43:58
================================================================================
[2026-05-25T16:44:25.723+0000] {manager.py:737} INFO - Searching for files in /opt/airflow/dags
[2026-05-25T16:44:25.733+0000] {manager.py:740} INFO - There are 1 files in /opt/airflow/dags
