[2026-05-24T15:48:07.334+0000] {processor.py:161} INFO - Started process (PID=184) to work on /opt/airflow/dags/berlin_mss_pipeline.py
[2026-05-24T15:48:07.336+0000] {processor.py:830} INFO - Processing file /opt/airflow/dags/berlin_mss_pipeline.py for tasks to queue
[2026-05-24T15:48:07.338+0000] {logging_mixin.py:188} INFO - [2026-05-24T15:48:07.338+0000] {dagbag.py:545} INFO - Filling up the DagBag from /opt/airflow/dags/berlin_mss_pipeline.py
[2026-05-24T15:48:07.380+0000] {processor.py:840} INFO - DAG(s) 'berlin_social_atlas' retrieved from /opt/airflow/dags/berlin_mss_pipeline.py
[2026-05-24T15:48:07.704+0000] {logging_mixin.py:188} INFO - [2026-05-24T15:48:07.704+0000] {override.py:1829} INFO - Created Permission View: can delete on DAG:berlin_social_atlas
[2026-05-24T15:48:07.710+0000] {logging_mixin.py:188} INFO - [2026-05-24T15:48:07.710+0000] {override.py:1829} INFO - Created Permission View: can read on DAG:berlin_social_atlas
[2026-05-24T15:48:07.714+0000] {logging_mixin.py:188} INFO - [2026-05-24T15:48:07.714+0000] {override.py:1829} INFO - Created Permission View: can edit on DAG:berlin_social_atlas
[2026-05-24T15:48:07.714+0000] {logging_mixin.py:188} INFO - [2026-05-24T15:48:07.714+0000] {dag.py:3096} INFO - Sync 1 DAGs
[2026-05-24T15:48:07.722+0000] {logging_mixin.py:188} INFO - [2026-05-24T15:48:07.722+0000] {dag.py:3118} INFO - Creating ORM DAG for berlin_social_atlas
[2026-05-24T15:48:07.732+0000] {logging_mixin.py:188} INFO - [2026-05-24T15:48:07.732+0000] {dag.py:3954} INFO - Setting next_dagrun for berlin_social_atlas to 2025-01-01 06:00:00+00:00, run_after=2026-01-01 06:00:00+00:00
[2026-05-24T15:48:07.748+0000] {processor.py:183} INFO - Processing /opt/airflow/dags/berlin_mss_pipeline.py took 0.425 seconds
[2026-05-24T15:48:37.977+0000] {processor.py:161} INFO - Started process (PID=189) to work on /opt/airflow/dags/berlin_mss_pipeline.py
[2026-05-24T15:48:37.978+0000] {processor.py:830} INFO - Processing file /opt/airflow/dags/berlin_mss_pipeline.py for tasks to queue
[2026-05-24T15:48:37.980+0000] {logging_mixin.py:188} INFO - [2026-05-24T15:48:37.979+0000] {dagbag.py:545} INFO - Filling up the DagBag from /opt/airflow/dags/berlin_mss_pipeline.py
[2026-05-24T15:48:37.994+0000] {processor.py:840} INFO - DAG(s) 'berlin_social_atlas' retrieved from /opt/airflow/dags/berlin_mss_pipeline.py
[2026-05-24T15:48:38.023+0000] {logging_mixin.py:188} INFO - [2026-05-24T15:48:38.022+0000] {dag.py:3096} INFO - Sync 1 DAGs
[2026-05-24T15:48:38.042+0000] {logging_mixin.py:188} INFO - [2026-05-24T15:48:38.042+0000] {dag.py:3954} INFO - Setting next_dagrun for berlin_social_atlas to 2025-01-01 06:00:00+00:00, run_after=2026-01-01 06:00:00+00:00
[2026-05-24T15:48:38.058+0000] {processor.py:183} INFO - Processing /opt/airflow/dags/berlin_mss_pipeline.py took 0.088 seconds
[2026-05-24T15:49:08.246+0000] {processor.py:161} INFO - Started process (PID=194) to work on /opt/airflow/dags/berlin_mss_pipeline.py
[2026-05-24T15:49:08.247+0000] {processor.py:830} INFO - Processing file /opt/airflow/dags/berlin_mss_pipeline.py for tasks to queue
[2026-05-24T15:49:08.250+0000] {logging_mixin.py:188} INFO - [2026-05-24T15:49:08.249+0000] {dagbag.py:545} INFO - Filling up the DagBag from /opt/airflow/dags/berlin_mss_pipeline.py
[2026-05-24T15:49:08.267+0000] {processor.py:840} INFO - DAG(s) 'berlin_social_atlas' retrieved from /opt/airflow/dags/berlin_mss_pipeline.py
[2026-05-24T15:49:08.297+0000] {logging_mixin.py:188} INFO - [2026-05-24T15:49:08.297+0000] {dag.py:3096} INFO - Sync 1 DAGs
[2026-05-24T15:49:08.317+0000] {logging_mixin.py:188} INFO - [2026-05-24T15:49:08.317+0000] {dag.py:3954} INFO - Setting next_dagrun for berlin_social_atlas to 2025-01-01 06:00:00+00:00, run_after=2026-01-01 06:00:00+00:00
[2026-05-24T15:49:08.331+0000] {processor.py:183} INFO - Processing /opt/airflow/dags/berlin_mss_pipeline.py took 0.093 seconds
[2026-05-24T15:49:38.594+0000] {processor.py:161} INFO - Started process (PID=199) to work on /opt/airflow/dags/berlin_mss_pipeline.py
[2026-05-24T15:49:38.595+0000] {processor.py:830} INFO - Processing file /opt/airflow/dags/berlin_mss_pipeline.py for tasks to queue
[2026-05-24T15:49:38.597+0000] {logging_mixin.py:188} INFO - [2026-05-24T15:49:38.596+0000] {dagbag.py:545} INFO - Filling up the DagBag from /opt/airflow/dags/berlin_mss_pipeline.py
[2026-05-24T15:49:38.610+0000] {processor.py:840} INFO - DAG(s) 'berlin_social_atlas' retrieved from /opt/airflow/dags/berlin_mss_pipeline.py
[2026-05-24T15:49:38.640+0000] {logging_mixin.py:188} INFO - [2026-05-24T15:49:38.640+0000] {dag.py:3096} INFO - Sync 1 DAGs
[2026-05-24T15:49:38.661+0000] {logging_mixin.py:188} INFO - [2026-05-24T15:49:38.661+0000] {dag.py:3954} INFO - Setting next_dagrun for berlin_social_atlas to 2025-01-01 06:00:00+00:00, run_after=2026-01-01 06:00:00+00:00
[2026-05-24T15:49:38.677+0000] {processor.py:183} INFO - Processing /opt/airflow/dags/berlin_mss_pipeline.py took 0.088 seconds
[2026-05-24T15:50:08.883+0000] {processor.py:161} INFO - Started process (PID=204) to work on /opt/airflow/dags/berlin_mss_pipeline.py
[2026-05-24T15:50:08.884+0000] {processor.py:830} INFO - Processing file /opt/airflow/dags/berlin_mss_pipeline.py for tasks to queue
[2026-05-24T15:50:08.887+0000] {logging_mixin.py:188} INFO - [2026-05-24T15:50:08.887+0000] {dagbag.py:545} INFO - Filling up the DagBag from /opt/airflow/dags/berlin_mss_pipeline.py
[2026-05-24T15:50:08.907+0000] {processor.py:840} INFO - DAG(s) 'berlin_social_atlas' retrieved from /opt/airflow/dags/berlin_mss_pipeline.py
[2026-05-24T15:50:08.940+0000] {logging_mixin.py:188} INFO - [2026-05-24T15:50:08.939+0000] {dag.py:3096} INFO - Sync 1 DAGs
[2026-05-24T15:50:08.958+0000] {logging_mixin.py:188} INFO - [2026-05-24T15:50:08.958+0000] {dag.py:3954} INFO - Setting next_dagrun for berlin_social_atlas to 2025-01-01 06:00:00+00:00, run_after=2026-01-01 06:00:00+00:00
[2026-05-24T15:50:08.972+0000] {processor.py:183} INFO - Processing /opt/airflow/dags/berlin_mss_pipeline.py took 0.098 seconds
[2026-05-24T15:50:39.254+0000] {processor.py:161} INFO - Started process (PID=209) to work on /opt/airflow/dags/berlin_mss_pipeline.py
[2026-05-24T15:50:39.255+0000] {processor.py:830} INFO - Processing file /opt/airflow/dags/berlin_mss_pipeline.py for tasks to queue
[2026-05-24T15:50:39.256+0000] {logging_mixin.py:188} INFO - [2026-05-24T15:50:39.256+0000] {dagbag.py:545} INFO - Filling up the DagBag from /opt/airflow/dags/berlin_mss_pipeline.py
[2026-05-24T15:50:39.268+0000] {processor.py:840} INFO - DAG(s) 'berlin_social_atlas' retrieved from /opt/airflow/dags/berlin_mss_pipeline.py
[2026-05-24T15:50:39.291+0000] {logging_mixin.py:188} INFO - [2026-05-24T15:50:39.291+0000] {dag.py:3096} INFO - Sync 1 DAGs
[2026-05-24T15:50:39.311+0000] {logging_mixin.py:188} INFO - [2026-05-24T15:50:39.311+0000] {dag.py:3954} INFO - Setting next_dagrun for berlin_social_atlas to 2025-01-01 06:00:00+00:00, run_after=2026-01-01 06:00:00+00:00
[2026-05-24T15:50:39.325+0000] {processor.py:183} INFO - Processing /opt/airflow/dags/berlin_mss_pipeline.py took 0.076 seconds
[2026-05-24T15:51:09.569+0000] {processor.py:161} INFO - Started process (PID=214) to work on /opt/airflow/dags/berlin_mss_pipeline.py
[2026-05-24T15:51:09.570+0000] {processor.py:830} INFO - Processing file /opt/airflow/dags/berlin_mss_pipeline.py for tasks to queue
[2026-05-24T15:51:09.571+0000] {logging_mixin.py:188} INFO - [2026-05-24T15:51:09.570+0000] {dagbag.py:545} INFO - Filling up the DagBag from /opt/airflow/dags/berlin_mss_pipeline.py
[2026-05-24T15:51:09.581+0000] {processor.py:840} INFO - DAG(s) 'berlin_social_atlas' retrieved from /opt/airflow/dags/berlin_mss_pipeline.py
[2026-05-24T15:51:09.604+0000] {logging_mixin.py:188} INFO - [2026-05-24T15:51:09.603+0000] {dag.py:3096} INFO - Sync 1 DAGs
[2026-05-24T15:51:09.622+0000] {logging_mixin.py:188} INFO - [2026-05-24T15:51:09.622+0000] {dag.py:3954} INFO - Setting next_dagrun for berlin_social_atlas to 2025-01-01 06:00:00+00:00, run_after=2026-01-01 06:00:00+00:00
[2026-05-24T15:51:09.635+0000] {processor.py:183} INFO - Processing /opt/airflow/dags/berlin_mss_pipeline.py took 0.070 seconds
[2026-05-24T15:51:39.834+0000] {processor.py:161} INFO - Started process (PID=219) to work on /opt/airflow/dags/berlin_mss_pipeline.py
[2026-05-24T15:51:39.835+0000] {processor.py:830} INFO - Processing file /opt/airflow/dags/berlin_mss_pipeline.py for tasks to queue
[2026-05-24T15:51:39.837+0000] {logging_mixin.py:188} INFO - [2026-05-24T15:51:39.836+0000] {dagbag.py:545} INFO - Filling up the DagBag from /opt/airflow/dags/berlin_mss_pipeline.py
[2026-05-24T15:51:39.850+0000] {processor.py:840} INFO - DAG(s) 'berlin_social_atlas' retrieved from /opt/airflow/dags/berlin_mss_pipeline.py
[2026-05-24T15:51:39.879+0000] {logging_mixin.py:188} INFO - [2026-05-24T15:51:39.879+0000] {dag.py:3096} INFO - Sync 1 DAGs
[2026-05-24T15:51:39.897+0000] {logging_mixin.py:188} INFO - [2026-05-24T15:51:39.897+0000] {dag.py:3954} INFO - Setting next_dagrun for berlin_social_atlas to 2025-01-01 06:00:00+00:00, run_after=2026-01-01 06:00:00+00:00
[2026-05-24T15:51:39.910+0000] {processor.py:183} INFO - Processing /opt/airflow/dags/berlin_mss_pipeline.py took 0.084 seconds
[2026-05-24T15:52:10.131+0000] {processor.py:161} INFO - Started process (PID=224) to work on /opt/airflow/dags/berlin_mss_pipeline.py
[2026-05-24T15:52:10.132+0000] {processor.py:830} INFO - Processing file /opt/airflow/dags/berlin_mss_pipeline.py for tasks to queue
[2026-05-24T15:52:10.136+0000] {logging_mixin.py:188} INFO - [2026-05-24T15:52:10.135+0000] {dagbag.py:545} INFO - Filling up the DagBag from /opt/airflow/dags/berlin_mss_pipeline.py
[2026-05-24T15:52:10.155+0000] {processor.py:840} INFO - DAG(s) 'berlin_social_atlas' retrieved from /opt/airflow/dags/berlin_mss_pipeline.py
[2026-05-24T15:52:10.190+0000] {logging_mixin.py:188} INFO - [2026-05-24T15:52:10.190+0000] {dag.py:3096} INFO - Sync 1 DAGs
[2026-05-24T15:52:10.211+0000] {logging_mixin.py:188} INFO - [2026-05-24T15:52:10.211+0000] {dag.py:3954} INFO - Setting next_dagrun for berlin_social_atlas to 2025-01-01 06:00:00+00:00, run_after=2026-01-01 06:00:00+00:00
[2026-05-24T15:52:10.226+0000] {processor.py:183} INFO - Processing /opt/airflow/dags/berlin_mss_pipeline.py took 0.106 seconds
[2026-05-24T15:52:40.433+0000] {processor.py:161} INFO - Started process (PID=229) to work on /opt/airflow/dags/berlin_mss_pipeline.py
[2026-05-24T15:52:40.434+0000] {processor.py:830} INFO - Processing file /opt/airflow/dags/berlin_mss_pipeline.py for tasks to queue
[2026-05-24T15:52:40.438+0000] {logging_mixin.py:188} INFO - [2026-05-24T15:52:40.437+0000] {dagbag.py:545} INFO - Filling up the DagBag from /opt/airflow/dags/berlin_mss_pipeline.py
[2026-05-24T15:52:40.449+0000] {processor.py:840} INFO - DAG(s) 'berlin_social_atlas' retrieved from /opt/airflow/dags/berlin_mss_pipeline.py
[2026-05-24T15:52:40.473+0000] {logging_mixin.py:188} INFO - [2026-05-24T15:52:40.473+0000] {dag.py:3096} INFO - Sync 1 DAGs
[2026-05-24T15:52:40.491+0000] {logging_mixin.py:188} INFO - [2026-05-24T15:52:40.491+0000] {dag.py:3954} INFO - Setting next_dagrun for berlin_social_atlas to 2025-01-01 06:00:00+00:00, run_after=2026-01-01 06:00:00+00:00
[2026-05-24T15:52:40.504+0000] {processor.py:183} INFO - Processing /opt/airflow/dags/berlin_mss_pipeline.py took 0.078 seconds
[2026-05-24T15:53:10.733+0000] {processor.py:161} INFO - Started process (PID=234) to work on /opt/airflow/dags/berlin_mss_pipeline.py
[2026-05-24T15:53:10.734+0000] {processor.py:830} INFO - Processing file /opt/airflow/dags/berlin_mss_pipeline.py for tasks to queue
[2026-05-24T15:53:10.736+0000] {logging_mixin.py:188} INFO - [2026-05-24T15:53:10.735+0000] {dagbag.py:545} INFO - Filling up the DagBag from /opt/airflow/dags/berlin_mss_pipeline.py
[2026-05-24T15:53:10.748+0000] {processor.py:840} INFO - DAG(s) 'berlin_social_atlas' retrieved from /opt/airflow/dags/berlin_mss_pipeline.py
[2026-05-24T15:53:10.773+0000] {logging_mixin.py:188} INFO - [2026-05-24T15:53:10.773+0000] {dag.py:3096} INFO - Sync 1 DAGs
[2026-05-24T15:53:10.790+0000] {logging_mixin.py:188} INFO - [2026-05-24T15:53:10.790+0000] {dag.py:3954} INFO - Setting next_dagrun for berlin_social_atlas to 2025-01-01 06:00:00+00:00, run_after=2026-01-01 06:00:00+00:00
[2026-05-24T15:53:10.802+0000] {processor.py:183} INFO - Processing /opt/airflow/dags/berlin_mss_pipeline.py took 0.076 seconds
[2026-05-24T15:53:41.020+0000] {processor.py:161} INFO - Started process (PID=239) to work on /opt/airflow/dags/berlin_mss_pipeline.py
[2026-05-24T15:53:41.021+0000] {processor.py:830} INFO - Processing file /opt/airflow/dags/berlin_mss_pipeline.py for tasks to queue
[2026-05-24T15:53:41.022+0000] {logging_mixin.py:188} INFO - [2026-05-24T15:53:41.022+0000] {dagbag.py:545} INFO - Filling up the DagBag from /opt/airflow/dags/berlin_mss_pipeline.py
[2026-05-24T15:53:41.034+0000] {processor.py:840} INFO - DAG(s) 'berlin_social_atlas' retrieved from /opt/airflow/dags/berlin_mss_pipeline.py
[2026-05-24T15:53:41.058+0000] {logging_mixin.py:188} INFO - [2026-05-24T15:53:41.058+0000] {dag.py:3096} INFO - Sync 1 DAGs
[2026-05-24T15:53:41.077+0000] {logging_mixin.py:188} INFO - [2026-05-24T15:53:41.076+0000] {dag.py:3954} INFO - Setting next_dagrun for berlin_social_atlas to 2025-01-01 06:00:00+00:00, run_after=2026-01-01 06:00:00+00:00
[2026-05-24T15:53:41.091+0000] {processor.py:183} INFO - Processing /opt/airflow/dags/berlin_mss_pipeline.py took 0.075 seconds
[2026-05-24T15:54:11.300+0000] {processor.py:161} INFO - Started process (PID=244) to work on /opt/airflow/dags/berlin_mss_pipeline.py
[2026-05-24T15:54:11.303+0000] {processor.py:830} INFO - Processing file /opt/airflow/dags/berlin_mss_pipeline.py for tasks to queue
[2026-05-24T15:54:11.306+0000] {logging_mixin.py:188} INFO - [2026-05-24T15:54:11.306+0000] {dagbag.py:545} INFO - Filling up the DagBag from /opt/airflow/dags/berlin_mss_pipeline.py
[2026-05-24T15:54:11.323+0000] {processor.py:840} INFO - DAG(s) 'berlin_social_atlas' retrieved from /opt/airflow/dags/berlin_mss_pipeline.py
[2026-05-24T15:54:11.354+0000] {logging_mixin.py:188} INFO - [2026-05-24T15:54:11.354+0000] {dag.py:3096} INFO - Sync 1 DAGs
[2026-05-24T15:54:11.377+0000] {logging_mixin.py:188} INFO - [2026-05-24T15:54:11.376+0000] {dag.py:3954} INFO - Setting next_dagrun for berlin_social_atlas to 2025-01-01 06:00:00+00:00, run_after=2026-01-01 06:00:00+00:00
[2026-05-24T15:54:11.393+0000] {processor.py:183} INFO - Processing /opt/airflow/dags/berlin_mss_pipeline.py took 0.100 seconds
[2026-05-24T15:54:41.588+0000] {processor.py:161} INFO - Started process (PID=249) to work on /opt/airflow/dags/berlin_mss_pipeline.py
[2026-05-24T15:54:41.590+0000] {processor.py:830} INFO - Processing file /opt/airflow/dags/berlin_mss_pipeline.py for tasks to queue
[2026-05-24T15:54:41.596+0000] {logging_mixin.py:188} INFO - [2026-05-24T15:54:41.595+0000] {dagbag.py:545} INFO - Filling up the DagBag from /opt/airflow/dags/berlin_mss_pipeline.py
[2026-05-24T15:54:41.617+0000] {processor.py:840} INFO - DAG(s) 'berlin_social_atlas' retrieved from /opt/airflow/dags/berlin_mss_pipeline.py
[2026-05-24T15:54:41.664+0000] {logging_mixin.py:188} INFO - [2026-05-24T15:54:41.664+0000] {dag.py:3096} INFO - Sync 1 DAGs
[2026-05-24T15:54:41.696+0000] {logging_mixin.py:188} INFO - [2026-05-24T15:54:41.696+0000] {dag.py:3954} INFO - Setting next_dagrun for berlin_social_atlas to 2025-01-01 06:00:00+00:00, run_after=2026-01-01 06:00:00+00:00
[2026-05-24T15:54:41.718+0000] {processor.py:183} INFO - Processing /opt/airflow/dags/berlin_mss_pipeline.py took 0.142 seconds
[2026-05-24T15:55:11.865+0000] {processor.py:161} INFO - Started process (PID=254) to work on /opt/airflow/dags/berlin_mss_pipeline.py
[2026-05-24T15:55:11.866+0000] {processor.py:830} INFO - Processing file /opt/airflow/dags/berlin_mss_pipeline.py for tasks to queue
[2026-05-24T15:55:11.868+0000] {logging_mixin.py:188} INFO - [2026-05-24T15:55:11.867+0000] {dagbag.py:545} INFO - Filling up the DagBag from /opt/airflow/dags/berlin_mss_pipeline.py
[2026-05-24T15:55:11.877+0000] {processor.py:840} INFO - DAG(s) 'berlin_social_atlas' retrieved from /opt/airflow/dags/berlin_mss_pipeline.py
[2026-05-24T15:55:11.904+0000] {logging_mixin.py:188} INFO - [2026-05-24T15:55:11.903+0000] {dag.py:3096} INFO - Sync 1 DAGs
[2026-05-24T15:55:11.921+0000] {logging_mixin.py:188} INFO - [2026-05-24T15:55:11.921+0000] {dag.py:3954} INFO - Setting next_dagrun for berlin_social_atlas to 2025-01-01 06:00:00+00:00, run_after=2026-01-01 06:00:00+00:00
[2026-05-24T15:55:11.934+0000] {processor.py:183} INFO - Processing /opt/airflow/dags/berlin_mss_pipeline.py took 0.074 seconds
[2026-05-24T15:55:42.141+0000] {processor.py:161} INFO - Started process (PID=259) to work on /opt/airflow/dags/berlin_mss_pipeline.py
[2026-05-24T15:55:42.142+0000] {processor.py:830} INFO - Processing file /opt/airflow/dags/berlin_mss_pipeline.py for tasks to queue
[2026-05-24T15:55:42.143+0000] {logging_mixin.py:188} INFO - [2026-05-24T15:55:42.143+0000] {dagbag.py:545} INFO - Filling up the DagBag from /opt/airflow/dags/berlin_mss_pipeline.py
[2026-05-24T15:55:42.152+0000] {processor.py:840} INFO - DAG(s) 'berlin_social_atlas' retrieved from /opt/airflow/dags/berlin_mss_pipeline.py
[2026-05-24T15:55:42.173+0000] {logging_mixin.py:188} INFO - [2026-05-24T15:55:42.173+0000] {dag.py:3096} INFO - Sync 1 DAGs
[2026-05-24T15:55:42.189+0000] {logging_mixin.py:188} INFO - [2026-05-24T15:55:42.189+0000] {dag.py:3954} INFO - Setting next_dagrun for berlin_social_atlas to 2025-01-01 06:00:00+00:00, run_after=2026-01-01 06:00:00+00:00
[2026-05-24T15:55:42.201+0000] {processor.py:183} INFO - Processing /opt/airflow/dags/berlin_mss_pipeline.py took 0.064 seconds
[2026-05-24T15:56:12.392+0000] {processor.py:161} INFO - Started process (PID=264) to work on /opt/airflow/dags/berlin_mss_pipeline.py
[2026-05-24T15:56:12.393+0000] {processor.py:830} INFO - Processing file /opt/airflow/dags/berlin_mss_pipeline.py for tasks to queue
[2026-05-24T15:56:12.394+0000] {logging_mixin.py:188} INFO - [2026-05-24T15:56:12.394+0000] {dagbag.py:545} INFO - Filling up the DagBag from /opt/airflow/dags/berlin_mss_pipeline.py
[2026-05-24T15:56:12.402+0000] {processor.py:840} INFO - DAG(s) 'berlin_social_atlas' retrieved from /opt/airflow/dags/berlin_mss_pipeline.py
[2026-05-24T15:56:12.426+0000] {logging_mixin.py:188} INFO - [2026-05-24T15:56:12.425+0000] {dag.py:3096} INFO - Sync 1 DAGs
[2026-05-24T15:56:12.442+0000] {logging_mixin.py:188} INFO - [2026-05-24T15:56:12.442+0000] {dag.py:3954} INFO - Setting next_dagrun for berlin_social_atlas to 2025-01-01 06:00:00+00:00, run_after=2026-01-01 06:00:00+00:00
[2026-05-24T15:56:12.455+0000] {processor.py:183} INFO - Processing /opt/airflow/dags/berlin_mss_pipeline.py took 0.068 seconds
[2026-05-24T15:56:42.632+0000] {processor.py:161} INFO - Started process (PID=269) to work on /opt/airflow/dags/berlin_mss_pipeline.py
[2026-05-24T15:56:42.633+0000] {processor.py:830} INFO - Processing file /opt/airflow/dags/berlin_mss_pipeline.py for tasks to queue
[2026-05-24T15:56:42.634+0000] {logging_mixin.py:188} INFO - [2026-05-24T15:56:42.634+0000] {dagbag.py:545} INFO - Filling up the DagBag from /opt/airflow/dags/berlin_mss_pipeline.py
[2026-05-24T15:56:42.644+0000] {processor.py:840} INFO - DAG(s) 'berlin_social_atlas' retrieved from /opt/airflow/dags/berlin_mss_pipeline.py
[2026-05-24T15:56:42.672+0000] {logging_mixin.py:188} INFO - [2026-05-24T15:56:42.671+0000] {dag.py:3096} INFO - Sync 1 DAGs
[2026-05-24T15:56:42.689+0000] {logging_mixin.py:188} INFO - [2026-05-24T15:56:42.689+0000] {dag.py:3954} INFO - Setting next_dagrun for berlin_social_atlas to 2025-01-01 06:00:00+00:00, run_after=2026-01-01 06:00:00+00:00
[2026-05-24T15:56:42.701+0000] {processor.py:183} INFO - Processing /opt/airflow/dags/berlin_mss_pipeline.py took 0.074 seconds
[2026-05-24T15:57:12.904+0000] {processor.py:161} INFO - Started process (PID=274) to work on /opt/airflow/dags/berlin_mss_pipeline.py
[2026-05-24T15:57:12.905+0000] {processor.py:830} INFO - Processing file /opt/airflow/dags/berlin_mss_pipeline.py for tasks to queue
[2026-05-24T15:57:12.906+0000] {logging_mixin.py:188} INFO - [2026-05-24T15:57:12.906+0000] {dagbag.py:545} INFO - Filling up the DagBag from /opt/airflow/dags/berlin_mss_pipeline.py
[2026-05-24T15:57:12.916+0000] {processor.py:840} INFO - DAG(s) 'berlin_social_atlas' retrieved from /opt/airflow/dags/berlin_mss_pipeline.py
[2026-05-24T15:57:12.939+0000] {logging_mixin.py:188} INFO - [2026-05-24T15:57:12.938+0000] {dag.py:3096} INFO - Sync 1 DAGs
[2026-05-24T15:57:12.954+0000] {logging_mixin.py:188} INFO - [2026-05-24T15:57:12.954+0000] {dag.py:3954} INFO - Setting next_dagrun for berlin_social_atlas to 2025-01-01 06:00:00+00:00, run_after=2026-01-01 06:00:00+00:00
[2026-05-24T15:57:12.966+0000] {processor.py:183} INFO - Processing /opt/airflow/dags/berlin_mss_pipeline.py took 0.066 seconds
[2026-05-24T15:57:43.134+0000] {processor.py:161} INFO - Started process (PID=279) to work on /opt/airflow/dags/berlin_mss_pipeline.py
[2026-05-24T15:57:43.135+0000] {processor.py:830} INFO - Processing file /opt/airflow/dags/berlin_mss_pipeline.py for tasks to queue
[2026-05-24T15:57:43.138+0000] {logging_mixin.py:188} INFO - [2026-05-24T15:57:43.137+0000] {dagbag.py:545} INFO - Filling up the DagBag from /opt/airflow/dags/berlin_mss_pipeline.py
[2026-05-24T15:57:43.152+0000] {processor.py:840} INFO - DAG(s) 'berlin_social_atlas' retrieved from /opt/airflow/dags/berlin_mss_pipeline.py
[2026-05-24T15:57:43.180+0000] {logging_mixin.py:188} INFO - [2026-05-24T15:57:43.179+0000] {dag.py:3096} INFO - Sync 1 DAGs
[2026-05-24T15:57:43.199+0000] {logging_mixin.py:188} INFO - [2026-05-24T15:57:43.198+0000] {dag.py:3954} INFO - Setting next_dagrun for berlin_social_atlas to 2025-01-01 06:00:00+00:00, run_after=2026-01-01 06:00:00+00:00
[2026-05-24T15:57:43.213+0000] {processor.py:183} INFO - Processing /opt/airflow/dags/berlin_mss_pipeline.py took 0.086 seconds
[2026-05-24T15:58:13.406+0000] {processor.py:161} INFO - Started process (PID=288) to work on /opt/airflow/dags/berlin_mss_pipeline.py
[2026-05-24T15:58:13.410+0000] {processor.py:830} INFO - Processing file /opt/airflow/dags/berlin_mss_pipeline.py for tasks to queue
[2026-05-24T15:58:13.413+0000] {logging_mixin.py:188} INFO - [2026-05-24T15:58:13.412+0000] {dagbag.py:545} INFO - Filling up the DagBag from /opt/airflow/dags/berlin_mss_pipeline.py
[2026-05-24T15:58:13.426+0000] {processor.py:840} INFO - DAG(s) 'berlin_social_atlas' retrieved from /opt/airflow/dags/berlin_mss_pipeline.py
[2026-05-24T15:58:13.457+0000] {logging_mixin.py:188} INFO - [2026-05-24T15:58:13.457+0000] {dag.py:3096} INFO - Sync 1 DAGs
[2026-05-24T15:58:13.481+0000] {logging_mixin.py:188} INFO - [2026-05-24T15:58:13.481+0000] {dag.py:3954} INFO - Setting next_dagrun for berlin_social_atlas to 2026-01-01 06:00:00+00:00, run_after=2027-01-01 06:00:00+00:00
[2026-05-24T15:58:13.499+0000] {processor.py:183} INFO - Processing /opt/airflow/dags/berlin_mss_pipeline.py took 0.102 seconds
[2026-05-24T15:58:43.733+0000] {processor.py:161} INFO - Started process (PID=299) to work on /opt/airflow/dags/berlin_mss_pipeline.py
[2026-05-24T15:58:43.734+0000] {processor.py:830} INFO - Processing file /opt/airflow/dags/berlin_mss_pipeline.py for tasks to queue
[2026-05-24T15:58:43.737+0000] {logging_mixin.py:188} INFO - [2026-05-24T15:58:43.737+0000] {dagbag.py:545} INFO - Filling up the DagBag from /opt/airflow/dags/berlin_mss_pipeline.py
[2026-05-24T15:58:43.750+0000] {processor.py:840} INFO - DAG(s) 'berlin_social_atlas' retrieved from /opt/airflow/dags/berlin_mss_pipeline.py
[2026-05-24T15:58:43.774+0000] {logging_mixin.py:188} INFO - [2026-05-24T15:58:43.773+0000] {dag.py:3096} INFO - Sync 1 DAGs
[2026-05-24T15:58:43.789+0000] {logging_mixin.py:188} INFO - [2026-05-24T15:58:43.789+0000] {dag.py:3954} INFO - Setting next_dagrun for berlin_social_atlas to 2026-01-01 06:00:00+00:00, run_after=2027-01-01 06:00:00+00:00
[2026-05-24T15:58:43.800+0000] {processor.py:183} INFO - Processing /opt/airflow/dags/berlin_mss_pipeline.py took 0.073 seconds
[2026-05-24T15:59:14.118+0000] {processor.py:161} INFO - Started process (PID=304) to work on /opt/airflow/dags/berlin_mss_pipeline.py
[2026-05-24T15:59:14.119+0000] {processor.py:830} INFO - Processing file /opt/airflow/dags/berlin_mss_pipeline.py for tasks to queue
[2026-05-24T15:59:14.121+0000] {logging_mixin.py:188} INFO - [2026-05-24T15:59:14.121+0000] {dagbag.py:545} INFO - Filling up the DagBag from /opt/airflow/dags/berlin_mss_pipeline.py
[2026-05-24T15:59:14.134+0000] {processor.py:840} INFO - DAG(s) 'berlin_social_atlas' retrieved from /opt/airflow/dags/berlin_mss_pipeline.py
[2026-05-24T15:59:14.157+0000] {logging_mixin.py:188} INFO - [2026-05-24T15:59:14.157+0000] {dag.py:3096} INFO - Sync 1 DAGs
[2026-05-24T15:59:14.173+0000] {logging_mixin.py:188} INFO - [2026-05-24T15:59:14.173+0000] {dag.py:3954} INFO - Setting next_dagrun for berlin_social_atlas to 2026-01-01 06:00:00+00:00, run_after=2027-01-01 06:00:00+00:00
[2026-05-24T15:59:14.184+0000] {processor.py:183} INFO - Processing /opt/airflow/dags/berlin_mss_pipeline.py took 0.073 seconds
[2026-05-24T15:59:44.400+0000] {processor.py:161} INFO - Started process (PID=309) to work on /opt/airflow/dags/berlin_mss_pipeline.py
[2026-05-24T15:59:44.401+0000] {processor.py:830} INFO - Processing file /opt/airflow/dags/berlin_mss_pipeline.py for tasks to queue
[2026-05-24T15:59:44.403+0000] {logging_mixin.py:188} INFO - [2026-05-24T15:59:44.403+0000] {dagbag.py:545} INFO - Filling up the DagBag from /opt/airflow/dags/berlin_mss_pipeline.py
[2026-05-24T15:59:44.417+0000] {processor.py:840} INFO - DAG(s) 'berlin_social_atlas' retrieved from /opt/airflow/dags/berlin_mss_pipeline.py
[2026-05-24T15:59:44.443+0000] {logging_mixin.py:188} INFO - [2026-05-24T15:59:44.443+0000] {dag.py:3096} INFO - Sync 1 DAGs
[2026-05-24T15:59:44.462+0000] {logging_mixin.py:188} INFO - [2026-05-24T15:59:44.462+0000] {dag.py:3954} INFO - Setting next_dagrun for berlin_social_atlas to 2026-01-01 06:00:00+00:00, run_after=2027-01-01 06:00:00+00:00
[2026-05-24T15:59:44.475+0000] {processor.py:183} INFO - Processing /opt/airflow/dags/berlin_mss_pipeline.py took 0.082 seconds
[2026-05-24T16:00:14.655+0000] {processor.py:161} INFO - Started process (PID=314) to work on /opt/airflow/dags/berlin_mss_pipeline.py
[2026-05-24T16:00:14.656+0000] {processor.py:830} INFO - Processing file /opt/airflow/dags/berlin_mss_pipeline.py for tasks to queue
[2026-05-24T16:00:14.658+0000] {logging_mixin.py:188} INFO - [2026-05-24T16:00:14.658+0000] {dagbag.py:545} INFO - Filling up the DagBag from /opt/airflow/dags/berlin_mss_pipeline.py
[2026-05-24T16:00:14.674+0000] {processor.py:840} INFO - DAG(s) 'berlin_social_atlas' retrieved from /opt/airflow/dags/berlin_mss_pipeline.py
[2026-05-24T16:00:14.697+0000] {logging_mixin.py:188} INFO - [2026-05-24T16:00:14.697+0000] {dag.py:3096} INFO - Sync 1 DAGs
[2026-05-24T16:00:14.714+0000] {logging_mixin.py:188} INFO - [2026-05-24T16:00:14.714+0000] {dag.py:3954} INFO - Setting next_dagrun for berlin_social_atlas to 2026-01-01 06:00:00+00:00, run_after=2027-01-01 06:00:00+00:00
[2026-05-24T16:00:14.729+0000] {processor.py:183} INFO - Processing /opt/airflow/dags/berlin_mss_pipeline.py took 0.082 seconds
[2026-05-24T16:00:45.007+0000] {processor.py:161} INFO - Started process (PID=319) to work on /opt/airflow/dags/berlin_mss_pipeline.py
[2026-05-24T16:00:45.008+0000] {processor.py:830} INFO - Processing file /opt/airflow/dags/berlin_mss_pipeline.py for tasks to queue
[2026-05-24T16:00:45.011+0000] {logging_mixin.py:188} INFO - [2026-05-24T16:00:45.010+0000] {dagbag.py:545} INFO - Filling up the DagBag from /opt/airflow/dags/berlin_mss_pipeline.py
[2026-05-24T16:00:45.026+0000] {processor.py:840} INFO - DAG(s) 'berlin_social_atlas' retrieved from /opt/airflow/dags/berlin_mss_pipeline.py
[2026-05-24T16:00:45.060+0000] {logging_mixin.py:188} INFO - [2026-05-24T16:00:45.060+0000] {dag.py:3096} INFO - Sync 1 DAGs
[2026-05-24T16:00:45.082+0000] {logging_mixin.py:188} INFO - [2026-05-24T16:00:45.082+0000] {dag.py:3954} INFO - Setting next_dagrun for berlin_social_atlas to 2026-01-01 06:00:00+00:00, run_after=2027-01-01 06:00:00+00:00
[2026-05-24T16:00:45.096+0000] {processor.py:183} INFO - Processing /opt/airflow/dags/berlin_mss_pipeline.py took 0.097 seconds
[2026-05-24T16:01:15.291+0000] {processor.py:161} INFO - Started process (PID=324) to work on /opt/airflow/dags/berlin_mss_pipeline.py
[2026-05-24T16:01:15.292+0000] {processor.py:830} INFO - Processing file /opt/airflow/dags/berlin_mss_pipeline.py for tasks to queue
[2026-05-24T16:01:15.295+0000] {logging_mixin.py:188} INFO - [2026-05-24T16:01:15.295+0000] {dagbag.py:545} INFO - Filling up the DagBag from /opt/airflow/dags/berlin_mss_pipeline.py
[2026-05-24T16:01:15.308+0000] {processor.py:840} INFO - DAG(s) 'berlin_social_atlas' retrieved from /opt/airflow/dags/berlin_mss_pipeline.py
[2026-05-24T16:01:15.335+0000] {logging_mixin.py:188} INFO - [2026-05-24T16:01:15.335+0000] {dag.py:3096} INFO - Sync 1 DAGs
[2026-05-24T16:01:15.354+0000] {logging_mixin.py:188} INFO - [2026-05-24T16:01:15.354+0000] {dag.py:3954} INFO - Setting next_dagrun for berlin_social_atlas to 2026-01-01 06:00:00+00:00, run_after=2027-01-01 06:00:00+00:00
[2026-05-24T16:01:15.366+0000] {processor.py:183} INFO - Processing /opt/airflow/dags/berlin_mss_pipeline.py took 0.082 seconds
[2026-05-24T16:01:45.587+0000] {processor.py:161} INFO - Started process (PID=329) to work on /opt/airflow/dags/berlin_mss_pipeline.py
[2026-05-24T16:01:45.588+0000] {processor.py:830} INFO - Processing file /opt/airflow/dags/berlin_mss_pipeline.py for tasks to queue
[2026-05-24T16:01:45.590+0000] {logging_mixin.py:188} INFO - [2026-05-24T16:01:45.589+0000] {dagbag.py:545} INFO - Filling up the DagBag from /opt/airflow/dags/berlin_mss_pipeline.py
[2026-05-24T16:01:45.604+0000] {processor.py:840} INFO - DAG(s) 'berlin_social_atlas' retrieved from /opt/airflow/dags/berlin_mss_pipeline.py
[2026-05-24T16:01:45.629+0000] {logging_mixin.py:188} INFO - [2026-05-24T16:01:45.629+0000] {dag.py:3096} INFO - Sync 1 DAGs
[2026-05-24T16:01:45.646+0000] {logging_mixin.py:188} INFO - [2026-05-24T16:01:45.645+0000] {dag.py:3954} INFO - Setting next_dagrun for berlin_social_atlas to 2026-01-01 06:00:00+00:00, run_after=2027-01-01 06:00:00+00:00
[2026-05-24T16:01:45.657+0000] {processor.py:183} INFO - Processing /opt/airflow/dags/berlin_mss_pipeline.py took 0.077 seconds
[2026-05-24T16:02:16.001+0000] {processor.py:161} INFO - Started process (PID=334) to work on /opt/airflow/dags/berlin_mss_pipeline.py
[2026-05-24T16:02:16.002+0000] {processor.py:830} INFO - Processing file /opt/airflow/dags/berlin_mss_pipeline.py for tasks to queue
[2026-05-24T16:02:16.005+0000] {logging_mixin.py:188} INFO - [2026-05-24T16:02:16.005+0000] {dagbag.py:545} INFO - Filling up the DagBag from /opt/airflow/dags/berlin_mss_pipeline.py
[2026-05-24T16:02:16.023+0000] {processor.py:840} INFO - DAG(s) 'berlin_social_atlas' retrieved from /opt/airflow/dags/berlin_mss_pipeline.py
[2026-05-24T16:02:16.056+0000] {logging_mixin.py:188} INFO - [2026-05-24T16:02:16.055+0000] {dag.py:3096} INFO - Sync 1 DAGs
[2026-05-24T16:02:16.076+0000] {logging_mixin.py:188} INFO - [2026-05-24T16:02:16.076+0000] {dag.py:3954} INFO - Setting next_dagrun for berlin_social_atlas to 2026-01-01 06:00:00+00:00, run_after=2027-01-01 06:00:00+00:00
[2026-05-24T16:02:16.090+0000] {processor.py:183} INFO - Processing /opt/airflow/dags/berlin_mss_pipeline.py took 0.097 seconds
[2026-05-24T16:02:46.297+0000] {processor.py:161} INFO - Started process (PID=339) to work on /opt/airflow/dags/berlin_mss_pipeline.py
[2026-05-24T16:02:46.298+0000] {processor.py:830} INFO - Processing file /opt/airflow/dags/berlin_mss_pipeline.py for tasks to queue
[2026-05-24T16:02:46.301+0000] {logging_mixin.py:188} INFO - [2026-05-24T16:02:46.301+0000] {dagbag.py:545} INFO - Filling up the DagBag from /opt/airflow/dags/berlin_mss_pipeline.py
[2026-05-24T16:02:46.314+0000] {processor.py:840} INFO - DAG(s) 'berlin_social_atlas' retrieved from /opt/airflow/dags/berlin_mss_pipeline.py
[2026-05-24T16:02:46.339+0000] {logging_mixin.py:188} INFO - [2026-05-24T16:02:46.339+0000] {dag.py:3096} INFO - Sync 1 DAGs
[2026-05-24T16:02:46.357+0000] {logging_mixin.py:188} INFO - [2026-05-24T16:02:46.357+0000] {dag.py:3954} INFO - Setting next_dagrun for berlin_social_atlas to 2026-01-01 06:00:00+00:00, run_after=2027-01-01 06:00:00+00:00
[2026-05-24T16:02:46.371+0000] {processor.py:183} INFO - Processing /opt/airflow/dags/berlin_mss_pipeline.py took 0.084 seconds
[2026-05-24T16:03:16.618+0000] {processor.py:161} INFO - Started process (PID=344) to work on /opt/airflow/dags/berlin_mss_pipeline.py
[2026-05-24T16:03:16.619+0000] {processor.py:830} INFO - Processing file /opt/airflow/dags/berlin_mss_pipeline.py for tasks to queue
[2026-05-24T16:03:16.621+0000] {logging_mixin.py:188} INFO - [2026-05-24T16:03:16.620+0000] {dagbag.py:545} INFO - Filling up the DagBag from /opt/airflow/dags/berlin_mss_pipeline.py
[2026-05-24T16:03:16.632+0000] {processor.py:840} INFO - DAG(s) 'berlin_social_atlas' retrieved from /opt/airflow/dags/berlin_mss_pipeline.py
[2026-05-24T16:03:16.657+0000] {logging_mixin.py:188} INFO - [2026-05-24T16:03:16.657+0000] {dag.py:3096} INFO - Sync 1 DAGs
[2026-05-24T16:03:16.677+0000] {logging_mixin.py:188} INFO - [2026-05-24T16:03:16.676+0000] {dag.py:3954} INFO - Setting next_dagrun for berlin_social_atlas to 2026-01-01 06:00:00+00:00, run_after=2027-01-01 06:00:00+00:00
[2026-05-24T16:03:16.690+0000] {processor.py:183} INFO - Processing /opt/airflow/dags/berlin_mss_pipeline.py took 0.078 seconds
[2026-05-24T16:03:46.950+0000] {processor.py:161} INFO - Started process (PID=349) to work on /opt/airflow/dags/berlin_mss_pipeline.py
[2026-05-24T16:03:46.951+0000] {processor.py:830} INFO - Processing file /opt/airflow/dags/berlin_mss_pipeline.py for tasks to queue
[2026-05-24T16:03:46.954+0000] {logging_mixin.py:188} INFO - [2026-05-24T16:03:46.953+0000] {dagbag.py:545} INFO - Filling up the DagBag from /opt/airflow/dags/berlin_mss_pipeline.py
[2026-05-24T16:03:46.972+0000] {processor.py:840} INFO - DAG(s) 'berlin_social_atlas' retrieved from /opt/airflow/dags/berlin_mss_pipeline.py
[2026-05-24T16:03:47.003+0000] {logging_mixin.py:188} INFO - [2026-05-24T16:03:47.003+0000] {dag.py:3096} INFO - Sync 1 DAGs
[2026-05-24T16:03:47.022+0000] {logging_mixin.py:188} INFO - [2026-05-24T16:03:47.022+0000] {dag.py:3954} INFO - Setting next_dagrun for berlin_social_atlas to 2026-01-01 06:00:00+00:00, run_after=2027-01-01 06:00:00+00:00
[2026-05-24T16:03:47.035+0000] {processor.py:183} INFO - Processing /opt/airflow/dags/berlin_mss_pipeline.py took 0.094 seconds
[2026-05-24T16:04:54.642+0000] {processor.py:161} INFO - Started process (PID=184) to work on /opt/airflow/dags/berlin_mss_pipeline.py
[2026-05-24T16:04:54.645+0000] {processor.py:830} INFO - Processing file /opt/airflow/dags/berlin_mss_pipeline.py for tasks to queue
[2026-05-24T16:04:54.646+0000] {logging_mixin.py:188} INFO - [2026-05-24T16:04:54.646+0000] {dagbag.py:545} INFO - Filling up the DagBag from /opt/airflow/dags/berlin_mss_pipeline.py
[2026-05-24T16:04:54.673+0000] {processor.py:840} INFO - DAG(s) 'berlin_social_atlas' retrieved from /opt/airflow/dags/berlin_mss_pipeline.py
[2026-05-24T16:04:54.982+0000] {logging_mixin.py:188} INFO - [2026-05-24T16:04:54.981+0000] {override.py:1829} INFO - Created Permission View: can delete on DAG:berlin_social_atlas
[2026-05-24T16:04:54.990+0000] {logging_mixin.py:188} INFO - [2026-05-24T16:04:54.989+0000] {override.py:1829} INFO - Created Permission View: can edit on DAG:berlin_social_atlas
[2026-05-24T16:04:54.995+0000] {logging_mixin.py:188} INFO - [2026-05-24T16:04:54.994+0000] {override.py:1829} INFO - Created Permission View: can read on DAG:berlin_social_atlas
[2026-05-24T16:04:54.995+0000] {logging_mixin.py:188} INFO - [2026-05-24T16:04:54.995+0000] {dag.py:3096} INFO - Sync 1 DAGs
[2026-05-24T16:04:55.005+0000] {logging_mixin.py:188} INFO - [2026-05-24T16:04:55.004+0000] {dag.py:3118} INFO - Creating ORM DAG for berlin_social_atlas
[2026-05-24T16:04:55.015+0000] {logging_mixin.py:188} INFO - [2026-05-24T16:04:55.014+0000] {dag.py:3954} INFO - Setting next_dagrun for berlin_social_atlas to 2025-01-01 06:00:00+00:00, run_after=2026-01-01 06:00:00+00:00
[2026-05-24T16:04:55.035+0000] {processor.py:183} INFO - Processing /opt/airflow/dags/berlin_mss_pipeline.py took 0.398 seconds
[2026-05-24T16:05:25.260+0000] {processor.py:161} INFO - Started process (PID=189) to work on /opt/airflow/dags/berlin_mss_pipeline.py
[2026-05-24T16:05:25.262+0000] {processor.py:830} INFO - Processing file /opt/airflow/dags/berlin_mss_pipeline.py for tasks to queue
[2026-05-24T16:05:25.264+0000] {logging_mixin.py:188} INFO - [2026-05-24T16:05:25.264+0000] {dagbag.py:545} INFO - Filling up the DagBag from /opt/airflow/dags/berlin_mss_pipeline.py
[2026-05-24T16:05:25.281+0000] {processor.py:840} INFO - DAG(s) 'berlin_social_atlas' retrieved from /opt/airflow/dags/berlin_mss_pipeline.py
[2026-05-24T16:05:25.312+0000] {logging_mixin.py:188} INFO - [2026-05-24T16:05:25.312+0000] {dag.py:3096} INFO - Sync 1 DAGs
[2026-05-24T16:05:25.333+0000] {logging_mixin.py:188} INFO - [2026-05-24T16:05:25.333+0000] {dag.py:3954} INFO - Setting next_dagrun for berlin_social_atlas to 2025-01-01 06:00:00+00:00, run_after=2026-01-01 06:00:00+00:00
[2026-05-24T16:05:25.354+0000] {processor.py:183} INFO - Processing /opt/airflow/dags/berlin_mss_pipeline.py took 0.102 seconds
[2026-05-24T16:05:55.506+0000] {processor.py:161} INFO - Started process (PID=204) to work on /opt/airflow/dags/berlin_mss_pipeline.py
[2026-05-24T16:05:55.507+0000] {processor.py:830} INFO - Processing file /opt/airflow/dags/berlin_mss_pipeline.py for tasks to queue
[2026-05-24T16:05:55.508+0000] {logging_mixin.py:188} INFO - [2026-05-24T16:05:55.508+0000] {dagbag.py:545} INFO - Filling up the DagBag from /opt/airflow/dags/berlin_mss_pipeline.py
[2026-05-24T16:05:55.517+0000] {processor.py:840} INFO - DAG(s) 'berlin_social_atlas' retrieved from /opt/airflow/dags/berlin_mss_pipeline.py
[2026-05-24T16:05:55.540+0000] {logging_mixin.py:188} INFO - [2026-05-24T16:05:55.540+0000] {dag.py:3096} INFO - Sync 1 DAGs
[2026-05-24T16:05:55.556+0000] {logging_mixin.py:188} INFO - [2026-05-24T16:05:55.556+0000] {dag.py:3954} INFO - Setting next_dagrun for berlin_social_atlas to 2026-01-01 06:00:00+00:00, run_after=2027-01-01 06:00:00+00:00
[2026-05-24T16:05:55.568+0000] {processor.py:183} INFO - Processing /opt/airflow/dags/berlin_mss_pipeline.py took 0.067 seconds
[2026-05-24T16:06:25.873+0000] {processor.py:161} INFO - Started process (PID=209) to work on /opt/airflow/dags/berlin_mss_pipeline.py
[2026-05-24T16:06:25.874+0000] {processor.py:830} INFO - Processing file /opt/airflow/dags/berlin_mss_pipeline.py for tasks to queue
[2026-05-24T16:06:25.878+0000] {logging_mixin.py:188} INFO - [2026-05-24T16:06:25.877+0000] {dagbag.py:545} INFO - Filling up the DagBag from /opt/airflow/dags/berlin_mss_pipeline.py
[2026-05-24T16:06:25.905+0000] {processor.py:840} INFO - DAG(s) 'berlin_social_atlas' retrieved from /opt/airflow/dags/berlin_mss_pipeline.py
[2026-05-24T16:06:25.949+0000] {logging_mixin.py:188} INFO - [2026-05-24T16:06:25.949+0000] {dag.py:3096} INFO - Sync 1 DAGs
[2026-05-24T16:06:25.978+0000] {logging_mixin.py:188} INFO - [2026-05-24T16:06:25.977+0000] {dag.py:3954} INFO - Setting next_dagrun for berlin_social_atlas to 2026-01-01 06:00:00+00:00, run_after=2027-01-01 06:00:00+00:00
[2026-05-24T16:06:25.997+0000] {processor.py:183} INFO - Processing /opt/airflow/dags/berlin_mss_pipeline.py took 0.141 seconds
[2026-05-24T16:06:56.174+0000] {processor.py:161} INFO - Started process (PID=214) to work on /opt/airflow/dags/berlin_mss_pipeline.py
[2026-05-24T16:06:56.175+0000] {processor.py:830} INFO - Processing file /opt/airflow/dags/berlin_mss_pipeline.py for tasks to queue
[2026-05-24T16:06:56.177+0000] {logging_mixin.py:188} INFO - [2026-05-24T16:06:56.177+0000] {dagbag.py:545} INFO - Filling up the DagBag from /opt/airflow/dags/berlin_mss_pipeline.py
[2026-05-24T16:06:56.190+0000] {processor.py:840} INFO - DAG(s) 'berlin_social_atlas' retrieved from /opt/airflow/dags/berlin_mss_pipeline.py
[2026-05-24T16:06:56.218+0000] {logging_mixin.py:188} INFO - [2026-05-24T16:06:56.218+0000] {dag.py:3096} INFO - Sync 1 DAGs
[2026-05-24T16:06:56.251+0000] {logging_mixin.py:188} INFO - [2026-05-24T16:06:56.251+0000] {dag.py:3954} INFO - Setting next_dagrun for berlin_social_atlas to 2026-01-01 06:00:00+00:00, run_after=2027-01-01 06:00:00+00:00
[2026-05-24T16:06:56.264+0000] {processor.py:183} INFO - Processing /opt/airflow/dags/berlin_mss_pipeline.py took 0.097 seconds
[2026-05-24T16:07:26.502+0000] {processor.py:161} INFO - Started process (PID=219) to work on /opt/airflow/dags/berlin_mss_pipeline.py
[2026-05-24T16:07:26.504+0000] {processor.py:830} INFO - Processing file /opt/airflow/dags/berlin_mss_pipeline.py for tasks to queue
[2026-05-24T16:07:26.506+0000] {logging_mixin.py:188} INFO - [2026-05-24T16:07:26.505+0000] {dagbag.py:545} INFO - Filling up the DagBag from /opt/airflow/dags/berlin_mss_pipeline.py
[2026-05-24T16:07:26.528+0000] {processor.py:840} INFO - DAG(s) 'berlin_social_atlas' retrieved from /opt/airflow/dags/berlin_mss_pipeline.py
[2026-05-24T16:07:26.561+0000] {logging_mixin.py:188} INFO - [2026-05-24T16:07:26.560+0000] {dag.py:3096} INFO - Sync 1 DAGs
[2026-05-24T16:07:26.583+0000] {logging_mixin.py:188} INFO - [2026-05-24T16:07:26.583+0000] {dag.py:3954} INFO - Setting next_dagrun for berlin_social_atlas to 2026-01-01 06:00:00+00:00, run_after=2027-01-01 06:00:00+00:00
[2026-05-24T16:07:26.597+0000] {processor.py:183} INFO - Processing /opt/airflow/dags/berlin_mss_pipeline.py took 0.104 seconds
[2026-05-24T16:07:56.804+0000] {processor.py:161} INFO - Started process (PID=224) to work on /opt/airflow/dags/berlin_mss_pipeline.py
[2026-05-24T16:07:56.805+0000] {processor.py:830} INFO - Processing file /opt/airflow/dags/berlin_mss_pipeline.py for tasks to queue
[2026-05-24T16:07:56.807+0000] {logging_mixin.py:188} INFO - [2026-05-24T16:07:56.807+0000] {dagbag.py:545} INFO - Filling up the DagBag from /opt/airflow/dags/berlin_mss_pipeline.py
[2026-05-24T16:07:56.818+0000] {processor.py:840} INFO - DAG(s) 'berlin_social_atlas' retrieved from /opt/airflow/dags/berlin_mss_pipeline.py
[2026-05-24T16:07:56.849+0000] {logging_mixin.py:188} INFO - [2026-05-24T16:07:56.849+0000] {dag.py:3096} INFO - Sync 1 DAGs
[2026-05-24T16:07:56.869+0000] {logging_mixin.py:188} INFO - [2026-05-24T16:07:56.868+0000] {dag.py:3954} INFO - Setting next_dagrun for berlin_social_atlas to 2026-01-01 06:00:00+00:00, run_after=2027-01-01 06:00:00+00:00
[2026-05-24T16:07:56.881+0000] {processor.py:183} INFO - Processing /opt/airflow/dags/berlin_mss_pipeline.py took 0.083 seconds
[2026-05-24T16:09:09.710+0000] {processor.py:161} INFO - Started process (PID=183) to work on /opt/airflow/dags/berlin_mss_pipeline.py
[2026-05-24T16:09:09.712+0000] {processor.py:830} INFO - Processing file /opt/airflow/dags/berlin_mss_pipeline.py for tasks to queue
[2026-05-24T16:09:09.716+0000] {logging_mixin.py:188} INFO - [2026-05-24T16:09:09.716+0000] {dagbag.py:545} INFO - Filling up the DagBag from /opt/airflow/dags/berlin_mss_pipeline.py
[2026-05-24T16:09:09.726+0000] {processor.py:840} INFO - DAG(s) 'berlin_social_atlas' retrieved from /opt/airflow/dags/berlin_mss_pipeline.py
[2026-05-24T16:09:09.755+0000] {logging_mixin.py:188} INFO - [2026-05-24T16:09:09.755+0000] {dag.py:3096} INFO - Sync 1 DAGs
[2026-05-24T16:09:09.774+0000] {logging_mixin.py:188} INFO - [2026-05-24T16:09:09.774+0000] {dag.py:3954} INFO - Setting next_dagrun for berlin_social_atlas to 2026-01-01 06:00:00+00:00, run_after=2027-01-01 06:00:00+00:00
[2026-05-24T16:09:09.788+0000] {processor.py:183} INFO - Processing /opt/airflow/dags/berlin_mss_pipeline.py took 0.084 seconds
[2026-05-24T16:09:39.943+0000] {processor.py:161} INFO - Started process (PID=189) to work on /opt/airflow/dags/berlin_mss_pipeline.py
[2026-05-24T16:09:39.944+0000] {processor.py:830} INFO - Processing file /opt/airflow/dags/berlin_mss_pipeline.py for tasks to queue
[2026-05-24T16:09:39.946+0000] {logging_mixin.py:188} INFO - [2026-05-24T16:09:39.945+0000] {dagbag.py:545} INFO - Filling up the DagBag from /opt/airflow/dags/berlin_mss_pipeline.py
[2026-05-24T16:09:39.957+0000] {processor.py:840} INFO - DAG(s) 'berlin_social_atlas' retrieved from /opt/airflow/dags/berlin_mss_pipeline.py
[2026-05-24T16:09:40.148+0000] {logging_mixin.py:188} INFO - [2026-05-24T16:09:40.148+0000] {dag.py:3096} INFO - Sync 1 DAGs
[2026-05-24T16:09:40.162+0000] {logging_mixin.py:188} INFO - [2026-05-24T16:09:40.162+0000] {dag.py:3954} INFO - Setting next_dagrun for berlin_social_atlas to 2026-01-01 06:00:00+00:00, run_after=2027-01-01 06:00:00+00:00
[2026-05-24T16:09:40.176+0000] {processor.py:183} INFO - Processing /opt/airflow/dags/berlin_mss_pipeline.py took 0.239 seconds
[2026-05-24T16:10:10.211+0000] {processor.py:161} INFO - Started process (PID=194) to work on /opt/airflow/dags/berlin_mss_pipeline.py
[2026-05-24T16:10:10.212+0000] {processor.py:830} INFO - Processing file /opt/airflow/dags/berlin_mss_pipeline.py for tasks to queue
[2026-05-24T16:10:10.214+0000] {logging_mixin.py:188} INFO - [2026-05-24T16:10:10.213+0000] {dagbag.py:545} INFO - Filling up the DagBag from /opt/airflow/dags/berlin_mss_pipeline.py
[2026-05-24T16:10:10.225+0000] {processor.py:840} INFO - DAG(s) 'berlin_social_atlas' retrieved from /opt/airflow/dags/berlin_mss_pipeline.py
[2026-05-24T16:10:10.246+0000] {logging_mixin.py:188} INFO - [2026-05-24T16:10:10.246+0000] {dag.py:3096} INFO - Sync 1 DAGs
[2026-05-24T16:10:10.262+0000] {logging_mixin.py:188} INFO - [2026-05-24T16:10:10.261+0000] {dag.py:3954} INFO - Setting next_dagrun for berlin_social_atlas to 2026-01-01 06:00:00+00:00, run_after=2027-01-01 06:00:00+00:00
[2026-05-24T16:10:10.272+0000] {processor.py:183} INFO - Processing /opt/airflow/dags/berlin_mss_pipeline.py took 0.067 seconds
[2026-05-24T16:10:40.529+0000] {processor.py:161} INFO - Started process (PID=205) to work on /opt/airflow/dags/berlin_mss_pipeline.py
[2026-05-24T16:10:40.530+0000] {processor.py:830} INFO - Processing file /opt/airflow/dags/berlin_mss_pipeline.py for tasks to queue
[2026-05-24T16:10:40.531+0000] {logging_mixin.py:188} INFO - [2026-05-24T16:10:40.531+0000] {dagbag.py:545} INFO - Filling up the DagBag from /opt/airflow/dags/berlin_mss_pipeline.py
[2026-05-24T16:10:40.543+0000] {processor.py:840} INFO - DAG(s) 'berlin_social_atlas' retrieved from /opt/airflow/dags/berlin_mss_pipeline.py
[2026-05-24T16:10:40.566+0000] {logging_mixin.py:188} INFO - [2026-05-24T16:10:40.565+0000] {dag.py:3096} INFO - Sync 1 DAGs
[2026-05-24T16:10:40.581+0000] {logging_mixin.py:188} INFO - [2026-05-24T16:10:40.581+0000] {dag.py:3954} INFO - Setting next_dagrun for berlin_social_atlas to 2026-01-01 06:00:00+00:00, run_after=2027-01-01 06:00:00+00:00
[2026-05-24T16:10:40.591+0000] {processor.py:183} INFO - Processing /opt/airflow/dags/berlin_mss_pipeline.py took 0.068 seconds
[2026-05-24T16:11:10.875+0000] {processor.py:161} INFO - Started process (PID=210) to work on /opt/airflow/dags/berlin_mss_pipeline.py
[2026-05-24T16:11:10.876+0000] {processor.py:830} INFO - Processing file /opt/airflow/dags/berlin_mss_pipeline.py for tasks to queue
[2026-05-24T16:11:10.878+0000] {logging_mixin.py:188} INFO - [2026-05-24T16:11:10.877+0000] {dagbag.py:545} INFO - Filling up the DagBag from /opt/airflow/dags/berlin_mss_pipeline.py
[2026-05-24T16:11:10.889+0000] {processor.py:840} INFO - DAG(s) 'berlin_social_atlas' retrieved from /opt/airflow/dags/berlin_mss_pipeline.py
[2026-05-24T16:11:10.913+0000] {logging_mixin.py:188} INFO - [2026-05-24T16:11:10.912+0000] {dag.py:3096} INFO - Sync 1 DAGs
[2026-05-24T16:11:10.927+0000] {logging_mixin.py:188} INFO - [2026-05-24T16:11:10.927+0000] {dag.py:3954} INFO - Setting next_dagrun for berlin_social_atlas to 2026-01-01 06:00:00+00:00, run_after=2027-01-01 06:00:00+00:00
[2026-05-24T16:11:10.938+0000] {processor.py:183} INFO - Processing /opt/airflow/dags/berlin_mss_pipeline.py took 0.069 seconds
[2026-05-24T16:11:41.186+0000] {processor.py:161} INFO - Started process (PID=215) to work on /opt/airflow/dags/berlin_mss_pipeline.py
[2026-05-24T16:11:41.187+0000] {processor.py:830} INFO - Processing file /opt/airflow/dags/berlin_mss_pipeline.py for tasks to queue
[2026-05-24T16:11:41.189+0000] {logging_mixin.py:188} INFO - [2026-05-24T16:11:41.189+0000] {dagbag.py:545} INFO - Filling up the DagBag from /opt/airflow/dags/berlin_mss_pipeline.py
[2026-05-24T16:11:41.202+0000] {processor.py:840} INFO - DAG(s) 'berlin_social_atlas' retrieved from /opt/airflow/dags/berlin_mss_pipeline.py
[2026-05-24T16:11:41.225+0000] {logging_mixin.py:188} INFO - [2026-05-24T16:11:41.225+0000] {dag.py:3096} INFO - Sync 1 DAGs
[2026-05-24T16:11:41.240+0000] {logging_mixin.py:188} INFO - [2026-05-24T16:11:41.240+0000] {dag.py:3954} INFO - Setting next_dagrun for berlin_social_atlas to 2026-01-01 06:00:00+00:00, run_after=2027-01-01 06:00:00+00:00
[2026-05-24T16:11:41.251+0000] {processor.py:183} INFO - Processing /opt/airflow/dags/berlin_mss_pipeline.py took 0.072 seconds
[2026-05-24T16:12:11.486+0000] {processor.py:161} INFO - Started process (PID=220) to work on /opt/airflow/dags/berlin_mss_pipeline.py
[2026-05-24T16:12:11.487+0000] {processor.py:830} INFO - Processing file /opt/airflow/dags/berlin_mss_pipeline.py for tasks to queue
[2026-05-24T16:12:11.489+0000] {logging_mixin.py:188} INFO - [2026-05-24T16:12:11.489+0000] {dagbag.py:545} INFO - Filling up the DagBag from /opt/airflow/dags/berlin_mss_pipeline.py
[2026-05-24T16:12:11.501+0000] {processor.py:840} INFO - DAG(s) 'berlin_social_atlas' retrieved from /opt/airflow/dags/berlin_mss_pipeline.py
[2026-05-24T16:12:11.526+0000] {logging_mixin.py:188} INFO - [2026-05-24T16:12:11.526+0000] {dag.py:3096} INFO - Sync 1 DAGs
[2026-05-24T16:12:11.542+0000] {logging_mixin.py:188} INFO - [2026-05-24T16:12:11.542+0000] {dag.py:3954} INFO - Setting next_dagrun for berlin_social_atlas to 2026-01-01 06:00:00+00:00, run_after=2027-01-01 06:00:00+00:00
[2026-05-24T16:12:11.554+0000] {processor.py:183} INFO - Processing /opt/airflow/dags/berlin_mss_pipeline.py took 0.074 seconds
[2026-05-24T16:12:41.796+0000] {processor.py:161} INFO - Started process (PID=225) to work on /opt/airflow/dags/berlin_mss_pipeline.py
[2026-05-24T16:12:41.797+0000] {processor.py:830} INFO - Processing file /opt/airflow/dags/berlin_mss_pipeline.py for tasks to queue
[2026-05-24T16:12:41.798+0000] {logging_mixin.py:188} INFO - [2026-05-24T16:12:41.798+0000] {dagbag.py:545} INFO - Filling up the DagBag from /opt/airflow/dags/berlin_mss_pipeline.py
[2026-05-24T16:12:41.806+0000] {processor.py:840} INFO - DAG(s) 'berlin_social_atlas' retrieved from /opt/airflow/dags/berlin_mss_pipeline.py
[2026-05-24T16:12:41.826+0000] {logging_mixin.py:188} INFO - [2026-05-24T16:12:41.825+0000] {dag.py:3096} INFO - Sync 1 DAGs
[2026-05-24T16:12:41.840+0000] {logging_mixin.py:188} INFO - [2026-05-24T16:12:41.840+0000] {dag.py:3954} INFO - Setting next_dagrun for berlin_social_atlas to 2026-01-01 06:00:00+00:00, run_after=2027-01-01 06:00:00+00:00
[2026-05-24T16:12:41.851+0000] {processor.py:183} INFO - Processing /opt/airflow/dags/berlin_mss_pipeline.py took 0.059 seconds
[2026-05-24T16:13:12.116+0000] {processor.py:161} INFO - Started process (PID=230) to work on /opt/airflow/dags/berlin_mss_pipeline.py
[2026-05-24T16:13:12.117+0000] {processor.py:830} INFO - Processing file /opt/airflow/dags/berlin_mss_pipeline.py for tasks to queue
[2026-05-24T16:13:12.119+0000] {logging_mixin.py:188} INFO - [2026-05-24T16:13:12.119+0000] {dagbag.py:545} INFO - Filling up the DagBag from /opt/airflow/dags/berlin_mss_pipeline.py
[2026-05-24T16:13:12.130+0000] {processor.py:840} INFO - DAG(s) 'berlin_social_atlas' retrieved from /opt/airflow/dags/berlin_mss_pipeline.py
[2026-05-24T16:13:12.152+0000] {logging_mixin.py:188} INFO - [2026-05-24T16:13:12.152+0000] {dag.py:3096} INFO - Sync 1 DAGs
[2026-05-24T16:13:12.169+0000] {logging_mixin.py:188} INFO - [2026-05-24T16:13:12.169+0000] {dag.py:3954} INFO - Setting next_dagrun for berlin_social_atlas to 2026-01-01 06:00:00+00:00, run_after=2027-01-01 06:00:00+00:00
[2026-05-24T16:13:12.181+0000] {processor.py:183} INFO - Processing /opt/airflow/dags/berlin_mss_pipeline.py took 0.071 seconds
[2026-05-24T16:13:42.449+0000] {processor.py:161} INFO - Started process (PID=235) to work on /opt/airflow/dags/berlin_mss_pipeline.py
[2026-05-24T16:13:42.450+0000] {processor.py:830} INFO - Processing file /opt/airflow/dags/berlin_mss_pipeline.py for tasks to queue
[2026-05-24T16:13:42.454+0000] {logging_mixin.py:188} INFO - [2026-05-24T16:13:42.454+0000] {dagbag.py:545} INFO - Filling up the DagBag from /opt/airflow/dags/berlin_mss_pipeline.py
[2026-05-24T16:13:42.474+0000] {processor.py:840} INFO - DAG(s) 'berlin_social_atlas' retrieved from /opt/airflow/dags/berlin_mss_pipeline.py
[2026-05-24T16:13:42.507+0000] {logging_mixin.py:188} INFO - [2026-05-24T16:13:42.506+0000] {dag.py:3096} INFO - Sync 1 DAGs
[2026-05-24T16:13:42.526+0000] {logging_mixin.py:188} INFO - [2026-05-24T16:13:42.526+0000] {dag.py:3954} INFO - Setting next_dagrun for berlin_social_atlas to 2026-01-01 06:00:00+00:00, run_after=2027-01-01 06:00:00+00:00
[2026-05-24T16:13:42.539+0000] {processor.py:183} INFO - Processing /opt/airflow/dags/berlin_mss_pipeline.py took 0.099 seconds
[2026-05-24T16:14:12.775+0000] {processor.py:161} INFO - Started process (PID=240) to work on /opt/airflow/dags/berlin_mss_pipeline.py
[2026-05-24T16:14:12.776+0000] {processor.py:830} INFO - Processing file /opt/airflow/dags/berlin_mss_pipeline.py for tasks to queue
[2026-05-24T16:14:12.778+0000] {logging_mixin.py:188} INFO - [2026-05-24T16:14:12.777+0000] {dagbag.py:545} INFO - Filling up the DagBag from /opt/airflow/dags/berlin_mss_pipeline.py
[2026-05-24T16:14:12.790+0000] {processor.py:840} INFO - DAG(s) 'berlin_social_atlas' retrieved from /opt/airflow/dags/berlin_mss_pipeline.py
[2026-05-24T16:14:12.813+0000] {logging_mixin.py:188} INFO - [2026-05-24T16:14:12.813+0000] {dag.py:3096} INFO - Sync 1 DAGs
[2026-05-24T16:14:12.829+0000] {logging_mixin.py:188} INFO - [2026-05-24T16:14:12.829+0000] {dag.py:3954} INFO - Setting next_dagrun for berlin_social_atlas to 2026-01-01 06:00:00+00:00, run_after=2027-01-01 06:00:00+00:00
[2026-05-24T16:14:12.841+0000] {processor.py:183} INFO - Processing /opt/airflow/dags/berlin_mss_pipeline.py took 0.073 seconds
[2026-05-24T16:14:43.050+0000] {processor.py:161} INFO - Started process (PID=245) to work on /opt/airflow/dags/berlin_mss_pipeline.py
[2026-05-24T16:14:43.050+0000] {processor.py:830} INFO - Processing file /opt/airflow/dags/berlin_mss_pipeline.py for tasks to queue
[2026-05-24T16:14:43.052+0000] {logging_mixin.py:188} INFO - [2026-05-24T16:14:43.051+0000] {dagbag.py:545} INFO - Filling up the DagBag from /opt/airflow/dags/berlin_mss_pipeline.py
[2026-05-24T16:14:43.061+0000] {processor.py:840} INFO - DAG(s) 'berlin_social_atlas' retrieved from /opt/airflow/dags/berlin_mss_pipeline.py
[2026-05-24T16:14:43.084+0000] {logging_mixin.py:188} INFO - [2026-05-24T16:14:43.084+0000] {dag.py:3096} INFO - Sync 1 DAGs
[2026-05-24T16:14:43.100+0000] {logging_mixin.py:188} INFO - [2026-05-24T16:14:43.100+0000] {dag.py:3954} INFO - Setting next_dagrun for berlin_social_atlas to 2026-01-01 06:00:00+00:00, run_after=2027-01-01 06:00:00+00:00
[2026-05-24T16:14:43.113+0000] {processor.py:183} INFO - Processing /opt/airflow/dags/berlin_mss_pipeline.py took 0.068 seconds
[2026-05-24T16:15:13.420+0000] {processor.py:161} INFO - Started process (PID=250) to work on /opt/airflow/dags/berlin_mss_pipeline.py
[2026-05-24T16:15:13.421+0000] {processor.py:830} INFO - Processing file /opt/airflow/dags/berlin_mss_pipeline.py for tasks to queue
[2026-05-24T16:15:13.422+0000] {logging_mixin.py:188} INFO - [2026-05-24T16:15:13.422+0000] {dagbag.py:545} INFO - Filling up the DagBag from /opt/airflow/dags/berlin_mss_pipeline.py
[2026-05-24T16:15:13.435+0000] {processor.py:840} INFO - DAG(s) 'berlin_social_atlas' retrieved from /opt/airflow/dags/berlin_mss_pipeline.py
[2026-05-24T16:15:13.460+0000] {logging_mixin.py:188} INFO - [2026-05-24T16:15:13.460+0000] {dag.py:3096} INFO - Sync 1 DAGs
[2026-05-24T16:15:13.476+0000] {logging_mixin.py:188} INFO - [2026-05-24T16:15:13.476+0000] {dag.py:3954} INFO - Setting next_dagrun for berlin_social_atlas to 2026-01-01 06:00:00+00:00, run_after=2027-01-01 06:00:00+00:00
[2026-05-24T16:15:13.489+0000] {processor.py:183} INFO - Processing /opt/airflow/dags/berlin_mss_pipeline.py took 0.076 seconds
[2026-05-24T16:15:43.705+0000] {processor.py:161} INFO - Started process (PID=261) to work on /opt/airflow/dags/berlin_mss_pipeline.py
[2026-05-24T16:15:43.707+0000] {processor.py:830} INFO - Processing file /opt/airflow/dags/berlin_mss_pipeline.py for tasks to queue
[2026-05-24T16:15:43.709+0000] {logging_mixin.py:188} INFO - [2026-05-24T16:15:43.709+0000] {dagbag.py:545} INFO - Filling up the DagBag from /opt/airflow/dags/berlin_mss_pipeline.py
[2026-05-24T16:15:43.723+0000] {processor.py:840} INFO - DAG(s) 'berlin_social_atlas' retrieved from /opt/airflow/dags/berlin_mss_pipeline.py
[2026-05-24T16:15:43.749+0000] {logging_mixin.py:188} INFO - [2026-05-24T16:15:43.749+0000] {dag.py:3096} INFO - Sync 1 DAGs
[2026-05-24T16:15:43.765+0000] {logging_mixin.py:188} INFO - [2026-05-24T16:15:43.765+0000] {dag.py:3954} INFO - Setting next_dagrun for berlin_social_atlas to 2026-01-01 06:00:00+00:00, run_after=2027-01-01 06:00:00+00:00
[2026-05-24T16:15:43.776+0000] {processor.py:183} INFO - Processing /opt/airflow/dags/berlin_mss_pipeline.py took 0.080 seconds
[2026-05-24T16:16:13.996+0000] {processor.py:161} INFO - Started process (PID=266) to work on /opt/airflow/dags/berlin_mss_pipeline.py
[2026-05-24T16:16:13.997+0000] {processor.py:830} INFO - Processing file /opt/airflow/dags/berlin_mss_pipeline.py for tasks to queue
[2026-05-24T16:16:13.999+0000] {logging_mixin.py:188} INFO - [2026-05-24T16:16:13.999+0000] {dagbag.py:545} INFO - Filling up the DagBag from /opt/airflow/dags/berlin_mss_pipeline.py
[2026-05-24T16:16:14.011+0000] {processor.py:840} INFO - DAG(s) 'berlin_social_atlas' retrieved from /opt/airflow/dags/berlin_mss_pipeline.py
[2026-05-24T16:16:14.037+0000] {logging_mixin.py:188} INFO - [2026-05-24T16:16:14.036+0000] {dag.py:3096} INFO - Sync 1 DAGs
[2026-05-24T16:16:14.053+0000] {logging_mixin.py:188} INFO - [2026-05-24T16:16:14.053+0000] {dag.py:3954} INFO - Setting next_dagrun for berlin_social_atlas to 2026-01-01 06:00:00+00:00, run_after=2027-01-01 06:00:00+00:00
[2026-05-24T16:16:14.065+0000] {processor.py:183} INFO - Processing /opt/airflow/dags/berlin_mss_pipeline.py took 0.075 seconds
[2026-05-24T16:16:44.327+0000] {processor.py:161} INFO - Started process (PID=271) to work on /opt/airflow/dags/berlin_mss_pipeline.py
[2026-05-24T16:16:44.328+0000] {processor.py:830} INFO - Processing file /opt/airflow/dags/berlin_mss_pipeline.py for tasks to queue
[2026-05-24T16:16:44.330+0000] {logging_mixin.py:188} INFO - [2026-05-24T16:16:44.330+0000] {dagbag.py:545} INFO - Filling up the DagBag from /opt/airflow/dags/berlin_mss_pipeline.py
[2026-05-24T16:16:44.342+0000] {processor.py:840} INFO - DAG(s) 'berlin_social_atlas' retrieved from /opt/airflow/dags/berlin_mss_pipeline.py
[2026-05-24T16:16:44.364+0000] {logging_mixin.py:188} INFO - [2026-05-24T16:16:44.364+0000] {dag.py:3096} INFO - Sync 1 DAGs
[2026-05-24T16:16:44.380+0000] {logging_mixin.py:188} INFO - [2026-05-24T16:16:44.379+0000] {dag.py:3954} INFO - Setting next_dagrun for berlin_social_atlas to 2026-01-01 06:00:00+00:00, run_after=2027-01-01 06:00:00+00:00
[2026-05-24T16:16:44.390+0000] {processor.py:183} INFO - Processing /opt/airflow/dags/berlin_mss_pipeline.py took 0.069 seconds
[2026-05-24T16:17:14.596+0000] {processor.py:161} INFO - Started process (PID=276) to work on /opt/airflow/dags/berlin_mss_pipeline.py
[2026-05-24T16:17:14.597+0000] {processor.py:830} INFO - Processing file /opt/airflow/dags/berlin_mss_pipeline.py for tasks to queue
[2026-05-24T16:17:14.598+0000] {logging_mixin.py:188} INFO - [2026-05-24T16:17:14.598+0000] {dagbag.py:545} INFO - Filling up the DagBag from /opt/airflow/dags/berlin_mss_pipeline.py
[2026-05-24T16:17:14.609+0000] {processor.py:840} INFO - DAG(s) 'berlin_social_atlas' retrieved from /opt/airflow/dags/berlin_mss_pipeline.py
[2026-05-24T16:17:14.632+0000] {logging_mixin.py:188} INFO - [2026-05-24T16:17:14.631+0000] {dag.py:3096} INFO - Sync 1 DAGs
[2026-05-24T16:17:14.648+0000] {logging_mixin.py:188} INFO - [2026-05-24T16:17:14.648+0000] {dag.py:3954} INFO - Setting next_dagrun for berlin_social_atlas to 2026-01-01 06:00:00+00:00, run_after=2027-01-01 06:00:00+00:00
[2026-05-24T16:17:14.660+0000] {processor.py:183} INFO - Processing /opt/airflow/dags/berlin_mss_pipeline.py took 0.069 seconds
[2026-05-24T16:17:44.907+0000] {processor.py:161} INFO - Started process (PID=281) to work on /opt/airflow/dags/berlin_mss_pipeline.py
[2026-05-24T16:17:44.908+0000] {processor.py:830} INFO - Processing file /opt/airflow/dags/berlin_mss_pipeline.py for tasks to queue
[2026-05-24T16:17:44.910+0000] {logging_mixin.py:188} INFO - [2026-05-24T16:17:44.910+0000] {dagbag.py:545} INFO - Filling up the DagBag from /opt/airflow/dags/berlin_mss_pipeline.py
[2026-05-24T16:17:44.926+0000] {processor.py:840} INFO - DAG(s) 'berlin_social_atlas' retrieved from /opt/airflow/dags/berlin_mss_pipeline.py
[2026-05-24T16:17:44.958+0000] {logging_mixin.py:188} INFO - [2026-05-24T16:17:44.957+0000] {dag.py:3096} INFO - Sync 1 DAGs
[2026-05-24T16:17:44.979+0000] {logging_mixin.py:188} INFO - [2026-05-24T16:17:44.979+0000] {dag.py:3954} INFO - Setting next_dagrun for berlin_social_atlas to 2026-01-01 06:00:00+00:00, run_after=2027-01-01 06:00:00+00:00
[2026-05-24T16:17:44.995+0000] {processor.py:183} INFO - Processing /opt/airflow/dags/berlin_mss_pipeline.py took 0.098 seconds
[2026-05-24T16:18:15.195+0000] {processor.py:161} INFO - Started process (PID=286) to work on /opt/airflow/dags/berlin_mss_pipeline.py
[2026-05-24T16:18:15.195+0000] {processor.py:830} INFO - Processing file /opt/airflow/dags/berlin_mss_pipeline.py for tasks to queue
[2026-05-24T16:18:15.196+0000] {logging_mixin.py:188} INFO - [2026-05-24T16:18:15.196+0000] {dagbag.py:545} INFO - Filling up the DagBag from /opt/airflow/dags/berlin_mss_pipeline.py
[2026-05-24T16:18:15.206+0000] {processor.py:840} INFO - DAG(s) 'berlin_social_atlas' retrieved from /opt/airflow/dags/berlin_mss_pipeline.py
[2026-05-24T16:18:15.231+0000] {logging_mixin.py:188} INFO - [2026-05-24T16:18:15.231+0000] {dag.py:3096} INFO - Sync 1 DAGs
[2026-05-24T16:18:15.250+0000] {logging_mixin.py:188} INFO - [2026-05-24T16:18:15.249+0000] {dag.py:3954} INFO - Setting next_dagrun for berlin_social_atlas to 2026-01-01 06:00:00+00:00, run_after=2027-01-01 06:00:00+00:00
[2026-05-24T16:18:15.262+0000] {processor.py:183} INFO - Processing /opt/airflow/dags/berlin_mss_pipeline.py took 0.072 seconds
[2026-05-24T16:18:45.494+0000] {processor.py:161} INFO - Started process (PID=291) to work on /opt/airflow/dags/berlin_mss_pipeline.py
[2026-05-24T16:18:45.496+0000] {processor.py:830} INFO - Processing file /opt/airflow/dags/berlin_mss_pipeline.py for tasks to queue
[2026-05-24T16:18:45.498+0000] {logging_mixin.py:188} INFO - [2026-05-24T16:18:45.498+0000] {dagbag.py:545} INFO - Filling up the DagBag from /opt/airflow/dags/berlin_mss_pipeline.py
[2026-05-24T16:18:45.516+0000] {processor.py:840} INFO - DAG(s) 'berlin_social_atlas' retrieved from /opt/airflow/dags/berlin_mss_pipeline.py
[2026-05-24T16:18:45.552+0000] {logging_mixin.py:188} INFO - [2026-05-24T16:18:45.552+0000] {dag.py:3096} INFO - Sync 1 DAGs
[2026-05-24T16:18:45.574+0000] {logging_mixin.py:188} INFO - [2026-05-24T16:18:45.573+0000] {dag.py:3954} INFO - Setting next_dagrun for berlin_social_atlas to 2026-01-01 06:00:00+00:00, run_after=2027-01-01 06:00:00+00:00
[2026-05-24T16:18:45.587+0000] {processor.py:183} INFO - Processing /opt/airflow/dags/berlin_mss_pipeline.py took 0.101 seconds
[2026-05-24T16:19:15.709+0000] {processor.py:161} INFO - Started process (PID=296) to work on /opt/airflow/dags/berlin_mss_pipeline.py
[2026-05-24T16:19:15.710+0000] {processor.py:830} INFO - Processing file /opt/airflow/dags/berlin_mss_pipeline.py for tasks to queue
[2026-05-24T16:19:15.711+0000] {logging_mixin.py:188} INFO - [2026-05-24T16:19:15.711+0000] {dagbag.py:545} INFO - Filling up the DagBag from /opt/airflow/dags/berlin_mss_pipeline.py
[2026-05-24T16:19:15.723+0000] {processor.py:840} INFO - DAG(s) 'berlin_social_atlas' retrieved from /opt/airflow/dags/berlin_mss_pipeline.py
[2026-05-24T16:19:15.745+0000] {logging_mixin.py:188} INFO - [2026-05-24T16:19:15.745+0000] {dag.py:3096} INFO - Sync 1 DAGs
[2026-05-24T16:19:15.761+0000] {logging_mixin.py:188} INFO - [2026-05-24T16:19:15.761+0000] {dag.py:3954} INFO - Setting next_dagrun for berlin_social_atlas to 2026-01-01 06:00:00+00:00, run_after=2027-01-01 06:00:00+00:00
[2026-05-24T16:19:15.773+0000] {processor.py:183} INFO - Processing /opt/airflow/dags/berlin_mss_pipeline.py took 0.071 seconds
[2026-05-24T16:19:45.951+0000] {processor.py:161} INFO - Started process (PID=301) to work on /opt/airflow/dags/berlin_mss_pipeline.py
[2026-05-24T16:19:45.953+0000] {processor.py:830} INFO - Processing file /opt/airflow/dags/berlin_mss_pipeline.py for tasks to queue
[2026-05-24T16:19:45.959+0000] {logging_mixin.py:188} INFO - [2026-05-24T16:19:45.957+0000] {dagbag.py:545} INFO - Filling up the DagBag from /opt/airflow/dags/berlin_mss_pipeline.py
[2026-05-24T16:19:45.990+0000] {processor.py:840} INFO - DAG(s) 'berlin_social_atlas' retrieved from /opt/airflow/dags/berlin_mss_pipeline.py
[2026-05-24T16:19:46.047+0000] {logging_mixin.py:188} INFO - [2026-05-24T16:19:46.046+0000] {dag.py:3096} INFO - Sync 1 DAGs
[2026-05-24T16:19:46.080+0000] {logging_mixin.py:188} INFO - [2026-05-24T16:19:46.080+0000] {dag.py:3954} INFO - Setting next_dagrun for berlin_social_atlas to 2026-01-01 06:00:00+00:00, run_after=2027-01-01 06:00:00+00:00
[2026-05-24T16:19:46.104+0000] {processor.py:183} INFO - Processing /opt/airflow/dags/berlin_mss_pipeline.py took 0.166 seconds
[2026-05-24T16:20:16.253+0000] {processor.py:161} INFO - Started process (PID=306) to work on /opt/airflow/dags/berlin_mss_pipeline.py
[2026-05-24T16:20:16.254+0000] {processor.py:830} INFO - Processing file /opt/airflow/dags/berlin_mss_pipeline.py for tasks to queue
[2026-05-24T16:20:16.256+0000] {logging_mixin.py:188} INFO - [2026-05-24T16:20:16.256+0000] {dagbag.py:545} INFO - Filling up the DagBag from /opt/airflow/dags/berlin_mss_pipeline.py
[2026-05-24T16:20:16.274+0000] {processor.py:840} INFO - DAG(s) 'berlin_social_atlas' retrieved from /opt/airflow/dags/berlin_mss_pipeline.py
[2026-05-24T16:20:16.305+0000] {logging_mixin.py:188} INFO - [2026-05-24T16:20:16.305+0000] {dag.py:3096} INFO - Sync 1 DAGs
[2026-05-24T16:20:16.330+0000] {logging_mixin.py:188} INFO - [2026-05-24T16:20:16.330+0000] {dag.py:3954} INFO - Setting next_dagrun for berlin_social_atlas to 2026-01-01 06:00:00+00:00, run_after=2027-01-01 06:00:00+00:00
[2026-05-24T16:20:16.345+0000] {processor.py:183} INFO - Processing /opt/airflow/dags/berlin_mss_pipeline.py took 0.107 seconds
[2026-05-24T16:20:46.541+0000] {processor.py:161} INFO - Started process (PID=311) to work on /opt/airflow/dags/berlin_mss_pipeline.py
[2026-05-24T16:20:46.543+0000] {processor.py:830} INFO - Processing file /opt/airflow/dags/berlin_mss_pipeline.py for tasks to queue
[2026-05-24T16:20:46.544+0000] {logging_mixin.py:188} INFO - [2026-05-24T16:20:46.544+0000] {dagbag.py:545} INFO - Filling up the DagBag from /opt/airflow/dags/berlin_mss_pipeline.py
[2026-05-24T16:20:46.559+0000] {processor.py:840} INFO - DAG(s) 'berlin_social_atlas' retrieved from /opt/airflow/dags/berlin_mss_pipeline.py
[2026-05-24T16:20:46.588+0000] {logging_mixin.py:188} INFO - [2026-05-24T16:20:46.587+0000] {dag.py:3096} INFO - Sync 1 DAGs
[2026-05-24T16:20:46.608+0000] {logging_mixin.py:188} INFO - [2026-05-24T16:20:46.608+0000] {dag.py:3954} INFO - Setting next_dagrun for berlin_social_atlas to 2026-01-01 06:00:00+00:00, run_after=2027-01-01 06:00:00+00:00
[2026-05-24T16:20:46.624+0000] {processor.py:183} INFO - Processing /opt/airflow/dags/berlin_mss_pipeline.py took 0.095 seconds
[2026-05-24T16:21:16.924+0000] {processor.py:161} INFO - Started process (PID=316) to work on /opt/airflow/dags/berlin_mss_pipeline.py
[2026-05-24T16:21:16.925+0000] {processor.py:830} INFO - Processing file /opt/airflow/dags/berlin_mss_pipeline.py for tasks to queue
[2026-05-24T16:21:16.928+0000] {logging_mixin.py:188} INFO - [2026-05-24T16:21:16.927+0000] {dagbag.py:545} INFO - Filling up the DagBag from /opt/airflow/dags/berlin_mss_pipeline.py
[2026-05-24T16:21:16.943+0000] {processor.py:840} INFO - DAG(s) 'berlin_social_atlas' retrieved from /opt/airflow/dags/berlin_mss_pipeline.py
[2026-05-24T16:21:16.980+0000] {logging_mixin.py:188} INFO - [2026-05-24T16:21:16.980+0000] {dag.py:3096} INFO - Sync 1 DAGs
[2026-05-24T16:21:17.003+0000] {logging_mixin.py:188} INFO - [2026-05-24T16:21:17.003+0000] {dag.py:3954} INFO - Setting next_dagrun for berlin_social_atlas to 2026-01-01 06:00:00+00:00, run_after=2027-01-01 06:00:00+00:00
[2026-05-24T16:21:17.016+0000] {processor.py:183} INFO - Processing /opt/airflow/dags/berlin_mss_pipeline.py took 0.101 seconds
[2026-05-24T16:21:47.194+0000] {processor.py:161} INFO - Started process (PID=321) to work on /opt/airflow/dags/berlin_mss_pipeline.py
[2026-05-24T16:21:47.195+0000] {processor.py:830} INFO - Processing file /opt/airflow/dags/berlin_mss_pipeline.py for tasks to queue
[2026-05-24T16:21:47.197+0000] {logging_mixin.py:188} INFO - [2026-05-24T16:21:47.197+0000] {dagbag.py:545} INFO - Filling up the DagBag from /opt/airflow/dags/berlin_mss_pipeline.py
[2026-05-24T16:21:47.209+0000] {processor.py:840} INFO - DAG(s) 'berlin_social_atlas' retrieved from /opt/airflow/dags/berlin_mss_pipeline.py
[2026-05-24T16:21:47.243+0000] {logging_mixin.py:188} INFO - [2026-05-24T16:21:47.243+0000] {dag.py:3096} INFO - Sync 1 DAGs
[2026-05-24T16:21:47.264+0000] {logging_mixin.py:188} INFO - [2026-05-24T16:21:47.264+0000] {dag.py:3954} INFO - Setting next_dagrun for berlin_social_atlas to 2026-01-01 06:00:00+00:00, run_after=2027-01-01 06:00:00+00:00
[2026-05-24T16:21:47.277+0000] {processor.py:183} INFO - Processing /opt/airflow/dags/berlin_mss_pipeline.py took 0.092 seconds
[2026-05-24T16:22:17.553+0000] {processor.py:161} INFO - Started process (PID=326) to work on /opt/airflow/dags/berlin_mss_pipeline.py
[2026-05-24T16:22:17.554+0000] {processor.py:830} INFO - Processing file /opt/airflow/dags/berlin_mss_pipeline.py for tasks to queue
[2026-05-24T16:22:17.557+0000] {logging_mixin.py:188} INFO - [2026-05-24T16:22:17.556+0000] {dagbag.py:545} INFO - Filling up the DagBag from /opt/airflow/dags/berlin_mss_pipeline.py
[2026-05-24T16:22:17.573+0000] {processor.py:840} INFO - DAG(s) 'berlin_social_atlas' retrieved from /opt/airflow/dags/berlin_mss_pipeline.py
[2026-05-24T16:22:17.614+0000] {logging_mixin.py:188} INFO - [2026-05-24T16:22:17.614+0000] {dag.py:3096} INFO - Sync 1 DAGs
[2026-05-24T16:22:17.638+0000] {logging_mixin.py:188} INFO - [2026-05-24T16:22:17.638+0000] {dag.py:3954} INFO - Setting next_dagrun for berlin_social_atlas to 2026-01-01 06:00:00+00:00, run_after=2027-01-01 06:00:00+00:00
[2026-05-24T16:22:17.652+0000] {processor.py:183} INFO - Processing /opt/airflow/dags/berlin_mss_pipeline.py took 0.109 seconds
[2026-05-24T16:22:47.799+0000] {processor.py:161} INFO - Started process (PID=331) to work on /opt/airflow/dags/berlin_mss_pipeline.py
[2026-05-24T16:22:47.800+0000] {processor.py:830} INFO - Processing file /opt/airflow/dags/berlin_mss_pipeline.py for tasks to queue
[2026-05-24T16:22:47.801+0000] {logging_mixin.py:188} INFO - [2026-05-24T16:22:47.801+0000] {dagbag.py:545} INFO - Filling up the DagBag from /opt/airflow/dags/berlin_mss_pipeline.py
[2026-05-24T16:22:47.812+0000] {processor.py:840} INFO - DAG(s) 'berlin_social_atlas' retrieved from /opt/airflow/dags/berlin_mss_pipeline.py
[2026-05-24T16:22:47.837+0000] {logging_mixin.py:188} INFO - [2026-05-24T16:22:47.837+0000] {dag.py:3096} INFO - Sync 1 DAGs
[2026-05-24T16:22:47.854+0000] {logging_mixin.py:188} INFO - [2026-05-24T16:22:47.853+0000] {dag.py:3954} INFO - Setting next_dagrun for berlin_social_atlas to 2026-01-01 06:00:00+00:00, run_after=2027-01-01 06:00:00+00:00
[2026-05-24T16:22:47.867+0000] {processor.py:183} INFO - Processing /opt/airflow/dags/berlin_mss_pipeline.py took 0.072 seconds
[2026-05-24T16:23:18.146+0000] {processor.py:161} INFO - Started process (PID=336) to work on /opt/airflow/dags/berlin_mss_pipeline.py
[2026-05-24T16:23:18.147+0000] {processor.py:830} INFO - Processing file /opt/airflow/dags/berlin_mss_pipeline.py for tasks to queue
[2026-05-24T16:23:18.149+0000] {logging_mixin.py:188} INFO - [2026-05-24T16:23:18.149+0000] {dagbag.py:545} INFO - Filling up the DagBag from /opt/airflow/dags/berlin_mss_pipeline.py
[2026-05-24T16:23:18.164+0000] {processor.py:840} INFO - DAG(s) 'berlin_social_atlas' retrieved from /opt/airflow/dags/berlin_mss_pipeline.py
[2026-05-24T16:23:18.188+0000] {logging_mixin.py:188} INFO - [2026-05-24T16:23:18.188+0000] {dag.py:3096} INFO - Sync 1 DAGs
[2026-05-24T16:23:18.206+0000] {logging_mixin.py:188} INFO - [2026-05-24T16:23:18.206+0000] {dag.py:3954} INFO - Setting next_dagrun for berlin_social_atlas to 2026-01-01 06:00:00+00:00, run_after=2027-01-01 06:00:00+00:00
[2026-05-24T16:23:18.219+0000] {processor.py:183} INFO - Processing /opt/airflow/dags/berlin_mss_pipeline.py took 0.081 seconds
[2026-05-24T16:23:48.442+0000] {processor.py:161} INFO - Started process (PID=341) to work on /opt/airflow/dags/berlin_mss_pipeline.py
[2026-05-24T16:23:48.443+0000] {processor.py:830} INFO - Processing file /opt/airflow/dags/berlin_mss_pipeline.py for tasks to queue
[2026-05-24T16:23:48.446+0000] {logging_mixin.py:188} INFO - [2026-05-24T16:23:48.445+0000] {dagbag.py:545} INFO - Filling up the DagBag from /opt/airflow/dags/berlin_mss_pipeline.py
[2026-05-24T16:23:48.464+0000] {processor.py:840} INFO - DAG(s) 'berlin_social_atlas' retrieved from /opt/airflow/dags/berlin_mss_pipeline.py
[2026-05-24T16:23:48.499+0000] {logging_mixin.py:188} INFO - [2026-05-24T16:23:48.498+0000] {dag.py:3096} INFO - Sync 1 DAGs
[2026-05-24T16:23:48.521+0000] {logging_mixin.py:188} INFO - [2026-05-24T16:23:48.521+0000] {dag.py:3954} INFO - Setting next_dagrun for berlin_social_atlas to 2026-01-01 06:00:00+00:00, run_after=2027-01-01 06:00:00+00:00
[2026-05-24T16:23:48.535+0000] {processor.py:183} INFO - Processing /opt/airflow/dags/berlin_mss_pipeline.py took 0.102 seconds
[2026-05-24T16:25:28.111+0000] {processor.py:161} INFO - Started process (PID=206) to work on /opt/airflow/dags/berlin_mss_pipeline.py
[2026-05-24T16:25:28.113+0000] {processor.py:830} INFO - Processing file /opt/airflow/dags/berlin_mss_pipeline.py for tasks to queue
[2026-05-24T16:25:28.115+0000] {logging_mixin.py:188} INFO - [2026-05-24T16:25:28.114+0000] {dagbag.py:545} INFO - Filling up the DagBag from /opt/airflow/dags/berlin_mss_pipeline.py
[2026-05-24T16:25:28.144+0000] {processor.py:840} INFO - DAG(s) 'berlin_social_atlas' retrieved from /opt/airflow/dags/berlin_mss_pipeline.py
[2026-05-24T16:25:28.409+0000] {logging_mixin.py:188} INFO - [2026-05-24T16:25:28.409+0000] {override.py:1829} INFO - Created Permission View: can read on DAG:berlin_social_atlas
[2026-05-24T16:25:28.415+0000] {logging_mixin.py:188} INFO - [2026-05-24T16:25:28.415+0000] {override.py:1829} INFO - Created Permission View: can delete on DAG:berlin_social_atlas
[2026-05-24T16:25:28.419+0000] {logging_mixin.py:188} INFO - [2026-05-24T16:25:28.418+0000] {override.py:1829} INFO - Created Permission View: can edit on DAG:berlin_social_atlas
[2026-05-24T16:25:28.419+0000] {logging_mixin.py:188} INFO - [2026-05-24T16:25:28.419+0000] {dag.py:3096} INFO - Sync 1 DAGs
[2026-05-24T16:25:28.426+0000] {logging_mixin.py:188} INFO - [2026-05-24T16:25:28.426+0000] {dag.py:3118} INFO - Creating ORM DAG for berlin_social_atlas
[2026-05-24T16:25:28.435+0000] {logging_mixin.py:188} INFO - [2026-05-24T16:25:28.435+0000] {dag.py:3954} INFO - Setting next_dagrun for berlin_social_atlas to 2025-01-01 06:00:00+00:00, run_after=2026-01-01 06:00:00+00:00
[2026-05-24T16:25:28.449+0000] {processor.py:183} INFO - Processing /opt/airflow/dags/berlin_mss_pipeline.py took 0.343 seconds
[2026-05-24T16:25:58.653+0000] {processor.py:161} INFO - Started process (PID=211) to work on /opt/airflow/dags/berlin_mss_pipeline.py
[2026-05-24T16:25:58.654+0000] {processor.py:830} INFO - Processing file /opt/airflow/dags/berlin_mss_pipeline.py for tasks to queue
[2026-05-24T16:25:58.657+0000] {logging_mixin.py:188} INFO - [2026-05-24T16:25:58.657+0000] {dagbag.py:545} INFO - Filling up the DagBag from /opt/airflow/dags/berlin_mss_pipeline.py
[2026-05-24T16:25:58.677+0000] {processor.py:840} INFO - DAG(s) 'berlin_social_atlas' retrieved from /opt/airflow/dags/berlin_mss_pipeline.py
[2026-05-24T16:25:58.714+0000] {logging_mixin.py:188} INFO - [2026-05-24T16:25:58.714+0000] {dag.py:3096} INFO - Sync 1 DAGs
[2026-05-24T16:25:58.734+0000] {logging_mixin.py:188} INFO - [2026-05-24T16:25:58.734+0000] {dag.py:3954} INFO - Setting next_dagrun for berlin_social_atlas to 2025-01-01 06:00:00+00:00, run_after=2026-01-01 06:00:00+00:00
[2026-05-24T16:25:58.749+0000] {processor.py:183} INFO - Processing /opt/airflow/dags/berlin_mss_pipeline.py took 0.106 seconds
[2026-05-24T16:26:28.923+0000] {processor.py:161} INFO - Started process (PID=216) to work on /opt/airflow/dags/berlin_mss_pipeline.py
[2026-05-24T16:26:28.924+0000] {processor.py:830} INFO - Processing file /opt/airflow/dags/berlin_mss_pipeline.py for tasks to queue
[2026-05-24T16:26:28.926+0000] {logging_mixin.py:188} INFO - [2026-05-24T16:26:28.926+0000] {dagbag.py:545} INFO - Filling up the DagBag from /opt/airflow/dags/berlin_mss_pipeline.py
[2026-05-24T16:26:28.938+0000] {processor.py:840} INFO - DAG(s) 'berlin_social_atlas' retrieved from /opt/airflow/dags/berlin_mss_pipeline.py
[2026-05-24T16:26:28.963+0000] {logging_mixin.py:188} INFO - [2026-05-24T16:26:28.962+0000] {dag.py:3096} INFO - Sync 1 DAGs
[2026-05-24T16:26:28.978+0000] {logging_mixin.py:188} INFO - [2026-05-24T16:26:28.978+0000] {dag.py:3954} INFO - Setting next_dagrun for berlin_social_atlas to 2025-01-01 06:00:00+00:00, run_after=2026-01-01 06:00:00+00:00
[2026-05-24T16:26:28.992+0000] {processor.py:183} INFO - Processing /opt/airflow/dags/berlin_mss_pipeline.py took 0.077 seconds
[2026-05-24T16:26:59.248+0000] {processor.py:161} INFO - Started process (PID=221) to work on /opt/airflow/dags/berlin_mss_pipeline.py
[2026-05-24T16:26:59.249+0000] {processor.py:830} INFO - Processing file /opt/airflow/dags/berlin_mss_pipeline.py for tasks to queue
[2026-05-24T16:26:59.251+0000] {logging_mixin.py:188} INFO - [2026-05-24T16:26:59.250+0000] {dagbag.py:545} INFO - Filling up the DagBag from /opt/airflow/dags/berlin_mss_pipeline.py
[2026-05-24T16:26:59.266+0000] {processor.py:840} INFO - DAG(s) 'berlin_social_atlas' retrieved from /opt/airflow/dags/berlin_mss_pipeline.py
[2026-05-24T16:26:59.312+0000] {logging_mixin.py:188} INFO - [2026-05-24T16:26:59.312+0000] {dag.py:3096} INFO - Sync 1 DAGs
[2026-05-24T16:26:59.334+0000] {logging_mixin.py:188} INFO - [2026-05-24T16:26:59.334+0000] {dag.py:3954} INFO - Setting next_dagrun for berlin_social_atlas to 2025-01-01 06:00:00+00:00, run_after=2026-01-01 06:00:00+00:00
[2026-05-24T16:26:59.349+0000] {processor.py:183} INFO - Processing /opt/airflow/dags/berlin_mss_pipeline.py took 0.106 seconds
[2026-05-24T16:27:29.530+0000] {processor.py:161} INFO - Started process (PID=226) to work on /opt/airflow/dags/berlin_mss_pipeline.py
[2026-05-24T16:27:29.531+0000] {processor.py:830} INFO - Processing file /opt/airflow/dags/berlin_mss_pipeline.py for tasks to queue
[2026-05-24T16:27:29.534+0000] {logging_mixin.py:188} INFO - [2026-05-24T16:27:29.533+0000] {dagbag.py:545} INFO - Filling up the DagBag from /opt/airflow/dags/berlin_mss_pipeline.py
[2026-05-24T16:27:29.556+0000] {processor.py:840} INFO - DAG(s) 'berlin_social_atlas' retrieved from /opt/airflow/dags/berlin_mss_pipeline.py
[2026-05-24T16:27:29.588+0000] {logging_mixin.py:188} INFO - [2026-05-24T16:27:29.588+0000] {dag.py:3096} INFO - Sync 1 DAGs
[2026-05-24T16:27:29.610+0000] {logging_mixin.py:188} INFO - [2026-05-24T16:27:29.610+0000] {dag.py:3954} INFO - Setting next_dagrun for berlin_social_atlas to 2025-01-01 06:00:00+00:00, run_after=2026-01-01 06:00:00+00:00
[2026-05-24T16:27:29.624+0000] {processor.py:183} INFO - Processing /opt/airflow/dags/berlin_mss_pipeline.py took 0.108 seconds
[2026-05-24T16:27:59.852+0000] {processor.py:161} INFO - Started process (PID=231) to work on /opt/airflow/dags/berlin_mss_pipeline.py
[2026-05-24T16:27:59.853+0000] {processor.py:830} INFO - Processing file /opt/airflow/dags/berlin_mss_pipeline.py for tasks to queue
[2026-05-24T16:27:59.856+0000] {logging_mixin.py:188} INFO - [2026-05-24T16:27:59.855+0000] {dagbag.py:545} INFO - Filling up the DagBag from /opt/airflow/dags/berlin_mss_pipeline.py
[2026-05-24T16:27:59.870+0000] {processor.py:840} INFO - DAG(s) 'berlin_social_atlas' retrieved from /opt/airflow/dags/berlin_mss_pipeline.py
[2026-05-24T16:27:59.906+0000] {logging_mixin.py:188} INFO - [2026-05-24T16:27:59.905+0000] {dag.py:3096} INFO - Sync 1 DAGs
[2026-05-24T16:27:59.928+0000] {logging_mixin.py:188} INFO - [2026-05-24T16:27:59.928+0000] {dag.py:3954} INFO - Setting next_dagrun for berlin_social_atlas to 2025-01-01 06:00:00+00:00, run_after=2026-01-01 06:00:00+00:00
[2026-05-24T16:27:59.944+0000] {processor.py:183} INFO - Processing /opt/airflow/dags/berlin_mss_pipeline.py took 0.102 seconds
[2026-05-24T16:28:30.177+0000] {processor.py:161} INFO - Started process (PID=236) to work on /opt/airflow/dags/berlin_mss_pipeline.py
[2026-05-24T16:28:30.178+0000] {processor.py:830} INFO - Processing file /opt/airflow/dags/berlin_mss_pipeline.py for tasks to queue
[2026-05-24T16:28:30.180+0000] {logging_mixin.py:188} INFO - [2026-05-24T16:28:30.180+0000] {dagbag.py:545} INFO - Filling up the DagBag from /opt/airflow/dags/berlin_mss_pipeline.py
[2026-05-24T16:28:30.193+0000] {processor.py:840} INFO - DAG(s) 'berlin_social_atlas' retrieved from /opt/airflow/dags/berlin_mss_pipeline.py
[2026-05-24T16:28:30.221+0000] {logging_mixin.py:188} INFO - [2026-05-24T16:28:30.221+0000] {dag.py:3096} INFO - Sync 1 DAGs
[2026-05-24T16:28:30.239+0000] {logging_mixin.py:188} INFO - [2026-05-24T16:28:30.238+0000] {dag.py:3954} INFO - Setting next_dagrun for berlin_social_atlas to 2025-01-01 06:00:00+00:00, run_after=2026-01-01 06:00:00+00:00
[2026-05-24T16:28:30.251+0000] {processor.py:183} INFO - Processing /opt/airflow/dags/berlin_mss_pipeline.py took 0.082 seconds
[2026-05-24T16:29:00.479+0000] {processor.py:161} INFO - Started process (PID=241) to work on /opt/airflow/dags/berlin_mss_pipeline.py
[2026-05-24T16:29:00.480+0000] {processor.py:830} INFO - Processing file /opt/airflow/dags/berlin_mss_pipeline.py for tasks to queue
[2026-05-24T16:29:00.483+0000] {logging_mixin.py:188} INFO - [2026-05-24T16:29:00.482+0000] {dagbag.py:545} INFO - Filling up the DagBag from /opt/airflow/dags/berlin_mss_pipeline.py
[2026-05-24T16:29:00.501+0000] {processor.py:840} INFO - DAG(s) 'berlin_social_atlas' retrieved from /opt/airflow/dags/berlin_mss_pipeline.py
[2026-05-24T16:29:00.530+0000] {logging_mixin.py:188} INFO - [2026-05-24T16:29:00.530+0000] {dag.py:3096} INFO - Sync 1 DAGs
[2026-05-24T16:29:00.548+0000] {logging_mixin.py:188} INFO - [2026-05-24T16:29:00.548+0000] {dag.py:3954} INFO - Setting next_dagrun for berlin_social_atlas to 2025-01-01 06:00:00+00:00, run_after=2026-01-01 06:00:00+00:00
[2026-05-24T16:29:00.560+0000] {processor.py:183} INFO - Processing /opt/airflow/dags/berlin_mss_pipeline.py took 0.090 seconds
[2026-05-24T16:29:30.769+0000] {processor.py:161} INFO - Started process (PID=260) to work on /opt/airflow/dags/berlin_mss_pipeline.py
[2026-05-24T16:29:30.770+0000] {processor.py:830} INFO - Processing file /opt/airflow/dags/berlin_mss_pipeline.py for tasks to queue
[2026-05-24T16:29:30.772+0000] {logging_mixin.py:188} INFO - [2026-05-24T16:29:30.771+0000] {dagbag.py:545} INFO - Filling up the DagBag from /opt/airflow/dags/berlin_mss_pipeline.py
[2026-05-24T16:29:30.784+0000] {processor.py:840} INFO - DAG(s) 'berlin_social_atlas' retrieved from /opt/airflow/dags/berlin_mss_pipeline.py
[2026-05-24T16:29:30.809+0000] {logging_mixin.py:188} INFO - [2026-05-24T16:29:30.809+0000] {dag.py:3096} INFO - Sync 1 DAGs
[2026-05-24T16:29:30.827+0000] {logging_mixin.py:188} INFO - [2026-05-24T16:29:30.826+0000] {dag.py:3954} INFO - Setting next_dagrun for berlin_social_atlas to 2026-01-01 06:00:00+00:00, run_after=2027-01-01 06:00:00+00:00
[2026-05-24T16:29:30.838+0000] {processor.py:183} INFO - Processing /opt/airflow/dags/berlin_mss_pipeline.py took 0.075 seconds
[2026-05-24T16:30:01.052+0000] {processor.py:161} INFO - Started process (PID=265) to work on /opt/airflow/dags/berlin_mss_pipeline.py
[2026-05-24T16:30:01.054+0000] {processor.py:830} INFO - Processing file /opt/airflow/dags/berlin_mss_pipeline.py for tasks to queue
[2026-05-24T16:30:01.056+0000] {logging_mixin.py:188} INFO - [2026-05-24T16:30:01.056+0000] {dagbag.py:545} INFO - Filling up the DagBag from /opt/airflow/dags/berlin_mss_pipeline.py
[2026-05-24T16:30:01.071+0000] {processor.py:840} INFO - DAG(s) 'berlin_social_atlas' retrieved from /opt/airflow/dags/berlin_mss_pipeline.py
[2026-05-24T16:30:01.101+0000] {logging_mixin.py:188} INFO - [2026-05-24T16:30:01.100+0000] {dag.py:3096} INFO - Sync 1 DAGs
[2026-05-24T16:30:01.122+0000] {logging_mixin.py:188} INFO - [2026-05-24T16:30:01.122+0000] {dag.py:3954} INFO - Setting next_dagrun for berlin_social_atlas to 2026-01-01 06:00:00+00:00, run_after=2027-01-01 06:00:00+00:00
[2026-05-24T16:30:01.136+0000] {processor.py:183} INFO - Processing /opt/airflow/dags/berlin_mss_pipeline.py took 0.092 seconds
[2026-05-24T16:30:31.330+0000] {processor.py:161} INFO - Started process (PID=270) to work on /opt/airflow/dags/berlin_mss_pipeline.py
[2026-05-24T16:30:31.331+0000] {processor.py:830} INFO - Processing file /opt/airflow/dags/berlin_mss_pipeline.py for tasks to queue
[2026-05-24T16:30:31.333+0000] {logging_mixin.py:188} INFO - [2026-05-24T16:30:31.333+0000] {dagbag.py:545} INFO - Filling up the DagBag from /opt/airflow/dags/berlin_mss_pipeline.py
[2026-05-24T16:30:31.347+0000] {processor.py:840} INFO - DAG(s) 'berlin_social_atlas' retrieved from /opt/airflow/dags/berlin_mss_pipeline.py
[2026-05-24T16:30:31.388+0000] {logging_mixin.py:188} INFO - [2026-05-24T16:30:31.387+0000] {dag.py:3096} INFO - Sync 1 DAGs
[2026-05-24T16:30:31.411+0000] {logging_mixin.py:188} INFO - [2026-05-24T16:30:31.410+0000] {dag.py:3954} INFO - Setting next_dagrun for berlin_social_atlas to 2026-01-01 06:00:00+00:00, run_after=2027-01-01 06:00:00+00:00
[2026-05-24T16:30:31.426+0000] {processor.py:183} INFO - Processing /opt/airflow/dags/berlin_mss_pipeline.py took 0.105 seconds
[2026-05-24T16:31:01.664+0000] {processor.py:161} INFO - Started process (PID=275) to work on /opt/airflow/dags/berlin_mss_pipeline.py
[2026-05-24T16:31:01.665+0000] {processor.py:830} INFO - Processing file /opt/airflow/dags/berlin_mss_pipeline.py for tasks to queue
[2026-05-24T16:31:01.668+0000] {logging_mixin.py:188} INFO - [2026-05-24T16:31:01.667+0000] {dagbag.py:545} INFO - Filling up the DagBag from /opt/airflow/dags/berlin_mss_pipeline.py
[2026-05-24T16:31:01.686+0000] {processor.py:840} INFO - DAG(s) 'berlin_social_atlas' retrieved from /opt/airflow/dags/berlin_mss_pipeline.py
[2026-05-24T16:31:01.718+0000] {logging_mixin.py:188} INFO - [2026-05-24T16:31:01.718+0000] {dag.py:3096} INFO - Sync 1 DAGs
[2026-05-24T16:31:01.739+0000] {logging_mixin.py:188} INFO - [2026-05-24T16:31:01.739+0000] {dag.py:3954} INFO - Setting next_dagrun for berlin_social_atlas to 2026-01-01 06:00:00+00:00, run_after=2027-01-01 06:00:00+00:00
[2026-05-24T16:31:01.755+0000] {processor.py:183} INFO - Processing /opt/airflow/dags/berlin_mss_pipeline.py took 0.100 seconds
[2026-05-24T16:31:31.953+0000] {processor.py:161} INFO - Started process (PID=280) to work on /opt/airflow/dags/berlin_mss_pipeline.py
[2026-05-24T16:31:31.954+0000] {processor.py:830} INFO - Processing file /opt/airflow/dags/berlin_mss_pipeline.py for tasks to queue
[2026-05-24T16:31:31.956+0000] {logging_mixin.py:188} INFO - [2026-05-24T16:31:31.956+0000] {dagbag.py:545} INFO - Filling up the DagBag from /opt/airflow/dags/berlin_mss_pipeline.py
[2026-05-24T16:31:31.968+0000] {processor.py:840} INFO - DAG(s) 'berlin_social_atlas' retrieved from /opt/airflow/dags/berlin_mss_pipeline.py
[2026-05-24T16:31:31.992+0000] {logging_mixin.py:188} INFO - [2026-05-24T16:31:31.992+0000] {dag.py:3096} INFO - Sync 1 DAGs
[2026-05-24T16:31:32.011+0000] {logging_mixin.py:188} INFO - [2026-05-24T16:31:32.011+0000] {dag.py:3954} INFO - Setting next_dagrun for berlin_social_atlas to 2026-01-01 06:00:00+00:00, run_after=2027-01-01 06:00:00+00:00
[2026-05-24T16:31:32.024+0000] {processor.py:183} INFO - Processing /opt/airflow/dags/berlin_mss_pipeline.py took 0.076 seconds
[2026-05-24T16:32:02.335+0000] {processor.py:161} INFO - Started process (PID=285) to work on /opt/airflow/dags/berlin_mss_pipeline.py
[2026-05-24T16:32:02.336+0000] {processor.py:830} INFO - Processing file /opt/airflow/dags/berlin_mss_pipeline.py for tasks to queue
[2026-05-24T16:32:02.339+0000] {logging_mixin.py:188} INFO - [2026-05-24T16:32:02.339+0000] {dagbag.py:545} INFO - Filling up the DagBag from /opt/airflow/dags/berlin_mss_pipeline.py
[2026-05-24T16:32:02.354+0000] {processor.py:840} INFO - DAG(s) 'berlin_social_atlas' retrieved from /opt/airflow/dags/berlin_mss_pipeline.py
[2026-05-24T16:32:02.386+0000] {logging_mixin.py:188} INFO - [2026-05-24T16:32:02.385+0000] {dag.py:3096} INFO - Sync 1 DAGs
[2026-05-24T16:32:02.410+0000] {logging_mixin.py:188} INFO - [2026-05-24T16:32:02.410+0000] {dag.py:3954} INFO - Setting next_dagrun for berlin_social_atlas to 2026-01-01 06:00:00+00:00, run_after=2027-01-01 06:00:00+00:00
[2026-05-24T16:32:02.424+0000] {processor.py:183} INFO - Processing /opt/airflow/dags/berlin_mss_pipeline.py took 0.098 seconds
[2026-05-24T16:32:19.480+0000] {processor.py:161} INFO - Started process (PID=290) to work on /opt/airflow/dags/berlin_mss_pipeline.py
[2026-05-24T16:32:19.482+0000] {processor.py:830} INFO - Processing file /opt/airflow/dags/berlin_mss_pipeline.py for tasks to queue
[2026-05-24T16:32:19.484+0000] {logging_mixin.py:188} INFO - [2026-05-24T16:32:19.484+0000] {dagbag.py:545} INFO - Filling up the DagBag from /opt/airflow/dags/berlin_mss_pipeline.py
[2026-05-24T16:32:19.505+0000] {processor.py:840} INFO - DAG(s) 'berlin_social_atlas' retrieved from /opt/airflow/dags/berlin_mss_pipeline.py
[2026-05-24T16:32:19.616+0000] {logging_mixin.py:188} INFO - [2026-05-24T16:32:19.616+0000] {dag.py:3096} INFO - Sync 1 DAGs
[2026-05-24T16:32:19.633+0000] {logging_mixin.py:188} INFO - [2026-05-24T16:32:19.632+0000] {dag.py:3954} INFO - Setting next_dagrun for berlin_social_atlas to 2026-01-01 06:00:00+00:00, run_after=2027-01-01 06:00:00+00:00
[2026-05-24T16:32:19.647+0000] {processor.py:183} INFO - Processing /opt/airflow/dags/berlin_mss_pipeline.py took 0.177 seconds
[2026-05-24T16:32:49.912+0000] {processor.py:161} INFO - Started process (PID=301) to work on /opt/airflow/dags/berlin_mss_pipeline.py
[2026-05-24T16:32:49.913+0000] {processor.py:830} INFO - Processing file /opt/airflow/dags/berlin_mss_pipeline.py for tasks to queue
[2026-05-24T16:32:49.915+0000] {logging_mixin.py:188} INFO - [2026-05-24T16:32:49.915+0000] {dagbag.py:545} INFO - Filling up the DagBag from /opt/airflow/dags/berlin_mss_pipeline.py
[2026-05-24T16:32:49.926+0000] {processor.py:840} INFO - DAG(s) 'berlin_social_atlas' retrieved from /opt/airflow/dags/berlin_mss_pipeline.py
[2026-05-24T16:32:49.954+0000] {logging_mixin.py:188} INFO - [2026-05-24T16:32:49.954+0000] {dag.py:3096} INFO - Sync 1 DAGs
[2026-05-24T16:32:49.972+0000] {logging_mixin.py:188} INFO - [2026-05-24T16:32:49.971+0000] {dag.py:3954} INFO - Setting next_dagrun for berlin_social_atlas to 2026-01-01 06:00:00+00:00, run_after=2027-01-01 06:00:00+00:00
[2026-05-24T16:32:49.987+0000] {processor.py:183} INFO - Processing /opt/airflow/dags/berlin_mss_pipeline.py took 0.080 seconds
[2026-05-24T16:33:20.168+0000] {processor.py:161} INFO - Started process (PID=318) to work on /opt/airflow/dags/berlin_mss_pipeline.py
[2026-05-24T16:33:20.169+0000] {processor.py:830} INFO - Processing file /opt/airflow/dags/berlin_mss_pipeline.py for tasks to queue
[2026-05-24T16:33:20.171+0000] {logging_mixin.py:188} INFO - [2026-05-24T16:33:20.171+0000] {dagbag.py:545} INFO - Filling up the DagBag from /opt/airflow/dags/berlin_mss_pipeline.py
[2026-05-24T16:33:20.190+0000] {processor.py:840} INFO - DAG(s) 'berlin_social_atlas' retrieved from /opt/airflow/dags/berlin_mss_pipeline.py
[2026-05-24T16:33:20.225+0000] {logging_mixin.py:188} INFO - [2026-05-24T16:33:20.225+0000] {dag.py:3096} INFO - Sync 1 DAGs
[2026-05-24T16:33:20.249+0000] {logging_mixin.py:188} INFO - [2026-05-24T16:33:20.248+0000] {dag.py:3954} INFO - Setting next_dagrun for berlin_social_atlas to 2026-01-01 06:00:00+00:00, run_after=2027-01-01 06:00:00+00:00
[2026-05-24T16:33:20.264+0000] {processor.py:183} INFO - Processing /opt/airflow/dags/berlin_mss_pipeline.py took 0.107 seconds
[2026-05-24T16:33:50.491+0000] {processor.py:161} INFO - Started process (PID=323) to work on /opt/airflow/dags/berlin_mss_pipeline.py
[2026-05-24T16:33:50.494+0000] {processor.py:830} INFO - Processing file /opt/airflow/dags/berlin_mss_pipeline.py for tasks to queue
[2026-05-24T16:33:50.496+0000] {logging_mixin.py:188} INFO - [2026-05-24T16:33:50.495+0000] {dagbag.py:545} INFO - Filling up the DagBag from /opt/airflow/dags/berlin_mss_pipeline.py
[2026-05-24T16:33:50.516+0000] {processor.py:840} INFO - DAG(s) 'berlin_social_atlas' retrieved from /opt/airflow/dags/berlin_mss_pipeline.py
[2026-05-24T16:33:50.550+0000] {logging_mixin.py:188} INFO - [2026-05-24T16:33:50.549+0000] {dag.py:3096} INFO - Sync 1 DAGs
[2026-05-24T16:33:50.572+0000] {logging_mixin.py:188} INFO - [2026-05-24T16:33:50.572+0000] {dag.py:3954} INFO - Setting next_dagrun for berlin_social_atlas to 2026-01-01 06:00:00+00:00, run_after=2027-01-01 06:00:00+00:00
[2026-05-24T16:33:50.589+0000] {processor.py:183} INFO - Processing /opt/airflow/dags/berlin_mss_pipeline.py took 0.107 seconds
[2026-05-24T16:34:20.802+0000] {processor.py:161} INFO - Started process (PID=328) to work on /opt/airflow/dags/berlin_mss_pipeline.py
[2026-05-24T16:34:20.804+0000] {processor.py:830} INFO - Processing file /opt/airflow/dags/berlin_mss_pipeline.py for tasks to queue
[2026-05-24T16:34:20.806+0000] {logging_mixin.py:188} INFO - [2026-05-24T16:34:20.806+0000] {dagbag.py:545} INFO - Filling up the DagBag from /opt/airflow/dags/berlin_mss_pipeline.py
[2026-05-24T16:34:20.820+0000] {processor.py:840} INFO - DAG(s) 'berlin_social_atlas' retrieved from /opt/airflow/dags/berlin_mss_pipeline.py
[2026-05-24T16:34:20.849+0000] {logging_mixin.py:188} INFO - [2026-05-24T16:34:20.849+0000] {dag.py:3096} INFO - Sync 1 DAGs
[2026-05-24T16:34:20.869+0000] {logging_mixin.py:188} INFO - [2026-05-24T16:34:20.869+0000] {dag.py:3954} INFO - Setting next_dagrun for berlin_social_atlas to 2026-01-01 06:00:00+00:00, run_after=2027-01-01 06:00:00+00:00
[2026-05-24T16:34:20.883+0000] {processor.py:183} INFO - Processing /opt/airflow/dags/berlin_mss_pipeline.py took 0.089 seconds
[2026-05-24T16:34:51.132+0000] {processor.py:161} INFO - Started process (PID=346) to work on /opt/airflow/dags/berlin_mss_pipeline.py
[2026-05-24T16:34:51.134+0000] {processor.py:830} INFO - Processing file /opt/airflow/dags/berlin_mss_pipeline.py for tasks to queue
[2026-05-24T16:34:51.137+0000] {logging_mixin.py:188} INFO - [2026-05-24T16:34:51.137+0000] {dagbag.py:545} INFO - Filling up the DagBag from /opt/airflow/dags/berlin_mss_pipeline.py
[2026-05-24T16:34:51.158+0000] {processor.py:840} INFO - DAG(s) 'berlin_social_atlas' retrieved from /opt/airflow/dags/berlin_mss_pipeline.py
[2026-05-24T16:34:51.191+0000] {logging_mixin.py:188} INFO - [2026-05-24T16:34:51.191+0000] {dag.py:3096} INFO - Sync 1 DAGs
[2026-05-24T16:34:51.211+0000] {logging_mixin.py:188} INFO - [2026-05-24T16:34:51.211+0000] {dag.py:3954} INFO - Setting next_dagrun for berlin_social_atlas to 2026-01-01 06:00:00+00:00, run_after=2027-01-01 06:00:00+00:00
[2026-05-24T16:34:51.227+0000] {processor.py:183} INFO - Processing /opt/airflow/dags/berlin_mss_pipeline.py took 0.104 seconds
[2026-05-24T16:35:21.425+0000] {processor.py:161} INFO - Started process (PID=351) to work on /opt/airflow/dags/berlin_mss_pipeline.py
[2026-05-24T16:35:21.427+0000] {processor.py:830} INFO - Processing file /opt/airflow/dags/berlin_mss_pipeline.py for tasks to queue
[2026-05-24T16:35:21.429+0000] {logging_mixin.py:188} INFO - [2026-05-24T16:35:21.429+0000] {dagbag.py:545} INFO - Filling up the DagBag from /opt/airflow/dags/berlin_mss_pipeline.py
[2026-05-24T16:35:21.446+0000] {processor.py:840} INFO - DAG(s) 'berlin_social_atlas' retrieved from /opt/airflow/dags/berlin_mss_pipeline.py
[2026-05-24T16:35:21.483+0000] {logging_mixin.py:188} INFO - [2026-05-24T16:35:21.482+0000] {dag.py:3096} INFO - Sync 1 DAGs
[2026-05-24T16:35:21.505+0000] {logging_mixin.py:188} INFO - [2026-05-24T16:35:21.504+0000] {dag.py:3954} INFO - Setting next_dagrun for berlin_social_atlas to 2026-01-01 06:00:00+00:00, run_after=2027-01-01 06:00:00+00:00
[2026-05-24T16:35:21.520+0000] {processor.py:183} INFO - Processing /opt/airflow/dags/berlin_mss_pipeline.py took 0.104 seconds
[2026-05-24T16:35:51.813+0000] {processor.py:161} INFO - Started process (PID=362) to work on /opt/airflow/dags/berlin_mss_pipeline.py
[2026-05-24T16:35:51.817+0000] {processor.py:830} INFO - Processing file /opt/airflow/dags/berlin_mss_pipeline.py for tasks to queue
[2026-05-24T16:35:51.822+0000] {logging_mixin.py:188} INFO - [2026-05-24T16:35:51.821+0000] {dagbag.py:545} INFO - Filling up the DagBag from /opt/airflow/dags/berlin_mss_pipeline.py
[2026-05-24T16:35:51.847+0000] {processor.py:840} INFO - DAG(s) 'berlin_social_atlas' retrieved from /opt/airflow/dags/berlin_mss_pipeline.py
[2026-05-24T16:35:51.879+0000] {logging_mixin.py:188} INFO - [2026-05-24T16:35:51.878+0000] {dag.py:3096} INFO - Sync 1 DAGs
[2026-05-24T16:35:51.898+0000] {logging_mixin.py:188} INFO - [2026-05-24T16:35:51.897+0000] {dag.py:3954} INFO - Setting next_dagrun for berlin_social_atlas to 2026-01-01 06:00:00+00:00, run_after=2027-01-01 06:00:00+00:00
[2026-05-24T16:35:51.914+0000] {processor.py:183} INFO - Processing /opt/airflow/dags/berlin_mss_pipeline.py took 0.120 seconds
[2026-05-24T16:36:22.088+0000] {processor.py:161} INFO - Started process (PID=396) to work on /opt/airflow/dags/berlin_mss_pipeline.py
[2026-05-24T16:36:22.089+0000] {processor.py:830} INFO - Processing file /opt/airflow/dags/berlin_mss_pipeline.py for tasks to queue
[2026-05-24T16:36:22.093+0000] {logging_mixin.py:188} INFO - [2026-05-24T16:36:22.092+0000] {dagbag.py:545} INFO - Filling up the DagBag from /opt/airflow/dags/berlin_mss_pipeline.py
[2026-05-24T16:36:22.113+0000] {processor.py:840} INFO - DAG(s) 'berlin_social_atlas' retrieved from /opt/airflow/dags/berlin_mss_pipeline.py
[2026-05-24T16:36:22.150+0000] {logging_mixin.py:188} INFO - [2026-05-24T16:36:22.150+0000] {dag.py:3096} INFO - Sync 1 DAGs
[2026-05-24T16:36:22.173+0000] {logging_mixin.py:188} INFO - [2026-05-24T16:36:22.172+0000] {dag.py:3954} INFO - Setting next_dagrun for berlin_social_atlas to 2026-01-01 06:00:00+00:00, run_after=2027-01-01 06:00:00+00:00
[2026-05-24T16:36:22.189+0000] {processor.py:183} INFO - Processing /opt/airflow/dags/berlin_mss_pipeline.py took 0.109 seconds
[2026-05-24T16:36:52.475+0000] {processor.py:161} INFO - Started process (PID=401) to work on /opt/airflow/dags/berlin_mss_pipeline.py
[2026-05-24T16:36:52.478+0000] {processor.py:830} INFO - Processing file /opt/airflow/dags/berlin_mss_pipeline.py for tasks to queue
[2026-05-24T16:36:52.481+0000] {logging_mixin.py:188} INFO - [2026-05-24T16:36:52.480+0000] {dagbag.py:545} INFO - Filling up the DagBag from /opt/airflow/dags/berlin_mss_pipeline.py
[2026-05-24T16:36:52.496+0000] {processor.py:840} INFO - DAG(s) 'berlin_social_atlas' retrieved from /opt/airflow/dags/berlin_mss_pipeline.py
[2026-05-24T16:36:52.530+0000] {logging_mixin.py:188} INFO - [2026-05-24T16:36:52.530+0000] {dag.py:3096} INFO - Sync 1 DAGs
[2026-05-24T16:36:52.549+0000] {logging_mixin.py:188} INFO - [2026-05-24T16:36:52.549+0000] {dag.py:3954} INFO - Setting next_dagrun for berlin_social_atlas to 2026-01-01 06:00:00+00:00, run_after=2027-01-01 06:00:00+00:00
[2026-05-24T16:36:52.562+0000] {processor.py:183} INFO - Processing /opt/airflow/dags/berlin_mss_pipeline.py took 0.094 seconds
[2026-05-24T16:37:22.721+0000] {processor.py:161} INFO - Started process (PID=406) to work on /opt/airflow/dags/berlin_mss_pipeline.py
[2026-05-24T16:37:22.722+0000] {processor.py:830} INFO - Processing file /opt/airflow/dags/berlin_mss_pipeline.py for tasks to queue
[2026-05-24T16:37:22.724+0000] {logging_mixin.py:188} INFO - [2026-05-24T16:37:22.724+0000] {dagbag.py:545} INFO - Filling up the DagBag from /opt/airflow/dags/berlin_mss_pipeline.py
[2026-05-24T16:37:22.738+0000] {processor.py:840} INFO - DAG(s) 'berlin_social_atlas' retrieved from /opt/airflow/dags/berlin_mss_pipeline.py
[2026-05-24T16:37:22.764+0000] {logging_mixin.py:188} INFO - [2026-05-24T16:37:22.764+0000] {dag.py:3096} INFO - Sync 1 DAGs
[2026-05-24T16:37:22.781+0000] {logging_mixin.py:188} INFO - [2026-05-24T16:37:22.781+0000] {dag.py:3954} INFO - Setting next_dagrun for berlin_social_atlas to 2026-01-01 06:00:00+00:00, run_after=2027-01-01 06:00:00+00:00
[2026-05-24T16:37:22.792+0000] {processor.py:183} INFO - Processing /opt/airflow/dags/berlin_mss_pipeline.py took 0.079 seconds
[2026-05-24T16:37:53.105+0000] {processor.py:161} INFO - Started process (PID=411) to work on /opt/airflow/dags/berlin_mss_pipeline.py
[2026-05-24T16:37:53.106+0000] {processor.py:830} INFO - Processing file /opt/airflow/dags/berlin_mss_pipeline.py for tasks to queue
[2026-05-24T16:37:53.110+0000] {logging_mixin.py:188} INFO - [2026-05-24T16:37:53.109+0000] {dagbag.py:545} INFO - Filling up the DagBag from /opt/airflow/dags/berlin_mss_pipeline.py
[2026-05-24T16:37:53.132+0000] {processor.py:840} INFO - DAG(s) 'berlin_social_atlas' retrieved from /opt/airflow/dags/berlin_mss_pipeline.py
[2026-05-24T16:37:53.169+0000] {logging_mixin.py:188} INFO - [2026-05-24T16:37:53.169+0000] {dag.py:3096} INFO - Sync 1 DAGs
[2026-05-24T16:37:53.192+0000] {logging_mixin.py:188} INFO - [2026-05-24T16:37:53.192+0000] {dag.py:3954} INFO - Setting next_dagrun for berlin_social_atlas to 2026-01-01 06:00:00+00:00, run_after=2027-01-01 06:00:00+00:00
[2026-05-24T16:37:53.207+0000] {processor.py:183} INFO - Processing /opt/airflow/dags/berlin_mss_pipeline.py took 0.111 seconds
[2026-05-24T16:38:23.368+0000] {processor.py:161} INFO - Started process (PID=441) to work on /opt/airflow/dags/berlin_mss_pipeline.py
[2026-05-24T16:38:23.369+0000] {processor.py:830} INFO - Processing file /opt/airflow/dags/berlin_mss_pipeline.py for tasks to queue
[2026-05-24T16:38:23.371+0000] {logging_mixin.py:188} INFO - [2026-05-24T16:38:23.371+0000] {dagbag.py:545} INFO - Filling up the DagBag from /opt/airflow/dags/berlin_mss_pipeline.py
[2026-05-24T16:38:23.382+0000] {processor.py:840} INFO - DAG(s) 'berlin_social_atlas' retrieved from /opt/airflow/dags/berlin_mss_pipeline.py
[2026-05-24T16:38:23.409+0000] {logging_mixin.py:188} INFO - [2026-05-24T16:38:23.408+0000] {dag.py:3096} INFO - Sync 1 DAGs
[2026-05-24T16:38:23.428+0000] {logging_mixin.py:188} INFO - [2026-05-24T16:38:23.428+0000] {dag.py:3954} INFO - Setting next_dagrun for berlin_social_atlas to 2026-01-01 06:00:00+00:00, run_after=2027-01-01 06:00:00+00:00
[2026-05-24T16:38:23.442+0000] {processor.py:183} INFO - Processing /opt/airflow/dags/berlin_mss_pipeline.py took 0.079 seconds
[2026-05-24T16:38:53.681+0000] {processor.py:161} INFO - Started process (PID=446) to work on /opt/airflow/dags/berlin_mss_pipeline.py
[2026-05-24T16:38:53.684+0000] {processor.py:830} INFO - Processing file /opt/airflow/dags/berlin_mss_pipeline.py for tasks to queue
[2026-05-24T16:38:53.687+0000] {logging_mixin.py:188} INFO - [2026-05-24T16:38:53.687+0000] {dagbag.py:545} INFO - Filling up the DagBag from /opt/airflow/dags/berlin_mss_pipeline.py
[2026-05-24T16:38:53.710+0000] {processor.py:840} INFO - DAG(s) 'berlin_social_atlas' retrieved from /opt/airflow/dags/berlin_mss_pipeline.py
[2026-05-24T16:38:53.743+0000] {logging_mixin.py:188} INFO - [2026-05-24T16:38:53.742+0000] {dag.py:3096} INFO - Sync 1 DAGs
[2026-05-24T16:38:53.770+0000] {logging_mixin.py:188} INFO - [2026-05-24T16:38:53.770+0000] {dag.py:3954} INFO - Setting next_dagrun for berlin_social_atlas to 2026-01-01 06:00:00+00:00, run_after=2027-01-01 06:00:00+00:00
[2026-05-24T16:38:53.787+0000] {processor.py:183} INFO - Processing /opt/airflow/dags/berlin_mss_pipeline.py took 0.113 seconds
[2026-05-24T16:39:28.216+0000] {processor.py:161} INFO - Started process (PID=451) to work on /opt/airflow/dags/berlin_mss_pipeline.py
[2026-05-24T16:39:28.217+0000] {processor.py:830} INFO - Processing file /opt/airflow/dags/berlin_mss_pipeline.py for tasks to queue
[2026-05-24T16:39:28.220+0000] {logging_mixin.py:188} INFO - [2026-05-24T16:39:28.220+0000] {dagbag.py:545} INFO - Filling up the DagBag from /opt/airflow/dags/berlin_mss_pipeline.py
[2026-05-24T16:39:28.234+0000] {processor.py:840} INFO - DAG(s) 'berlin_social_atlas' retrieved from /opt/airflow/dags/berlin_mss_pipeline.py
[2026-05-24T16:39:28.267+0000] {logging_mixin.py:188} INFO - [2026-05-24T16:39:28.267+0000] {dag.py:3096} INFO - Sync 1 DAGs
[2026-05-24T16:39:28.288+0000] {logging_mixin.py:188} INFO - [2026-05-24T16:39:28.288+0000] {dag.py:3954} INFO - Setting next_dagrun for berlin_social_atlas to 2026-01-01 06:00:00+00:00, run_after=2027-01-01 06:00:00+00:00
[2026-05-24T16:39:28.305+0000] {processor.py:183} INFO - Processing /opt/airflow/dags/berlin_mss_pipeline.py took 0.098 seconds
[2026-05-24T16:39:58.506+0000] {processor.py:161} INFO - Started process (PID=488) to work on /opt/airflow/dags/berlin_mss_pipeline.py
[2026-05-24T16:39:58.508+0000] {processor.py:830} INFO - Processing file /opt/airflow/dags/berlin_mss_pipeline.py for tasks to queue
[2026-05-24T16:39:58.511+0000] {logging_mixin.py:188} INFO - [2026-05-24T16:39:58.510+0000] {dagbag.py:545} INFO - Filling up the DagBag from /opt/airflow/dags/berlin_mss_pipeline.py
[2026-05-24T16:39:58.524+0000] {processor.py:840} INFO - DAG(s) 'berlin_social_atlas' retrieved from /opt/airflow/dags/berlin_mss_pipeline.py
[2026-05-24T16:39:58.552+0000] {logging_mixin.py:188} INFO - [2026-05-24T16:39:58.552+0000] {dag.py:3096} INFO - Sync 1 DAGs
[2026-05-24T16:39:58.571+0000] {logging_mixin.py:188} INFO - [2026-05-24T16:39:58.571+0000] {dag.py:3954} INFO - Setting next_dagrun for berlin_social_atlas to 2026-01-01 06:00:00+00:00, run_after=2027-01-01 06:00:00+00:00
[2026-05-24T16:39:58.585+0000] {processor.py:183} INFO - Processing /opt/airflow/dags/berlin_mss_pipeline.py took 0.087 seconds
[2026-05-24T16:40:28.926+0000] {processor.py:161} INFO - Started process (PID=493) to work on /opt/airflow/dags/berlin_mss_pipeline.py
[2026-05-24T16:40:28.927+0000] {processor.py:830} INFO - Processing file /opt/airflow/dags/berlin_mss_pipeline.py for tasks to queue
[2026-05-24T16:40:28.932+0000] {logging_mixin.py:188} INFO - [2026-05-24T16:40:28.931+0000] {dagbag.py:545} INFO - Filling up the DagBag from /opt/airflow/dags/berlin_mss_pipeline.py
[2026-05-24T16:40:28.953+0000] {processor.py:840} INFO - DAG(s) 'berlin_social_atlas' retrieved from /opt/airflow/dags/berlin_mss_pipeline.py
[2026-05-24T16:40:28.990+0000] {logging_mixin.py:188} INFO - [2026-05-24T16:40:28.990+0000] {dag.py:3096} INFO - Sync 1 DAGs
[2026-05-24T16:40:29.016+0000] {logging_mixin.py:188} INFO - [2026-05-24T16:40:29.016+0000] {dag.py:3954} INFO - Setting next_dagrun for berlin_social_atlas to 2026-01-01 06:00:00+00:00, run_after=2027-01-01 06:00:00+00:00
[2026-05-24T16:40:29.033+0000] {processor.py:183} INFO - Processing /opt/airflow/dags/berlin_mss_pipeline.py took 0.113 seconds
[2026-05-24T16:40:59.181+0000] {processor.py:161} INFO - Started process (PID=498) to work on /opt/airflow/dags/berlin_mss_pipeline.py
[2026-05-24T16:40:59.182+0000] {processor.py:830} INFO - Processing file /opt/airflow/dags/berlin_mss_pipeline.py for tasks to queue
[2026-05-24T16:40:59.184+0000] {logging_mixin.py:188} INFO - [2026-05-24T16:40:59.184+0000] {dagbag.py:545} INFO - Filling up the DagBag from /opt/airflow/dags/berlin_mss_pipeline.py
[2026-05-24T16:40:59.199+0000] {processor.py:840} INFO - DAG(s) 'berlin_social_atlas' retrieved from /opt/airflow/dags/berlin_mss_pipeline.py
[2026-05-24T16:40:59.231+0000] {logging_mixin.py:188} INFO - [2026-05-24T16:40:59.230+0000] {dag.py:3096} INFO - Sync 1 DAGs
[2026-05-24T16:40:59.248+0000] {logging_mixin.py:188} INFO - [2026-05-24T16:40:59.248+0000] {dag.py:3954} INFO - Setting next_dagrun for berlin_social_atlas to 2026-01-01 06:00:00+00:00, run_after=2027-01-01 06:00:00+00:00
[2026-05-24T16:40:59.261+0000] {processor.py:183} INFO - Processing /opt/airflow/dags/berlin_mss_pipeline.py took 0.090 seconds
[2026-05-24T16:41:29.471+0000] {processor.py:161} INFO - Started process (PID=503) to work on /opt/airflow/dags/berlin_mss_pipeline.py
[2026-05-24T16:41:29.472+0000] {processor.py:830} INFO - Processing file /opt/airflow/dags/berlin_mss_pipeline.py for tasks to queue
[2026-05-24T16:41:29.474+0000] {logging_mixin.py:188} INFO - [2026-05-24T16:41:29.474+0000] {dagbag.py:545} INFO - Filling up the DagBag from /opt/airflow/dags/berlin_mss_pipeline.py
[2026-05-24T16:41:29.495+0000] {processor.py:840} INFO - DAG(s) 'berlin_social_atlas' retrieved from /opt/airflow/dags/berlin_mss_pipeline.py
[2026-05-24T16:41:29.527+0000] {logging_mixin.py:188} INFO - [2026-05-24T16:41:29.527+0000] {dag.py:3096} INFO - Sync 1 DAGs
[2026-05-24T16:41:29.547+0000] {logging_mixin.py:188} INFO - [2026-05-24T16:41:29.547+0000] {dag.py:3954} INFO - Setting next_dagrun for berlin_social_atlas to 2026-01-01 06:00:00+00:00, run_after=2027-01-01 06:00:00+00:00
[2026-05-24T16:41:29.563+0000] {processor.py:183} INFO - Processing /opt/airflow/dags/berlin_mss_pipeline.py took 0.098 seconds
[2026-05-24T16:41:59.792+0000] {processor.py:161} INFO - Started process (PID=508) to work on /opt/airflow/dags/berlin_mss_pipeline.py
[2026-05-24T16:41:59.793+0000] {processor.py:830} INFO - Processing file /opt/airflow/dags/berlin_mss_pipeline.py for tasks to queue
[2026-05-24T16:41:59.796+0000] {logging_mixin.py:188} INFO - [2026-05-24T16:41:59.796+0000] {dagbag.py:545} INFO - Filling up the DagBag from /opt/airflow/dags/berlin_mss_pipeline.py
[2026-05-24T16:41:59.809+0000] {processor.py:840} INFO - DAG(s) 'berlin_social_atlas' retrieved from /opt/airflow/dags/berlin_mss_pipeline.py
[2026-05-24T16:41:59.839+0000] {logging_mixin.py:188} INFO - [2026-05-24T16:41:59.839+0000] {dag.py:3096} INFO - Sync 1 DAGs
[2026-05-24T16:41:59.865+0000] {logging_mixin.py:188} INFO - [2026-05-24T16:41:59.865+0000] {dag.py:3954} INFO - Setting next_dagrun for berlin_social_atlas to 2026-01-01 06:00:00+00:00, run_after=2027-01-01 06:00:00+00:00
[2026-05-24T16:41:59.883+0000] {processor.py:183} INFO - Processing /opt/airflow/dags/berlin_mss_pipeline.py took 0.098 seconds
[2026-05-24T16:42:30.265+0000] {processor.py:161} INFO - Started process (PID=513) to work on /opt/airflow/dags/berlin_mss_pipeline.py
[2026-05-24T16:42:30.267+0000] {processor.py:830} INFO - Processing file /opt/airflow/dags/berlin_mss_pipeline.py for tasks to queue
[2026-05-24T16:42:30.270+0000] {logging_mixin.py:188} INFO - [2026-05-24T16:42:30.269+0000] {dagbag.py:545} INFO - Filling up the DagBag from /opt/airflow/dags/berlin_mss_pipeline.py
[2026-05-24T16:42:30.288+0000] {processor.py:840} INFO - DAG(s) 'berlin_social_atlas' retrieved from /opt/airflow/dags/berlin_mss_pipeline.py
[2026-05-24T16:42:30.313+0000] {logging_mixin.py:188} INFO - [2026-05-24T16:42:30.312+0000] {dag.py:3096} INFO - Sync 1 DAGs
[2026-05-24T16:42:30.328+0000] {logging_mixin.py:188} INFO - [2026-05-24T16:42:30.327+0000] {dag.py:3954} INFO - Setting next_dagrun for berlin_social_atlas to 2026-01-01 06:00:00+00:00, run_after=2027-01-01 06:00:00+00:00
[2026-05-24T16:42:30.337+0000] {processor.py:183} INFO - Processing /opt/airflow/dags/berlin_mss_pipeline.py took 0.081 seconds
[2026-05-24T17:02:52.874+0000] {processor.py:161} INFO - Started process (PID=518) to work on /opt/airflow/dags/berlin_mss_pipeline.py
[2026-05-24T17:02:52.875+0000] {processor.py:830} INFO - Processing file /opt/airflow/dags/berlin_mss_pipeline.py for tasks to queue
[2026-05-24T17:02:52.877+0000] {logging_mixin.py:188} INFO - [2026-05-24T17:02:52.877+0000] {dagbag.py:545} INFO - Filling up the DagBag from /opt/airflow/dags/berlin_mss_pipeline.py
[2026-05-24T17:02:52.888+0000] {processor.py:840} INFO - DAG(s) 'berlin_social_atlas' retrieved from /opt/airflow/dags/berlin_mss_pipeline.py
[2026-05-24T17:02:52.909+0000] {logging_mixin.py:188} INFO - [2026-05-24T17:02:52.909+0000] {dag.py:3096} INFO - Sync 1 DAGs
[2026-05-24T17:02:52.922+0000] {logging_mixin.py:188} INFO - [2026-05-24T17:02:52.922+0000] {dag.py:3954} INFO - Setting next_dagrun for berlin_social_atlas to 2026-01-01 06:00:00+00:00, run_after=2027-01-01 06:00:00+00:00
[2026-05-24T17:02:52.931+0000] {processor.py:183} INFO - Processing /opt/airflow/dags/berlin_mss_pipeline.py took 0.062 seconds
[2026-05-24T17:03:23.222+0000] {processor.py:161} INFO - Started process (PID=523) to work on /opt/airflow/dags/berlin_mss_pipeline.py
[2026-05-24T17:03:23.224+0000] {processor.py:830} INFO - Processing file /opt/airflow/dags/berlin_mss_pipeline.py for tasks to queue
[2026-05-24T17:03:23.227+0000] {logging_mixin.py:188} INFO - [2026-05-24T17:03:23.227+0000] {dagbag.py:545} INFO - Filling up the DagBag from /opt/airflow/dags/berlin_mss_pipeline.py
[2026-05-24T17:03:23.241+0000] {processor.py:840} INFO - DAG(s) 'berlin_social_atlas' retrieved from /opt/airflow/dags/berlin_mss_pipeline.py
[2026-05-24T17:03:23.267+0000] {logging_mixin.py:188} INFO - [2026-05-24T17:03:23.267+0000] {dag.py:3096} INFO - Sync 1 DAGs
[2026-05-24T17:03:23.280+0000] {logging_mixin.py:188} INFO - [2026-05-24T17:03:23.280+0000] {dag.py:3954} INFO - Setting next_dagrun for berlin_social_atlas to 2026-01-01 06:00:00+00:00, run_after=2027-01-01 06:00:00+00:00
[2026-05-24T17:03:23.288+0000] {processor.py:183} INFO - Processing /opt/airflow/dags/berlin_mss_pipeline.py took 0.074 seconds
[2026-05-24T17:03:53.571+0000] {processor.py:161} INFO - Started process (PID=528) to work on /opt/airflow/dags/berlin_mss_pipeline.py
[2026-05-24T17:03:53.572+0000] {processor.py:830} INFO - Processing file /opt/airflow/dags/berlin_mss_pipeline.py for tasks to queue
[2026-05-24T17:03:53.577+0000] {logging_mixin.py:188} INFO - [2026-05-24T17:03:53.576+0000] {dagbag.py:545} INFO - Filling up the DagBag from /opt/airflow/dags/berlin_mss_pipeline.py
[2026-05-24T17:03:53.590+0000] {processor.py:840} INFO - DAG(s) 'berlin_social_atlas' retrieved from /opt/airflow/dags/berlin_mss_pipeline.py
[2026-05-24T17:03:53.612+0000] {logging_mixin.py:188} INFO - [2026-05-24T17:03:53.612+0000] {dag.py:3096} INFO - Sync 1 DAGs
[2026-05-24T17:03:53.626+0000] {logging_mixin.py:188} INFO - [2026-05-24T17:03:53.625+0000] {dag.py:3954} INFO - Setting next_dagrun for berlin_social_atlas to 2026-01-01 06:00:00+00:00, run_after=2027-01-01 06:00:00+00:00
[2026-05-24T17:03:53.635+0000] {processor.py:183} INFO - Processing /opt/airflow/dags/berlin_mss_pipeline.py took 0.072 seconds
[2026-05-24T17:04:23.916+0000] {processor.py:161} INFO - Started process (PID=533) to work on /opt/airflow/dags/berlin_mss_pipeline.py
[2026-05-24T17:04:23.917+0000] {processor.py:830} INFO - Processing file /opt/airflow/dags/berlin_mss_pipeline.py for tasks to queue
[2026-05-24T17:04:23.919+0000] {logging_mixin.py:188} INFO - [2026-05-24T17:04:23.919+0000] {dagbag.py:545} INFO - Filling up the DagBag from /opt/airflow/dags/berlin_mss_pipeline.py
[2026-05-24T17:04:23.932+0000] {processor.py:840} INFO - DAG(s) 'berlin_social_atlas' retrieved from /opt/airflow/dags/berlin_mss_pipeline.py
[2026-05-24T17:04:23.956+0000] {logging_mixin.py:188} INFO - [2026-05-24T17:04:23.956+0000] {dag.py:3096} INFO - Sync 1 DAGs
[2026-05-24T17:04:23.972+0000] {logging_mixin.py:188} INFO - [2026-05-24T17:04:23.972+0000] {dag.py:3954} INFO - Setting next_dagrun for berlin_social_atlas to 2026-01-01 06:00:00+00:00, run_after=2027-01-01 06:00:00+00:00
[2026-05-24T17:04:23.981+0000] {processor.py:183} INFO - Processing /opt/airflow/dags/berlin_mss_pipeline.py took 0.071 seconds
[2026-05-24T17:04:54.265+0000] {processor.py:161} INFO - Started process (PID=538) to work on /opt/airflow/dags/berlin_mss_pipeline.py
[2026-05-24T17:04:54.266+0000] {processor.py:830} INFO - Processing file /opt/airflow/dags/berlin_mss_pipeline.py for tasks to queue
[2026-05-24T17:04:54.268+0000] {logging_mixin.py:188} INFO - [2026-05-24T17:04:54.268+0000] {dagbag.py:545} INFO - Filling up the DagBag from /opt/airflow/dags/berlin_mss_pipeline.py
[2026-05-24T17:04:54.286+0000] {processor.py:840} INFO - DAG(s) 'berlin_social_atlas' retrieved from /opt/airflow/dags/berlin_mss_pipeline.py
[2026-05-24T17:04:54.310+0000] {logging_mixin.py:188} INFO - [2026-05-24T17:04:54.310+0000] {dag.py:3096} INFO - Sync 1 DAGs
[2026-05-24T17:04:54.324+0000] {logging_mixin.py:188} INFO - [2026-05-24T17:04:54.323+0000] {dag.py:3954} INFO - Setting next_dagrun for berlin_social_atlas to 2026-01-01 06:00:00+00:00, run_after=2027-01-01 06:00:00+00:00
[2026-05-24T17:04:54.332+0000] {processor.py:183} INFO - Processing /opt/airflow/dags/berlin_mss_pipeline.py took 0.076 seconds
[2026-05-24T17:05:24.644+0000] {processor.py:161} INFO - Started process (PID=543) to work on /opt/airflow/dags/berlin_mss_pipeline.py
[2026-05-24T17:05:24.645+0000] {processor.py:830} INFO - Processing file /opt/airflow/dags/berlin_mss_pipeline.py for tasks to queue
[2026-05-24T17:05:24.649+0000] {logging_mixin.py:188} INFO - [2026-05-24T17:05:24.648+0000] {dagbag.py:545} INFO - Filling up the DagBag from /opt/airflow/dags/berlin_mss_pipeline.py
[2026-05-24T17:05:24.663+0000] {processor.py:840} INFO - DAG(s) 'berlin_social_atlas' retrieved from /opt/airflow/dags/berlin_mss_pipeline.py
[2026-05-24T17:05:24.693+0000] {logging_mixin.py:188} INFO - [2026-05-24T17:05:24.693+0000] {dag.py:3096} INFO - Sync 1 DAGs
[2026-05-24T17:05:24.708+0000] {logging_mixin.py:188} INFO - [2026-05-24T17:05:24.708+0000] {dag.py:3954} INFO - Setting next_dagrun for berlin_social_atlas to 2026-01-01 06:00:00+00:00, run_after=2027-01-01 06:00:00+00:00
[2026-05-24T17:05:24.718+0000] {processor.py:183} INFO - Processing /opt/airflow/dags/berlin_mss_pipeline.py took 0.085 seconds
[2026-05-24T17:34:43.712+0000] {processor.py:161} INFO - Started process (PID=548) to work on /opt/airflow/dags/berlin_mss_pipeline.py
[2026-05-24T17:34:43.713+0000] {processor.py:830} INFO - Processing file /opt/airflow/dags/berlin_mss_pipeline.py for tasks to queue
[2026-05-24T17:34:43.716+0000] {logging_mixin.py:188} INFO - [2026-05-24T17:34:43.716+0000] {dagbag.py:545} INFO - Filling up the DagBag from /opt/airflow/dags/berlin_mss_pipeline.py
[2026-05-24T17:34:43.739+0000] {processor.py:840} INFO - DAG(s) 'berlin_social_atlas' retrieved from /opt/airflow/dags/berlin_mss_pipeline.py
[2026-05-24T17:34:43.766+0000] {logging_mixin.py:188} INFO - [2026-05-24T17:34:43.765+0000] {dag.py:3096} INFO - Sync 1 DAGs
[2026-05-24T17:34:43.782+0000] {logging_mixin.py:188} INFO - [2026-05-24T17:34:43.782+0000] {dag.py:3954} INFO - Setting next_dagrun for berlin_social_atlas to 2026-01-01 06:00:00+00:00, run_after=2027-01-01 06:00:00+00:00
[2026-05-24T17:34:43.792+0000] {processor.py:183} INFO - Processing /opt/airflow/dags/berlin_mss_pipeline.py took 0.092 seconds
[2026-05-24T18:38:33.380+0000] {processor.py:161} INFO - Started process (PID=553) to work on /opt/airflow/dags/berlin_mss_pipeline.py
[2026-05-24T18:38:33.382+0000] {processor.py:830} INFO - Processing file /opt/airflow/dags/berlin_mss_pipeline.py for tasks to queue
[2026-05-24T18:38:33.385+0000] {logging_mixin.py:188} INFO - [2026-05-24T18:38:33.385+0000] {dagbag.py:545} INFO - Filling up the DagBag from /opt/airflow/dags/berlin_mss_pipeline.py
[2026-05-24T18:38:33.400+0000] {processor.py:840} INFO - DAG(s) 'berlin_social_atlas' retrieved from /opt/airflow/dags/berlin_mss_pipeline.py
[2026-05-24T18:38:33.423+0000] {logging_mixin.py:188} INFO - [2026-05-24T18:38:33.423+0000] {dag.py:3096} INFO - Sync 1 DAGs
[2026-05-24T18:38:33.437+0000] {logging_mixin.py:188} INFO - [2026-05-24T18:38:33.437+0000] {dag.py:3954} INFO - Setting next_dagrun for berlin_social_atlas to 2026-01-01 06:00:00+00:00, run_after=2027-01-01 06:00:00+00:00
[2026-05-24T18:38:33.446+0000] {processor.py:183} INFO - Processing /opt/airflow/dags/berlin_mss_pipeline.py took 0.075 seconds
[2026-05-24T18:39:03.734+0000] {processor.py:161} INFO - Started process (PID=558) to work on /opt/airflow/dags/berlin_mss_pipeline.py
[2026-05-24T18:39:03.736+0000] {processor.py:830} INFO - Processing file /opt/airflow/dags/berlin_mss_pipeline.py for tasks to queue
[2026-05-24T18:39:03.740+0000] {logging_mixin.py:188} INFO - [2026-05-24T18:39:03.740+0000] {dagbag.py:545} INFO - Filling up the DagBag from /opt/airflow/dags/berlin_mss_pipeline.py
[2026-05-24T18:39:03.750+0000] {processor.py:840} INFO - DAG(s) 'berlin_social_atlas' retrieved from /opt/airflow/dags/berlin_mss_pipeline.py
[2026-05-24T18:39:03.772+0000] {logging_mixin.py:188} INFO - [2026-05-24T18:39:03.772+0000] {dag.py:3096} INFO - Sync 1 DAGs
[2026-05-24T18:39:03.784+0000] {logging_mixin.py:188} INFO - [2026-05-24T18:39:03.784+0000] {dag.py:3954} INFO - Setting next_dagrun for berlin_social_atlas to 2026-01-01 06:00:00+00:00, run_after=2027-01-01 06:00:00+00:00
[2026-05-24T18:39:03.793+0000] {processor.py:183} INFO - Processing /opt/airflow/dags/berlin_mss_pipeline.py took 0.065 seconds
[2026-05-24T18:39:34.057+0000] {processor.py:161} INFO - Started process (PID=563) to work on /opt/airflow/dags/berlin_mss_pipeline.py
[2026-05-24T18:39:34.058+0000] {processor.py:830} INFO - Processing file /opt/airflow/dags/berlin_mss_pipeline.py for tasks to queue
[2026-05-24T18:39:34.061+0000] {logging_mixin.py:188} INFO - [2026-05-24T18:39:34.060+0000] {dagbag.py:545} INFO - Filling up the DagBag from /opt/airflow/dags/berlin_mss_pipeline.py
[2026-05-24T18:39:34.071+0000] {processor.py:840} INFO - DAG(s) 'berlin_social_atlas' retrieved from /opt/airflow/dags/berlin_mss_pipeline.py
[2026-05-24T18:39:34.094+0000] {logging_mixin.py:188} INFO - [2026-05-24T18:39:34.094+0000] {dag.py:3096} INFO - Sync 1 DAGs
[2026-05-24T18:39:34.107+0000] {logging_mixin.py:188} INFO - [2026-05-24T18:39:34.107+0000] {dag.py:3954} INFO - Setting next_dagrun for berlin_social_atlas to 2026-01-01 06:00:00+00:00, run_after=2027-01-01 06:00:00+00:00
[2026-05-24T18:39:34.116+0000] {processor.py:183} INFO - Processing /opt/airflow/dags/berlin_mss_pipeline.py took 0.064 seconds
[2026-05-24T18:40:04.405+0000] {processor.py:161} INFO - Started process (PID=568) to work on /opt/airflow/dags/berlin_mss_pipeline.py
[2026-05-24T18:40:04.406+0000] {processor.py:830} INFO - Processing file /opt/airflow/dags/berlin_mss_pipeline.py for tasks to queue
[2026-05-24T18:40:04.408+0000] {logging_mixin.py:188} INFO - [2026-05-24T18:40:04.408+0000] {dagbag.py:545} INFO - Filling up the DagBag from /opt/airflow/dags/berlin_mss_pipeline.py
[2026-05-24T18:40:04.419+0000] {processor.py:840} INFO - DAG(s) 'berlin_social_atlas' retrieved from /opt/airflow/dags/berlin_mss_pipeline.py
[2026-05-24T18:40:04.444+0000] {logging_mixin.py:188} INFO - [2026-05-24T18:40:04.444+0000] {dag.py:3096} INFO - Sync 1 DAGs
[2026-05-24T18:40:04.457+0000] {logging_mixin.py:188} INFO - [2026-05-24T18:40:04.456+0000] {dag.py:3954} INFO - Setting next_dagrun for berlin_social_atlas to 2026-01-01 06:00:00+00:00, run_after=2027-01-01 06:00:00+00:00
[2026-05-24T18:40:04.465+0000] {processor.py:183} INFO - Processing /opt/airflow/dags/berlin_mss_pipeline.py took 0.066 seconds
[2026-05-24T18:40:34.709+0000] {processor.py:161} INFO - Started process (PID=573) to work on /opt/airflow/dags/berlin_mss_pipeline.py
[2026-05-24T18:40:34.710+0000] {processor.py:830} INFO - Processing file /opt/airflow/dags/berlin_mss_pipeline.py for tasks to queue
[2026-05-24T18:40:34.713+0000] {logging_mixin.py:188} INFO - [2026-05-24T18:40:34.712+0000] {dagbag.py:545} INFO - Filling up the DagBag from /opt/airflow/dags/berlin_mss_pipeline.py
[2026-05-24T18:40:34.725+0000] {processor.py:840} INFO - DAG(s) 'berlin_social_atlas' retrieved from /opt/airflow/dags/berlin_mss_pipeline.py
[2026-05-24T18:40:34.748+0000] {logging_mixin.py:188} INFO - [2026-05-24T18:40:34.747+0000] {dag.py:3096} INFO - Sync 1 DAGs
[2026-05-24T18:40:34.762+0000] {logging_mixin.py:188} INFO - [2026-05-24T18:40:34.762+0000] {dag.py:3954} INFO - Setting next_dagrun for berlin_social_atlas to 2026-01-01 06:00:00+00:00, run_after=2027-01-01 06:00:00+00:00
[2026-05-24T18:40:34.772+0000] {processor.py:183} INFO - Processing /opt/airflow/dags/berlin_mss_pipeline.py took 0.069 seconds
[2026-05-24T18:41:05.054+0000] {processor.py:161} INFO - Started process (PID=578) to work on /opt/airflow/dags/berlin_mss_pipeline.py
[2026-05-24T18:41:05.055+0000] {processor.py:830} INFO - Processing file /opt/airflow/dags/berlin_mss_pipeline.py for tasks to queue
[2026-05-24T18:41:05.059+0000] {logging_mixin.py:188} INFO - [2026-05-24T18:41:05.059+0000] {dagbag.py:545} INFO - Filling up the DagBag from /opt/airflow/dags/berlin_mss_pipeline.py
[2026-05-24T18:41:05.079+0000] {processor.py:840} INFO - DAG(s) 'berlin_social_atlas' retrieved from /opt/airflow/dags/berlin_mss_pipeline.py
[2026-05-24T18:41:05.107+0000] {logging_mixin.py:188} INFO - [2026-05-24T18:41:05.107+0000] {dag.py:3096} INFO - Sync 1 DAGs
[2026-05-24T18:41:05.122+0000] {logging_mixin.py:188} INFO - [2026-05-24T18:41:05.122+0000] {dag.py:3954} INFO - Setting next_dagrun for berlin_social_atlas to 2026-01-01 06:00:00+00:00, run_after=2027-01-01 06:00:00+00:00
[2026-05-24T18:41:05.132+0000] {processor.py:183} INFO - Processing /opt/airflow/dags/berlin_mss_pipeline.py took 0.088 seconds
[2026-05-24T19:13:20.745+0000] {processor.py:161} INFO - Started process (PID=583) to work on /opt/airflow/dags/berlin_mss_pipeline.py
[2026-05-24T19:13:20.745+0000] {processor.py:830} INFO - Processing file /opt/airflow/dags/berlin_mss_pipeline.py for tasks to queue
[2026-05-24T19:13:20.747+0000] {logging_mixin.py:188} INFO - [2026-05-24T19:13:20.747+0000] {dagbag.py:545} INFO - Filling up the DagBag from /opt/airflow/dags/berlin_mss_pipeline.py
[2026-05-24T19:13:20.756+0000] {processor.py:840} INFO - DAG(s) 'berlin_social_atlas' retrieved from /opt/airflow/dags/berlin_mss_pipeline.py
[2026-05-24T19:13:20.774+0000] {logging_mixin.py:188} INFO - [2026-05-24T19:13:20.774+0000] {dag.py:3096} INFO - Sync 1 DAGs
[2026-05-24T19:13:20.785+0000] {logging_mixin.py:188} INFO - [2026-05-24T19:13:20.785+0000] {dag.py:3954} INFO - Setting next_dagrun for berlin_social_atlas to 2026-01-01 06:00:00+00:00, run_after=2027-01-01 06:00:00+00:00
[2026-05-24T19:13:20.793+0000] {processor.py:183} INFO - Processing /opt/airflow/dags/berlin_mss_pipeline.py took 0.054 seconds
[2026-05-24T19:33:34.135+0000] {processor.py:161} INFO - Started process (PID=588) to work on /opt/airflow/dags/berlin_mss_pipeline.py
[2026-05-24T19:33:34.136+0000] {processor.py:830} INFO - Processing file /opt/airflow/dags/berlin_mss_pipeline.py for tasks to queue
[2026-05-24T19:33:34.138+0000] {logging_mixin.py:188} INFO - [2026-05-24T19:33:34.138+0000] {dagbag.py:545} INFO - Filling up the DagBag from /opt/airflow/dags/berlin_mss_pipeline.py
[2026-05-24T19:33:34.156+0000] {processor.py:840} INFO - DAG(s) 'berlin_social_atlas' retrieved from /opt/airflow/dags/berlin_mss_pipeline.py
[2026-05-24T19:33:34.181+0000] {logging_mixin.py:188} INFO - [2026-05-24T19:33:34.181+0000] {dag.py:3096} INFO - Sync 1 DAGs
[2026-05-24T19:33:34.198+0000] {logging_mixin.py:188} INFO - [2026-05-24T19:33:34.198+0000] {dag.py:3954} INFO - Setting next_dagrun for berlin_social_atlas to 2026-01-01 06:00:00+00:00, run_after=2027-01-01 06:00:00+00:00
[2026-05-24T19:33:34.211+0000] {processor.py:183} INFO - Processing /opt/airflow/dags/berlin_mss_pipeline.py took 0.084 seconds
[2026-05-24T20:30:43.899+0000] {processor.py:161} INFO - Started process (PID=593) to work on /opt/airflow/dags/berlin_mss_pipeline.py
[2026-05-24T20:30:43.899+0000] {processor.py:830} INFO - Processing file /opt/airflow/dags/berlin_mss_pipeline.py for tasks to queue
[2026-05-24T20:30:43.901+0000] {logging_mixin.py:188} INFO - [2026-05-24T20:30:43.901+0000] {dagbag.py:545} INFO - Filling up the DagBag from /opt/airflow/dags/berlin_mss_pipeline.py
[2026-05-24T20:30:43.911+0000] {processor.py:840} INFO - DAG(s) 'berlin_social_atlas' retrieved from /opt/airflow/dags/berlin_mss_pipeline.py
[2026-05-24T20:30:43.933+0000] {logging_mixin.py:188} INFO - [2026-05-24T20:30:43.933+0000] {dag.py:3096} INFO - Sync 1 DAGs
[2026-05-24T20:30:43.950+0000] {logging_mixin.py:188} INFO - [2026-05-24T20:30:43.949+0000] {dag.py:3954} INFO - Setting next_dagrun for berlin_social_atlas to 2026-01-01 06:00:00+00:00, run_after=2027-01-01 06:00:00+00:00
[2026-05-24T20:30:43.959+0000] {processor.py:183} INFO - Processing /opt/airflow/dags/berlin_mss_pipeline.py took 0.065 seconds
[2026-05-24T20:41:28.660+0000] {processor.py:161} INFO - Started process (PID=598) to work on /opt/airflow/dags/berlin_mss_pipeline.py
[2026-05-24T20:41:28.662+0000] {processor.py:830} INFO - Processing file /opt/airflow/dags/berlin_mss_pipeline.py for tasks to queue
[2026-05-24T20:41:28.665+0000] {logging_mixin.py:188} INFO - [2026-05-24T20:41:28.664+0000] {dagbag.py:545} INFO - Filling up the DagBag from /opt/airflow/dags/berlin_mss_pipeline.py
[2026-05-24T20:41:28.685+0000] {processor.py:840} INFO - DAG(s) 'berlin_social_atlas' retrieved from /opt/airflow/dags/berlin_mss_pipeline.py
[2026-05-24T20:41:28.714+0000] {logging_mixin.py:188} INFO - [2026-05-24T20:41:28.714+0000] {dag.py:3096} INFO - Sync 1 DAGs
[2026-05-24T20:41:28.733+0000] {logging_mixin.py:188} INFO - [2026-05-24T20:41:28.733+0000] {dag.py:3954} INFO - Setting next_dagrun for berlin_social_atlas to 2026-01-01 06:00:00+00:00, run_after=2027-01-01 06:00:00+00:00
[2026-05-24T20:41:28.745+0000] {processor.py:183} INFO - Processing /opt/airflow/dags/berlin_mss_pipeline.py took 0.095 seconds
[2026-05-24T20:41:58.923+0000] {processor.py:161} INFO - Started process (PID=603) to work on /opt/airflow/dags/berlin_mss_pipeline.py
[2026-05-24T20:41:58.925+0000] {processor.py:830} INFO - Processing file /opt/airflow/dags/berlin_mss_pipeline.py for tasks to queue
[2026-05-24T20:41:58.926+0000] {logging_mixin.py:188} INFO - [2026-05-24T20:41:58.926+0000] {dagbag.py:545} INFO - Filling up the DagBag from /opt/airflow/dags/berlin_mss_pipeline.py
[2026-05-24T20:41:58.937+0000] {processor.py:840} INFO - DAG(s) 'berlin_social_atlas' retrieved from /opt/airflow/dags/berlin_mss_pipeline.py
[2026-05-24T20:41:58.959+0000] {logging_mixin.py:188} INFO - [2026-05-24T20:41:58.959+0000] {dag.py:3096} INFO - Sync 1 DAGs
[2026-05-24T20:41:58.972+0000] {logging_mixin.py:188} INFO - [2026-05-24T20:41:58.972+0000] {dag.py:3954} INFO - Setting next_dagrun for berlin_social_atlas to 2026-01-01 06:00:00+00:00, run_after=2027-01-01 06:00:00+00:00
[2026-05-24T20:41:58.981+0000] {processor.py:183} INFO - Processing /opt/airflow/dags/berlin_mss_pipeline.py took 0.064 seconds
[2026-05-24T20:42:29.253+0000] {processor.py:161} INFO - Started process (PID=608) to work on /opt/airflow/dags/berlin_mss_pipeline.py
[2026-05-24T20:42:29.254+0000] {processor.py:830} INFO - Processing file /opt/airflow/dags/berlin_mss_pipeline.py for tasks to queue
[2026-05-24T20:42:29.257+0000] {logging_mixin.py:188} INFO - [2026-05-24T20:42:29.256+0000] {dagbag.py:545} INFO - Filling up the DagBag from /opt/airflow/dags/berlin_mss_pipeline.py
[2026-05-24T20:42:29.274+0000] {processor.py:840} INFO - DAG(s) 'berlin_social_atlas' retrieved from /opt/airflow/dags/berlin_mss_pipeline.py
[2026-05-24T20:42:29.300+0000] {logging_mixin.py:188} INFO - [2026-05-24T20:42:29.300+0000] {dag.py:3096} INFO - Sync 1 DAGs
[2026-05-24T20:42:29.315+0000] {logging_mixin.py:188} INFO - [2026-05-24T20:42:29.314+0000] {dag.py:3954} INFO - Setting next_dagrun for berlin_social_atlas to 2026-01-01 06:00:00+00:00, run_after=2027-01-01 06:00:00+00:00
[2026-05-24T20:42:29.324+0000] {processor.py:183} INFO - Processing /opt/airflow/dags/berlin_mss_pipeline.py took 0.081 seconds
[2026-05-24T20:42:59.578+0000] {processor.py:161} INFO - Started process (PID=613) to work on /opt/airflow/dags/berlin_mss_pipeline.py
[2026-05-24T20:42:59.579+0000] {processor.py:830} INFO - Processing file /opt/airflow/dags/berlin_mss_pipeline.py for tasks to queue
[2026-05-24T20:42:59.580+0000] {logging_mixin.py:188} INFO - [2026-05-24T20:42:59.580+0000] {dagbag.py:545} INFO - Filling up the DagBag from /opt/airflow/dags/berlin_mss_pipeline.py
[2026-05-24T20:42:59.590+0000] {processor.py:840} INFO - DAG(s) 'berlin_social_atlas' retrieved from /opt/airflow/dags/berlin_mss_pipeline.py
[2026-05-24T20:42:59.609+0000] {logging_mixin.py:188} INFO - [2026-05-24T20:42:59.608+0000] {dag.py:3096} INFO - Sync 1 DAGs
[2026-05-24T20:42:59.620+0000] {logging_mixin.py:188} INFO - [2026-05-24T20:42:59.620+0000] {dag.py:3954} INFO - Setting next_dagrun for berlin_social_atlas to 2026-01-01 06:00:00+00:00, run_after=2027-01-01 06:00:00+00:00
[2026-05-24T20:42:59.628+0000] {processor.py:183} INFO - Processing /opt/airflow/dags/berlin_mss_pipeline.py took 0.054 seconds
[2026-05-24T20:43:29.852+0000] {processor.py:161} INFO - Started process (PID=618) to work on /opt/airflow/dags/berlin_mss_pipeline.py
[2026-05-24T20:43:29.853+0000] {processor.py:830} INFO - Processing file /opt/airflow/dags/berlin_mss_pipeline.py for tasks to queue
[2026-05-24T20:43:29.855+0000] {logging_mixin.py:188} INFO - [2026-05-24T20:43:29.854+0000] {dagbag.py:545} INFO - Filling up the DagBag from /opt/airflow/dags/berlin_mss_pipeline.py
[2026-05-24T20:43:29.867+0000] {processor.py:840} INFO - DAG(s) 'berlin_social_atlas' retrieved from /opt/airflow/dags/berlin_mss_pipeline.py
[2026-05-24T20:43:29.888+0000] {logging_mixin.py:188} INFO - [2026-05-24T20:43:29.888+0000] {dag.py:3096} INFO - Sync 1 DAGs
[2026-05-24T20:43:29.902+0000] {logging_mixin.py:188} INFO - [2026-05-24T20:43:29.902+0000] {dag.py:3954} INFO - Setting next_dagrun for berlin_social_atlas to 2026-01-01 06:00:00+00:00, run_after=2027-01-01 06:00:00+00:00
[2026-05-24T20:43:29.912+0000] {processor.py:183} INFO - Processing /opt/airflow/dags/berlin_mss_pipeline.py took 0.066 seconds
[2026-05-24T20:44:00.162+0000] {processor.py:161} INFO - Started process (PID=623) to work on /opt/airflow/dags/berlin_mss_pipeline.py
[2026-05-24T20:44:00.163+0000] {processor.py:830} INFO - Processing file /opt/airflow/dags/berlin_mss_pipeline.py for tasks to queue
[2026-05-24T20:44:00.165+0000] {logging_mixin.py:188} INFO - [2026-05-24T20:44:00.164+0000] {dagbag.py:545} INFO - Filling up the DagBag from /opt/airflow/dags/berlin_mss_pipeline.py
[2026-05-24T20:44:00.177+0000] {processor.py:840} INFO - DAG(s) 'berlin_social_atlas' retrieved from /opt/airflow/dags/berlin_mss_pipeline.py
[2026-05-24T20:44:00.201+0000] {logging_mixin.py:188} INFO - [2026-05-24T20:44:00.200+0000] {dag.py:3096} INFO - Sync 1 DAGs
[2026-05-24T20:44:00.214+0000] {logging_mixin.py:188} INFO - [2026-05-24T20:44:00.214+0000] {dag.py:3954} INFO - Setting next_dagrun for berlin_social_atlas to 2026-01-01 06:00:00+00:00, run_after=2027-01-01 06:00:00+00:00
[2026-05-24T20:44:00.223+0000] {processor.py:183} INFO - Processing /opt/airflow/dags/berlin_mss_pipeline.py took 0.067 seconds
[2026-05-24T21:40:59.957+0000] {processor.py:161} INFO - Started process (PID=628) to work on /opt/airflow/dags/berlin_mss_pipeline.py
[2026-05-24T21:40:59.958+0000] {processor.py:830} INFO - Processing file /opt/airflow/dags/berlin_mss_pipeline.py for tasks to queue
[2026-05-24T21:40:59.961+0000] {logging_mixin.py:188} INFO - [2026-05-24T21:40:59.961+0000] {dagbag.py:545} INFO - Filling up the DagBag from /opt/airflow/dags/berlin_mss_pipeline.py
[2026-05-24T21:40:59.975+0000] {processor.py:840} INFO - DAG(s) 'berlin_social_atlas' retrieved from /opt/airflow/dags/berlin_mss_pipeline.py
[2026-05-24T21:40:59.995+0000] {logging_mixin.py:188} INFO - [2026-05-24T21:40:59.995+0000] {dag.py:3096} INFO - Sync 1 DAGs
[2026-05-24T21:41:00.009+0000] {logging_mixin.py:188} INFO - [2026-05-24T21:41:00.009+0000] {dag.py:3954} INFO - Setting next_dagrun for berlin_social_atlas to 2026-01-01 06:00:00+00:00, run_after=2027-01-01 06:00:00+00:00
[2026-05-24T21:41:00.018+0000] {processor.py:183} INFO - Processing /opt/airflow/dags/berlin_mss_pipeline.py took 0.069 seconds
[2026-05-24T22:43:08.798+0000] {processor.py:161} INFO - Started process (PID=633) to work on /opt/airflow/dags/berlin_mss_pipeline.py
[2026-05-24T22:43:08.799+0000] {processor.py:830} INFO - Processing file /opt/airflow/dags/berlin_mss_pipeline.py for tasks to queue
[2026-05-24T22:43:08.801+0000] {logging_mixin.py:188} INFO - [2026-05-24T22:43:08.801+0000] {dagbag.py:545} INFO - Filling up the DagBag from /opt/airflow/dags/berlin_mss_pipeline.py
[2026-05-24T22:43:08.813+0000] {processor.py:840} INFO - DAG(s) 'berlin_social_atlas' retrieved from /opt/airflow/dags/berlin_mss_pipeline.py
[2026-05-24T22:43:08.833+0000] {logging_mixin.py:188} INFO - [2026-05-24T22:43:08.833+0000] {dag.py:3096} INFO - Sync 1 DAGs
[2026-05-24T22:43:08.846+0000] {logging_mixin.py:188} INFO - [2026-05-24T22:43:08.846+0000] {dag.py:3954} INFO - Setting next_dagrun for berlin_social_atlas to 2026-01-01 06:00:00+00:00, run_after=2027-01-01 06:00:00+00:00
[2026-05-24T22:43:08.854+0000] {processor.py:183} INFO - Processing /opt/airflow/dags/berlin_mss_pipeline.py took 0.061 seconds
[2026-05-24T22:43:39.206+0000] {processor.py:161} INFO - Started process (PID=638) to work on /opt/airflow/dags/berlin_mss_pipeline.py
[2026-05-24T22:43:39.207+0000] {processor.py:830} INFO - Processing file /opt/airflow/dags/berlin_mss_pipeline.py for tasks to queue
[2026-05-24T22:43:39.209+0000] {logging_mixin.py:188} INFO - [2026-05-24T22:43:39.209+0000] {dagbag.py:545} INFO - Filling up the DagBag from /opt/airflow/dags/berlin_mss_pipeline.py
[2026-05-24T22:43:39.223+0000] {processor.py:840} INFO - DAG(s) 'berlin_social_atlas' retrieved from /opt/airflow/dags/berlin_mss_pipeline.py
[2026-05-24T22:43:39.248+0000] {logging_mixin.py:188} INFO - [2026-05-24T22:43:39.248+0000] {dag.py:3096} INFO - Sync 1 DAGs
[2026-05-24T22:43:39.262+0000] {logging_mixin.py:188} INFO - [2026-05-24T22:43:39.262+0000] {dag.py:3954} INFO - Setting next_dagrun for berlin_social_atlas to 2026-01-01 06:00:00+00:00, run_after=2027-01-01 06:00:00+00:00
[2026-05-24T22:43:39.271+0000] {processor.py:183} INFO - Processing /opt/airflow/dags/berlin_mss_pipeline.py took 0.072 seconds
[2026-05-24T22:44:09.573+0000] {processor.py:161} INFO - Started process (PID=643) to work on /opt/airflow/dags/berlin_mss_pipeline.py
[2026-05-24T22:44:09.574+0000] {processor.py:830} INFO - Processing file /opt/airflow/dags/berlin_mss_pipeline.py for tasks to queue
[2026-05-24T22:44:09.577+0000] {logging_mixin.py:188} INFO - [2026-05-24T22:44:09.577+0000] {dagbag.py:545} INFO - Filling up the DagBag from /opt/airflow/dags/berlin_mss_pipeline.py
[2026-05-24T22:44:09.597+0000] {processor.py:840} INFO - DAG(s) 'berlin_social_atlas' retrieved from /opt/airflow/dags/berlin_mss_pipeline.py
[2026-05-24T22:44:09.625+0000] {logging_mixin.py:188} INFO - [2026-05-24T22:44:09.625+0000] {dag.py:3096} INFO - Sync 1 DAGs
[2026-05-24T22:44:09.640+0000] {logging_mixin.py:188} INFO - [2026-05-24T22:44:09.640+0000] {dag.py:3954} INFO - Setting next_dagrun for berlin_social_atlas to 2026-01-01 06:00:00+00:00, run_after=2027-01-01 06:00:00+00:00
[2026-05-24T22:44:09.649+0000] {processor.py:183} INFO - Processing /opt/airflow/dags/berlin_mss_pipeline.py took 0.082 seconds
[2026-05-24T22:44:40.028+0000] {processor.py:161} INFO - Started process (PID=648) to work on /opt/airflow/dags/berlin_mss_pipeline.py
[2026-05-24T22:44:40.029+0000] {processor.py:830} INFO - Processing file /opt/airflow/dags/berlin_mss_pipeline.py for tasks to queue
[2026-05-24T22:44:40.031+0000] {logging_mixin.py:188} INFO - [2026-05-24T22:44:40.031+0000] {dagbag.py:545} INFO - Filling up the DagBag from /opt/airflow/dags/berlin_mss_pipeline.py
[2026-05-24T22:44:40.043+0000] {processor.py:840} INFO - DAG(s) 'berlin_social_atlas' retrieved from /opt/airflow/dags/berlin_mss_pipeline.py
[2026-05-24T22:44:40.068+0000] {logging_mixin.py:188} INFO - [2026-05-24T22:44:40.067+0000] {dag.py:3096} INFO - Sync 1 DAGs
[2026-05-24T22:44:40.082+0000] {logging_mixin.py:188} INFO - [2026-05-24T22:44:40.082+0000] {dag.py:3954} INFO - Setting next_dagrun for berlin_social_atlas to 2026-01-01 06:00:00+00:00, run_after=2027-01-01 06:00:00+00:00
[2026-05-24T22:44:40.091+0000] {processor.py:183} INFO - Processing /opt/airflow/dags/berlin_mss_pipeline.py took 0.069 seconds
[2026-05-24T22:45:10.437+0000] {processor.py:161} INFO - Started process (PID=653) to work on /opt/airflow/dags/berlin_mss_pipeline.py
[2026-05-24T22:45:10.438+0000] {processor.py:830} INFO - Processing file /opt/airflow/dags/berlin_mss_pipeline.py for tasks to queue
[2026-05-24T22:45:10.440+0000] {logging_mixin.py:188} INFO - [2026-05-24T22:45:10.439+0000] {dagbag.py:545} INFO - Filling up the DagBag from /opt/airflow/dags/berlin_mss_pipeline.py
[2026-05-24T22:45:10.452+0000] {processor.py:840} INFO - DAG(s) 'berlin_social_atlas' retrieved from /opt/airflow/dags/berlin_mss_pipeline.py
[2026-05-24T22:45:10.476+0000] {logging_mixin.py:188} INFO - [2026-05-24T22:45:10.476+0000] {dag.py:3096} INFO - Sync 1 DAGs
[2026-05-24T22:45:10.489+0000] {logging_mixin.py:188} INFO - [2026-05-24T22:45:10.489+0000] {dag.py:3954} INFO - Setting next_dagrun for berlin_social_atlas to 2026-01-01 06:00:00+00:00, run_after=2027-01-01 06:00:00+00:00
[2026-05-24T22:45:10.497+0000] {processor.py:183} INFO - Processing /opt/airflow/dags/berlin_mss_pipeline.py took 0.067 seconds
[2026-05-24T22:45:40.908+0000] {processor.py:161} INFO - Started process (PID=658) to work on /opt/airflow/dags/berlin_mss_pipeline.py
[2026-05-24T22:45:40.909+0000] {processor.py:830} INFO - Processing file /opt/airflow/dags/berlin_mss_pipeline.py for tasks to queue
[2026-05-24T22:45:40.912+0000] {logging_mixin.py:188} INFO - [2026-05-24T22:45:40.911+0000] {dagbag.py:545} INFO - Filling up the DagBag from /opt/airflow/dags/berlin_mss_pipeline.py
[2026-05-24T22:45:40.926+0000] {processor.py:840} INFO - DAG(s) 'berlin_social_atlas' retrieved from /opt/airflow/dags/berlin_mss_pipeline.py
[2026-05-24T22:45:40.952+0000] {logging_mixin.py:188} INFO - [2026-05-24T22:45:40.952+0000] {dag.py:3096} INFO - Sync 1 DAGs
[2026-05-24T22:45:40.966+0000] {logging_mixin.py:188} INFO - [2026-05-24T22:45:40.965+0000] {dag.py:3954} INFO - Setting next_dagrun for berlin_social_atlas to 2026-01-01 06:00:00+00:00, run_after=2027-01-01 06:00:00+00:00
[2026-05-24T22:45:40.975+0000] {processor.py:183} INFO - Processing /opt/airflow/dags/berlin_mss_pipeline.py took 0.073 seconds
[2026-05-24T22:46:11.542+0000] {processor.py:161} INFO - Started process (PID=663) to work on /opt/airflow/dags/berlin_mss_pipeline.py
[2026-05-24T22:46:11.543+0000] {processor.py:830} INFO - Processing file /opt/airflow/dags/berlin_mss_pipeline.py for tasks to queue
[2026-05-24T22:46:11.545+0000] {logging_mixin.py:188} INFO - [2026-05-24T22:46:11.544+0000] {dagbag.py:545} INFO - Filling up the DagBag from /opt/airflow/dags/berlin_mss_pipeline.py
[2026-05-24T22:46:11.556+0000] {processor.py:840} INFO - DAG(s) 'berlin_social_atlas' retrieved from /opt/airflow/dags/berlin_mss_pipeline.py
[2026-05-24T22:46:11.580+0000] {logging_mixin.py:188} INFO - [2026-05-24T22:46:11.579+0000] {dag.py:3096} INFO - Sync 1 DAGs
[2026-05-24T22:46:11.593+0000] {logging_mixin.py:188} INFO - [2026-05-24T22:46:11.593+0000] {dag.py:3954} INFO - Setting next_dagrun for berlin_social_atlas to 2026-01-01 06:00:00+00:00, run_after=2027-01-01 06:00:00+00:00
[2026-05-24T22:46:11.602+0000] {processor.py:183} INFO - Processing /opt/airflow/dags/berlin_mss_pipeline.py took 0.066 seconds
[2026-05-24T23:59:21.187+0000] {processor.py:161} INFO - Started process (PID=668) to work on /opt/airflow/dags/berlin_mss_pipeline.py
[2026-05-24T23:59:21.188+0000] {processor.py:830} INFO - Processing file /opt/airflow/dags/berlin_mss_pipeline.py for tasks to queue
[2026-05-24T23:59:21.191+0000] {logging_mixin.py:188} INFO - [2026-05-24T23:59:21.190+0000] {dagbag.py:545} INFO - Filling up the DagBag from /opt/airflow/dags/berlin_mss_pipeline.py
[2026-05-24T23:59:21.208+0000] {processor.py:840} INFO - DAG(s) 'berlin_social_atlas' retrieved from /opt/airflow/dags/berlin_mss_pipeline.py
[2026-05-24T23:59:21.233+0000] {logging_mixin.py:188} INFO - [2026-05-24T23:59:21.233+0000] {dag.py:3096} INFO - Sync 1 DAGs
[2026-05-24T23:59:21.263+0000] {logging_mixin.py:188} INFO - [2026-05-24T23:59:21.263+0000] {dag.py:3954} INFO - Setting next_dagrun for berlin_social_atlas to 2026-01-01 06:00:00+00:00, run_after=2027-01-01 06:00:00+00:00
[2026-05-24T23:59:21.282+0000] {processor.py:183} INFO - Processing /opt/airflow/dags/berlin_mss_pipeline.py took 0.104 seconds
