[2026-05-25T00:16:39.198+0000] {processor.py:161} INFO - Started process (PID=673) to work on /opt/airflow/dags/berlin_mss_pipeline.py
[2026-05-25T00:16:39.199+0000] {processor.py:830} INFO - Processing file /opt/airflow/dags/berlin_mss_pipeline.py for tasks to queue
[2026-05-25T00:16:39.201+0000] {logging_mixin.py:188} INFO - [2026-05-25T00:16:39.201+0000] {dagbag.py:545} INFO - Filling up the DagBag from /opt/airflow/dags/berlin_mss_pipeline.py
[2026-05-25T00:16:39.212+0000] {processor.py:840} INFO - DAG(s) 'berlin_social_atlas' retrieved from /opt/airflow/dags/berlin_mss_pipeline.py
[2026-05-25T00:16:39.235+0000] {logging_mixin.py:188} INFO - [2026-05-25T00:16:39.235+0000] {dag.py:3096} INFO - Sync 1 DAGs
[2026-05-25T00:16:39.246+0000] {logging_mixin.py:188} INFO - [2026-05-25T00:16:39.246+0000] {dag.py:3954} INFO - Setting next_dagrun for berlin_social_atlas to 2026-01-01 06:00:00+00:00, run_after=2027-01-01 06:00:00+00:00
[2026-05-25T00:16:39.254+0000] {processor.py:183} INFO - Processing /opt/airflow/dags/berlin_mss_pipeline.py took 0.062 seconds
[2026-05-25T00:17:09.513+0000] {processor.py:161} INFO - Started process (PID=678) to work on /opt/airflow/dags/berlin_mss_pipeline.py
[2026-05-25T00:17:09.514+0000] {processor.py:830} INFO - Processing file /opt/airflow/dags/berlin_mss_pipeline.py for tasks to queue
[2026-05-25T00:17:09.516+0000] {logging_mixin.py:188} INFO - [2026-05-25T00:17:09.516+0000] {dagbag.py:545} INFO - Filling up the DagBag from /opt/airflow/dags/berlin_mss_pipeline.py
[2026-05-25T00:17:09.530+0000] {processor.py:840} INFO - DAG(s) 'berlin_social_atlas' retrieved from /opt/airflow/dags/berlin_mss_pipeline.py
[2026-05-25T00:17:09.555+0000] {logging_mixin.py:188} INFO - [2026-05-25T00:17:09.555+0000] {dag.py:3096} INFO - Sync 1 DAGs
[2026-05-25T00:17:09.569+0000] {logging_mixin.py:188} INFO - [2026-05-25T00:17:09.569+0000] {dag.py:3954} INFO - Setting next_dagrun for berlin_social_atlas to 2026-01-01 06:00:00+00:00, run_after=2027-01-01 06:00:00+00:00
[2026-05-25T00:17:09.579+0000] {processor.py:183} INFO - Processing /opt/airflow/dags/berlin_mss_pipeline.py took 0.073 seconds
[2026-05-25T00:17:39.949+0000] {processor.py:161} INFO - Started process (PID=683) to work on /opt/airflow/dags/berlin_mss_pipeline.py
[2026-05-25T00:17:39.951+0000] {processor.py:830} INFO - Processing file /opt/airflow/dags/berlin_mss_pipeline.py for tasks to queue
[2026-05-25T00:17:39.952+0000] {logging_mixin.py:188} INFO - [2026-05-25T00:17:39.952+0000] {dagbag.py:545} INFO - Filling up the DagBag from /opt/airflow/dags/berlin_mss_pipeline.py
[2026-05-25T00:17:39.964+0000] {processor.py:840} INFO - DAG(s) 'berlin_social_atlas' retrieved from /opt/airflow/dags/berlin_mss_pipeline.py
[2026-05-25T00:17:39.987+0000] {logging_mixin.py:188} INFO - [2026-05-25T00:17:39.987+0000] {dag.py:3096} INFO - Sync 1 DAGs
[2026-05-25T00:17:40.000+0000] {logging_mixin.py:188} INFO - [2026-05-25T00:17:40.000+0000] {dag.py:3954} INFO - Setting next_dagrun for berlin_social_atlas to 2026-01-01 06:00:00+00:00, run_after=2027-01-01 06:00:00+00:00
[2026-05-25T00:17:40.009+0000] {processor.py:183} INFO - Processing /opt/airflow/dags/berlin_mss_pipeline.py took 0.066 seconds
[2026-05-25T00:18:10.374+0000] {processor.py:161} INFO - Started process (PID=688) to work on /opt/airflow/dags/berlin_mss_pipeline.py
[2026-05-25T00:18:10.375+0000] {processor.py:830} INFO - Processing file /opt/airflow/dags/berlin_mss_pipeline.py for tasks to queue
[2026-05-25T00:18:10.377+0000] {logging_mixin.py:188} INFO - [2026-05-25T00:18:10.376+0000] {dagbag.py:545} INFO - Filling up the DagBag from /opt/airflow/dags/berlin_mss_pipeline.py
[2026-05-25T00:18:10.389+0000] {processor.py:840} INFO - DAG(s) 'berlin_social_atlas' retrieved from /opt/airflow/dags/berlin_mss_pipeline.py
[2026-05-25T00:18:10.414+0000] {logging_mixin.py:188} INFO - [2026-05-25T00:18:10.413+0000] {dag.py:3096} INFO - Sync 1 DAGs
[2026-05-25T00:18:10.426+0000] {logging_mixin.py:188} INFO - [2026-05-25T00:18:10.426+0000] {dag.py:3954} INFO - Setting next_dagrun for berlin_social_atlas to 2026-01-01 06:00:00+00:00, run_after=2027-01-01 06:00:00+00:00
[2026-05-25T00:18:10.436+0000] {processor.py:183} INFO - Processing /opt/airflow/dags/berlin_mss_pipeline.py took 0.068 seconds
[2026-05-25T00:18:40.773+0000] {processor.py:161} INFO - Started process (PID=693) to work on /opt/airflow/dags/berlin_mss_pipeline.py
[2026-05-25T00:18:40.774+0000] {processor.py:830} INFO - Processing file /opt/airflow/dags/berlin_mss_pipeline.py for tasks to queue
[2026-05-25T00:18:40.776+0000] {logging_mixin.py:188} INFO - [2026-05-25T00:18:40.776+0000] {dagbag.py:545} INFO - Filling up the DagBag from /opt/airflow/dags/berlin_mss_pipeline.py
[2026-05-25T00:18:40.787+0000] {processor.py:840} INFO - DAG(s) 'berlin_social_atlas' retrieved from /opt/airflow/dags/berlin_mss_pipeline.py
[2026-05-25T00:18:40.811+0000] {logging_mixin.py:188} INFO - [2026-05-25T00:18:40.811+0000] {dag.py:3096} INFO - Sync 1 DAGs
[2026-05-25T00:18:40.823+0000] {logging_mixin.py:188} INFO - [2026-05-25T00:18:40.823+0000] {dag.py:3954} INFO - Setting next_dagrun for berlin_social_atlas to 2026-01-01 06:00:00+00:00, run_after=2027-01-01 06:00:00+00:00
[2026-05-25T00:18:40.832+0000] {processor.py:183} INFO - Processing /opt/airflow/dags/berlin_mss_pipeline.py took 0.065 seconds
[2026-05-25T00:19:11.146+0000] {processor.py:161} INFO - Started process (PID=698) to work on /opt/airflow/dags/berlin_mss_pipeline.py
[2026-05-25T00:19:11.146+0000] {processor.py:830} INFO - Processing file /opt/airflow/dags/berlin_mss_pipeline.py for tasks to queue
[2026-05-25T00:19:11.147+0000] {logging_mixin.py:188} INFO - [2026-05-25T00:19:11.147+0000] {dagbag.py:545} INFO - Filling up the DagBag from /opt/airflow/dags/berlin_mss_pipeline.py
[2026-05-25T00:19:11.157+0000] {processor.py:840} INFO - DAG(s) 'berlin_social_atlas' retrieved from /opt/airflow/dags/berlin_mss_pipeline.py
[2026-05-25T00:19:11.174+0000] {logging_mixin.py:188} INFO - [2026-05-25T00:19:11.174+0000] {dag.py:3096} INFO - Sync 1 DAGs
[2026-05-25T00:19:11.185+0000] {logging_mixin.py:188} INFO - [2026-05-25T00:19:11.184+0000] {dag.py:3954} INFO - Setting next_dagrun for berlin_social_atlas to 2026-01-01 06:00:00+00:00, run_after=2027-01-01 06:00:00+00:00
[2026-05-25T00:19:11.192+0000] {processor.py:183} INFO - Processing /opt/airflow/dags/berlin_mss_pipeline.py took 0.050 seconds
[2026-05-25T00:45:30.640+0000] {processor.py:161} INFO - Started process (PID=703) to work on /opt/airflow/dags/berlin_mss_pipeline.py
[2026-05-25T00:45:30.641+0000] {processor.py:830} INFO - Processing file /opt/airflow/dags/berlin_mss_pipeline.py for tasks to queue
[2026-05-25T00:45:30.643+0000] {logging_mixin.py:188} INFO - [2026-05-25T00:45:30.643+0000] {dagbag.py:545} INFO - Filling up the DagBag from /opt/airflow/dags/berlin_mss_pipeline.py
[2026-05-25T00:45:30.658+0000] {processor.py:840} INFO - DAG(s) 'berlin_social_atlas' retrieved from /opt/airflow/dags/berlin_mss_pipeline.py
[2026-05-25T00:45:30.679+0000] {logging_mixin.py:188} INFO - [2026-05-25T00:45:30.679+0000] {dag.py:3096} INFO - Sync 1 DAGs
[2026-05-25T00:45:30.693+0000] {logging_mixin.py:188} INFO - [2026-05-25T00:45:30.693+0000] {dag.py:3954} INFO - Setting next_dagrun for berlin_social_atlas to 2026-01-01 06:00:00+00:00, run_after=2027-01-01 06:00:00+00:00
[2026-05-25T00:45:30.702+0000] {processor.py:183} INFO - Processing /opt/airflow/dags/berlin_mss_pipeline.py took 0.069 seconds
[2026-05-25T01:31:44.158+0000] {processor.py:161} INFO - Started process (PID=708) to work on /opt/airflow/dags/berlin_mss_pipeline.py
[2026-05-25T01:31:44.159+0000] {processor.py:830} INFO - Processing file /opt/airflow/dags/berlin_mss_pipeline.py for tasks to queue
[2026-05-25T01:31:44.160+0000] {logging_mixin.py:188} INFO - [2026-05-25T01:31:44.160+0000] {dagbag.py:545} INFO - Filling up the DagBag from /opt/airflow/dags/berlin_mss_pipeline.py
[2026-05-25T01:31:44.170+0000] {processor.py:840} INFO - DAG(s) 'berlin_social_atlas' retrieved from /opt/airflow/dags/berlin_mss_pipeline.py
[2026-05-25T01:31:44.194+0000] {logging_mixin.py:188} INFO - [2026-05-25T01:31:44.193+0000] {dag.py:3096} INFO - Sync 1 DAGs
[2026-05-25T01:31:44.207+0000] {logging_mixin.py:188} INFO - [2026-05-25T01:31:44.207+0000] {dag.py:3954} INFO - Setting next_dagrun for berlin_social_atlas to 2026-01-01 06:00:00+00:00, run_after=2027-01-01 06:00:00+00:00
[2026-05-25T01:31:44.221+0000] {processor.py:183} INFO - Processing /opt/airflow/dags/berlin_mss_pipeline.py took 0.069 seconds
[2026-05-25T02:04:00.485+0000] {processor.py:161} INFO - Started process (PID=713) to work on /opt/airflow/dags/berlin_mss_pipeline.py
[2026-05-25T02:04:00.486+0000] {processor.py:830} INFO - Processing file /opt/airflow/dags/berlin_mss_pipeline.py for tasks to queue
[2026-05-25T02:04:00.488+0000] {logging_mixin.py:188} INFO - [2026-05-25T02:04:00.488+0000] {dagbag.py:545} INFO - Filling up the DagBag from /opt/airflow/dags/berlin_mss_pipeline.py
[2026-05-25T02:04:00.498+0000] {processor.py:840} INFO - DAG(s) 'berlin_social_atlas' retrieved from /opt/airflow/dags/berlin_mss_pipeline.py
[2026-05-25T02:04:00.520+0000] {logging_mixin.py:188} INFO - [2026-05-25T02:04:00.520+0000] {dag.py:3096} INFO - Sync 1 DAGs
[2026-05-25T02:04:00.534+0000] {logging_mixin.py:188} INFO - [2026-05-25T02:04:00.534+0000] {dag.py:3954} INFO - Setting next_dagrun for berlin_social_atlas to 2026-01-01 06:00:00+00:00, run_after=2027-01-01 06:00:00+00:00
[2026-05-25T02:04:00.542+0000] {processor.py:183} INFO - Processing /opt/airflow/dags/berlin_mss_pipeline.py took 0.063 seconds
[2026-05-25T02:39:39.682+0000] {processor.py:161} INFO - Started process (PID=718) to work on /opt/airflow/dags/berlin_mss_pipeline.py
[2026-05-25T02:39:39.683+0000] {processor.py:830} INFO - Processing file /opt/airflow/dags/berlin_mss_pipeline.py for tasks to queue
[2026-05-25T02:39:39.684+0000] {logging_mixin.py:188} INFO - [2026-05-25T02:39:39.684+0000] {dagbag.py:545} INFO - Filling up the DagBag from /opt/airflow/dags/berlin_mss_pipeline.py
[2026-05-25T02:39:39.695+0000] {processor.py:840} INFO - DAG(s) 'berlin_social_atlas' retrieved from /opt/airflow/dags/berlin_mss_pipeline.py
[2026-05-25T02:39:39.716+0000] {logging_mixin.py:188} INFO - [2026-05-25T02:39:39.716+0000] {dag.py:3096} INFO - Sync 1 DAGs
[2026-05-25T02:39:39.727+0000] {logging_mixin.py:188} INFO - [2026-05-25T02:39:39.727+0000] {dag.py:3954} INFO - Setting next_dagrun for berlin_social_atlas to 2026-01-01 06:00:00+00:00, run_after=2027-01-01 06:00:00+00:00
[2026-05-25T02:39:39.736+0000] {processor.py:183} INFO - Processing /opt/airflow/dags/berlin_mss_pipeline.py took 0.060 seconds
[2026-05-25T02:40:10.004+0000] {processor.py:161} INFO - Started process (PID=723) to work on /opt/airflow/dags/berlin_mss_pipeline.py
[2026-05-25T02:40:10.006+0000] {processor.py:830} INFO - Processing file /opt/airflow/dags/berlin_mss_pipeline.py for tasks to queue
[2026-05-25T02:40:10.008+0000] {logging_mixin.py:188} INFO - [2026-05-25T02:40:10.007+0000] {dagbag.py:545} INFO - Filling up the DagBag from /opt/airflow/dags/berlin_mss_pipeline.py
[2026-05-25T02:40:10.020+0000] {processor.py:840} INFO - DAG(s) 'berlin_social_atlas' retrieved from /opt/airflow/dags/berlin_mss_pipeline.py
[2026-05-25T02:40:10.044+0000] {logging_mixin.py:188} INFO - [2026-05-25T02:40:10.044+0000] {dag.py:3096} INFO - Sync 1 DAGs
[2026-05-25T02:40:10.058+0000] {logging_mixin.py:188} INFO - [2026-05-25T02:40:10.057+0000] {dag.py:3954} INFO - Setting next_dagrun for berlin_social_atlas to 2026-01-01 06:00:00+00:00, run_after=2027-01-01 06:00:00+00:00
[2026-05-25T02:40:10.066+0000] {processor.py:183} INFO - Processing /opt/airflow/dags/berlin_mss_pipeline.py took 0.069 seconds
[2026-05-25T02:40:40.376+0000] {processor.py:161} INFO - Started process (PID=728) to work on /opt/airflow/dags/berlin_mss_pipeline.py
[2026-05-25T02:40:40.377+0000] {processor.py:830} INFO - Processing file /opt/airflow/dags/berlin_mss_pipeline.py for tasks to queue
[2026-05-25T02:40:40.379+0000] {logging_mixin.py:188} INFO - [2026-05-25T02:40:40.378+0000] {dagbag.py:545} INFO - Filling up the DagBag from /opt/airflow/dags/berlin_mss_pipeline.py
[2026-05-25T02:40:40.390+0000] {processor.py:840} INFO - DAG(s) 'berlin_social_atlas' retrieved from /opt/airflow/dags/berlin_mss_pipeline.py
[2026-05-25T02:40:40.413+0000] {logging_mixin.py:188} INFO - [2026-05-25T02:40:40.413+0000] {dag.py:3096} INFO - Sync 1 DAGs
[2026-05-25T02:40:40.426+0000] {logging_mixin.py:188} INFO - [2026-05-25T02:40:40.426+0000] {dag.py:3954} INFO - Setting next_dagrun for berlin_social_atlas to 2026-01-01 06:00:00+00:00, run_after=2027-01-01 06:00:00+00:00
[2026-05-25T02:40:40.435+0000] {processor.py:183} INFO - Processing /opt/airflow/dags/berlin_mss_pipeline.py took 0.066 seconds
[2026-05-25T02:41:10.672+0000] {processor.py:161} INFO - Started process (PID=733) to work on /opt/airflow/dags/berlin_mss_pipeline.py
[2026-05-25T02:41:10.673+0000] {processor.py:830} INFO - Processing file /opt/airflow/dags/berlin_mss_pipeline.py for tasks to queue
[2026-05-25T02:41:10.675+0000] {logging_mixin.py:188} INFO - [2026-05-25T02:41:10.674+0000] {dagbag.py:545} INFO - Filling up the DagBag from /opt/airflow/dags/berlin_mss_pipeline.py
[2026-05-25T02:41:10.686+0000] {processor.py:840} INFO - DAG(s) 'berlin_social_atlas' retrieved from /opt/airflow/dags/berlin_mss_pipeline.py
[2026-05-25T02:41:10.709+0000] {logging_mixin.py:188} INFO - [2026-05-25T02:41:10.709+0000] {dag.py:3096} INFO - Sync 1 DAGs
[2026-05-25T02:41:10.721+0000] {logging_mixin.py:188} INFO - [2026-05-25T02:41:10.721+0000] {dag.py:3954} INFO - Setting next_dagrun for berlin_social_atlas to 2026-01-01 06:00:00+00:00, run_after=2027-01-01 06:00:00+00:00
[2026-05-25T02:41:10.730+0000] {processor.py:183} INFO - Processing /opt/airflow/dags/berlin_mss_pipeline.py took 0.064 seconds
[2026-05-25T02:41:41.074+0000] {processor.py:161} INFO - Started process (PID=738) to work on /opt/airflow/dags/berlin_mss_pipeline.py
[2026-05-25T02:41:41.075+0000] {processor.py:830} INFO - Processing file /opt/airflow/dags/berlin_mss_pipeline.py for tasks to queue
[2026-05-25T02:41:41.077+0000] {logging_mixin.py:188} INFO - [2026-05-25T02:41:41.077+0000] {dagbag.py:545} INFO - Filling up the DagBag from /opt/airflow/dags/berlin_mss_pipeline.py
[2026-05-25T02:41:41.088+0000] {processor.py:840} INFO - DAG(s) 'berlin_social_atlas' retrieved from /opt/airflow/dags/berlin_mss_pipeline.py
[2026-05-25T02:41:41.109+0000] {logging_mixin.py:188} INFO - [2026-05-25T02:41:41.109+0000] {dag.py:3096} INFO - Sync 1 DAGs
[2026-05-25T02:41:41.121+0000] {logging_mixin.py:188} INFO - [2026-05-25T02:41:41.121+0000] {dag.py:3954} INFO - Setting next_dagrun for berlin_social_atlas to 2026-01-01 06:00:00+00:00, run_after=2027-01-01 06:00:00+00:00
[2026-05-25T02:41:41.130+0000] {processor.py:183} INFO - Processing /opt/airflow/dags/berlin_mss_pipeline.py took 0.062 seconds
[2026-05-25T02:42:11.500+0000] {processor.py:161} INFO - Started process (PID=743) to work on /opt/airflow/dags/berlin_mss_pipeline.py
[2026-05-25T02:42:11.501+0000] {processor.py:830} INFO - Processing file /opt/airflow/dags/berlin_mss_pipeline.py for tasks to queue
[2026-05-25T02:42:11.503+0000] {logging_mixin.py:188} INFO - [2026-05-25T02:42:11.503+0000] {dagbag.py:545} INFO - Filling up the DagBag from /opt/airflow/dags/berlin_mss_pipeline.py
[2026-05-25T02:42:11.515+0000] {processor.py:840} INFO - DAG(s) 'berlin_social_atlas' retrieved from /opt/airflow/dags/berlin_mss_pipeline.py
[2026-05-25T02:42:11.539+0000] {logging_mixin.py:188} INFO - [2026-05-25T02:42:11.539+0000] {dag.py:3096} INFO - Sync 1 DAGs
[2026-05-25T02:42:11.553+0000] {logging_mixin.py:188} INFO - [2026-05-25T02:42:11.552+0000] {dag.py:3954} INFO - Setting next_dagrun for berlin_social_atlas to 2026-01-01 06:00:00+00:00, run_after=2027-01-01 06:00:00+00:00
[2026-05-25T02:42:11.561+0000] {processor.py:183} INFO - Processing /opt/airflow/dags/berlin_mss_pipeline.py took 0.067 seconds
[2026-05-25T02:59:31.474+0000] {processor.py:161} INFO - Started process (PID=748) to work on /opt/airflow/dags/berlin_mss_pipeline.py
[2026-05-25T02:59:31.475+0000] {processor.py:830} INFO - Processing file /opt/airflow/dags/berlin_mss_pipeline.py for tasks to queue
[2026-05-25T02:59:31.477+0000] {logging_mixin.py:188} INFO - [2026-05-25T02:59:31.477+0000] {dagbag.py:545} INFO - Filling up the DagBag from /opt/airflow/dags/berlin_mss_pipeline.py
[2026-05-25T02:59:31.489+0000] {processor.py:840} INFO - DAG(s) 'berlin_social_atlas' retrieved from /opt/airflow/dags/berlin_mss_pipeline.py
[2026-05-25T02:59:31.510+0000] {logging_mixin.py:188} INFO - [2026-05-25T02:59:31.510+0000] {dag.py:3096} INFO - Sync 1 DAGs
[2026-05-25T02:59:31.523+0000] {logging_mixin.py:188} INFO - [2026-05-25T02:59:31.523+0000] {dag.py:3954} INFO - Setting next_dagrun for berlin_social_atlas to 2026-01-01 06:00:00+00:00, run_after=2027-01-01 06:00:00+00:00
[2026-05-25T02:59:31.531+0000] {processor.py:183} INFO - Processing /opt/airflow/dags/berlin_mss_pipeline.py took 0.064 seconds
[2026-05-25T04:06:38.705+0000] {processor.py:161} INFO - Started process (PID=753) to work on /opt/airflow/dags/berlin_mss_pipeline.py
[2026-05-25T04:06:38.707+0000] {processor.py:830} INFO - Processing file /opt/airflow/dags/berlin_mss_pipeline.py for tasks to queue
[2026-05-25T04:06:38.711+0000] {logging_mixin.py:188} INFO - [2026-05-25T04:06:38.710+0000] {dagbag.py:545} INFO - Filling up the DagBag from /opt/airflow/dags/berlin_mss_pipeline.py
[2026-05-25T04:06:38.731+0000] {processor.py:840} INFO - DAG(s) 'berlin_social_atlas' retrieved from /opt/airflow/dags/berlin_mss_pipeline.py
[2026-05-25T04:06:38.755+0000] {logging_mixin.py:188} INFO - [2026-05-25T04:06:38.755+0000] {dag.py:3096} INFO - Sync 1 DAGs
[2026-05-25T04:06:38.768+0000] {logging_mixin.py:188} INFO - [2026-05-25T04:06:38.768+0000] {dag.py:3954} INFO - Setting next_dagrun for berlin_social_atlas to 2026-01-01 06:00:00+00:00, run_after=2027-01-01 06:00:00+00:00
[2026-05-25T04:06:38.777+0000] {processor.py:183} INFO - Processing /opt/airflow/dags/berlin_mss_pipeline.py took 0.086 seconds
[2026-05-25T04:07:09.157+0000] {processor.py:161} INFO - Started process (PID=758) to work on /opt/airflow/dags/berlin_mss_pipeline.py
[2026-05-25T04:07:09.158+0000] {processor.py:830} INFO - Processing file /opt/airflow/dags/berlin_mss_pipeline.py for tasks to queue
[2026-05-25T04:07:09.160+0000] {logging_mixin.py:188} INFO - [2026-05-25T04:07:09.160+0000] {dagbag.py:545} INFO - Filling up the DagBag from /opt/airflow/dags/berlin_mss_pipeline.py
[2026-05-25T04:07:09.173+0000] {processor.py:840} INFO - DAG(s) 'berlin_social_atlas' retrieved from /opt/airflow/dags/berlin_mss_pipeline.py
[2026-05-25T04:07:09.196+0000] {logging_mixin.py:188} INFO - [2026-05-25T04:07:09.196+0000] {dag.py:3096} INFO - Sync 1 DAGs
[2026-05-25T04:07:09.209+0000] {logging_mixin.py:188} INFO - [2026-05-25T04:07:09.209+0000] {dag.py:3954} INFO - Setting next_dagrun for berlin_social_atlas to 2026-01-01 06:00:00+00:00, run_after=2027-01-01 06:00:00+00:00
[2026-05-25T04:07:09.218+0000] {processor.py:183} INFO - Processing /opt/airflow/dags/berlin_mss_pipeline.py took 0.067 seconds
[2026-05-25T04:07:39.641+0000] {processor.py:161} INFO - Started process (PID=763) to work on /opt/airflow/dags/berlin_mss_pipeline.py
[2026-05-25T04:07:39.642+0000] {processor.py:830} INFO - Processing file /opt/airflow/dags/berlin_mss_pipeline.py for tasks to queue
[2026-05-25T04:07:39.644+0000] {logging_mixin.py:188} INFO - [2026-05-25T04:07:39.644+0000] {dagbag.py:545} INFO - Filling up the DagBag from /opt/airflow/dags/berlin_mss_pipeline.py
[2026-05-25T04:07:39.656+0000] {processor.py:840} INFO - DAG(s) 'berlin_social_atlas' retrieved from /opt/airflow/dags/berlin_mss_pipeline.py
[2026-05-25T04:07:39.679+0000] {logging_mixin.py:188} INFO - [2026-05-25T04:07:39.678+0000] {dag.py:3096} INFO - Sync 1 DAGs
[2026-05-25T04:07:39.691+0000] {logging_mixin.py:188} INFO - [2026-05-25T04:07:39.691+0000] {dag.py:3954} INFO - Setting next_dagrun for berlin_social_atlas to 2026-01-01 06:00:00+00:00, run_after=2027-01-01 06:00:00+00:00
[2026-05-25T04:07:39.700+0000] {processor.py:183} INFO - Processing /opt/airflow/dags/berlin_mss_pipeline.py took 0.065 seconds
[2026-05-25T04:08:10.006+0000] {processor.py:161} INFO - Started process (PID=768) to work on /opt/airflow/dags/berlin_mss_pipeline.py
[2026-05-25T04:08:10.007+0000] {processor.py:830} INFO - Processing file /opt/airflow/dags/berlin_mss_pipeline.py for tasks to queue
[2026-05-25T04:08:10.009+0000] {logging_mixin.py:188} INFO - [2026-05-25T04:08:10.009+0000] {dagbag.py:545} INFO - Filling up the DagBag from /opt/airflow/dags/berlin_mss_pipeline.py
[2026-05-25T04:08:10.021+0000] {processor.py:840} INFO - DAG(s) 'berlin_social_atlas' retrieved from /opt/airflow/dags/berlin_mss_pipeline.py
[2026-05-25T04:08:10.045+0000] {logging_mixin.py:188} INFO - [2026-05-25T04:08:10.045+0000] {dag.py:3096} INFO - Sync 1 DAGs
[2026-05-25T04:08:10.060+0000] {logging_mixin.py:188} INFO - [2026-05-25T04:08:10.059+0000] {dag.py:3954} INFO - Setting next_dagrun for berlin_social_atlas to 2026-01-01 06:00:00+00:00, run_after=2027-01-01 06:00:00+00:00
[2026-05-25T04:08:10.068+0000] {processor.py:183} INFO - Processing /opt/airflow/dags/berlin_mss_pipeline.py took 0.069 seconds
[2026-05-25T04:08:40.412+0000] {processor.py:161} INFO - Started process (PID=773) to work on /opt/airflow/dags/berlin_mss_pipeline.py
[2026-05-25T04:08:40.414+0000] {processor.py:830} INFO - Processing file /opt/airflow/dags/berlin_mss_pipeline.py for tasks to queue
[2026-05-25T04:08:40.415+0000] {logging_mixin.py:188} INFO - [2026-05-25T04:08:40.415+0000] {dagbag.py:545} INFO - Filling up the DagBag from /opt/airflow/dags/berlin_mss_pipeline.py
[2026-05-25T04:08:40.427+0000] {processor.py:840} INFO - DAG(s) 'berlin_social_atlas' retrieved from /opt/airflow/dags/berlin_mss_pipeline.py
[2026-05-25T04:08:40.451+0000] {logging_mixin.py:188} INFO - [2026-05-25T04:08:40.451+0000] {dag.py:3096} INFO - Sync 1 DAGs
[2026-05-25T04:08:40.463+0000] {logging_mixin.py:188} INFO - [2026-05-25T04:08:40.463+0000] {dag.py:3954} INFO - Setting next_dagrun for berlin_social_atlas to 2026-01-01 06:00:00+00:00, run_after=2027-01-01 06:00:00+00:00
[2026-05-25T04:08:40.472+0000] {processor.py:183} INFO - Processing /opt/airflow/dags/berlin_mss_pipeline.py took 0.067 seconds
[2026-05-25T04:09:10.735+0000] {processor.py:161} INFO - Started process (PID=778) to work on /opt/airflow/dags/berlin_mss_pipeline.py
[2026-05-25T04:09:10.736+0000] {processor.py:830} INFO - Processing file /opt/airflow/dags/berlin_mss_pipeline.py for tasks to queue
[2026-05-25T04:09:10.738+0000] {logging_mixin.py:188} INFO - [2026-05-25T04:09:10.738+0000] {dagbag.py:545} INFO - Filling up the DagBag from /opt/airflow/dags/berlin_mss_pipeline.py
[2026-05-25T04:09:10.750+0000] {processor.py:840} INFO - DAG(s) 'berlin_social_atlas' retrieved from /opt/airflow/dags/berlin_mss_pipeline.py
[2026-05-25T04:09:10.772+0000] {logging_mixin.py:188} INFO - [2026-05-25T04:09:10.772+0000] {dag.py:3096} INFO - Sync 1 DAGs
[2026-05-25T04:09:10.785+0000] {logging_mixin.py:188} INFO - [2026-05-25T04:09:10.785+0000] {dag.py:3954} INFO - Setting next_dagrun for berlin_social_atlas to 2026-01-01 06:00:00+00:00, run_after=2027-01-01 06:00:00+00:00
[2026-05-25T04:09:10.794+0000] {processor.py:183} INFO - Processing /opt/airflow/dags/berlin_mss_pipeline.py took 0.066 seconds
[2026-05-25T04:25:59.833+0000] {processor.py:161} INFO - Started process (PID=783) to work on /opt/airflow/dags/berlin_mss_pipeline.py
[2026-05-25T04:25:59.834+0000] {processor.py:830} INFO - Processing file /opt/airflow/dags/berlin_mss_pipeline.py for tasks to queue
[2026-05-25T04:25:59.836+0000] {logging_mixin.py:188} INFO - [2026-05-25T04:25:59.835+0000] {dagbag.py:545} INFO - Filling up the DagBag from /opt/airflow/dags/berlin_mss_pipeline.py
[2026-05-25T04:25:59.847+0000] {processor.py:840} INFO - DAG(s) 'berlin_social_atlas' retrieved from /opt/airflow/dags/berlin_mss_pipeline.py
[2026-05-25T04:25:59.868+0000] {logging_mixin.py:188} INFO - [2026-05-25T04:25:59.868+0000] {dag.py:3096} INFO - Sync 1 DAGs
[2026-05-25T04:25:59.881+0000] {logging_mixin.py:188} INFO - [2026-05-25T04:25:59.880+0000] {dag.py:3954} INFO - Setting next_dagrun for berlin_social_atlas to 2026-01-01 06:00:00+00:00, run_after=2027-01-01 06:00:00+00:00
[2026-05-25T04:25:59.890+0000] {processor.py:183} INFO - Processing /opt/airflow/dags/berlin_mss_pipeline.py took 0.062 seconds
[2026-05-25T05:16:37.212+0000] {processor.py:161} INFO - Started process (PID=788) to work on /opt/airflow/dags/berlin_mss_pipeline.py
[2026-05-25T05:16:37.212+0000] {processor.py:830} INFO - Processing file /opt/airflow/dags/berlin_mss_pipeline.py for tasks to queue
[2026-05-25T05:16:37.215+0000] {logging_mixin.py:188} INFO - [2026-05-25T05:16:37.215+0000] {dagbag.py:545} INFO - Filling up the DagBag from /opt/airflow/dags/berlin_mss_pipeline.py
[2026-05-25T05:16:37.226+0000] {processor.py:840} INFO - DAG(s) 'berlin_social_atlas' retrieved from /opt/airflow/dags/berlin_mss_pipeline.py
[2026-05-25T05:16:37.245+0000] {logging_mixin.py:188} INFO - [2026-05-25T05:16:37.245+0000] {dag.py:3096} INFO - Sync 1 DAGs
[2026-05-25T05:16:37.257+0000] {logging_mixin.py:188} INFO - [2026-05-25T05:16:37.257+0000] {dag.py:3954} INFO - Setting next_dagrun for berlin_social_atlas to 2026-01-01 06:00:00+00:00, run_after=2027-01-01 06:00:00+00:00
[2026-05-25T05:16:37.265+0000] {processor.py:183} INFO - Processing /opt/airflow/dags/berlin_mss_pipeline.py took 0.058 seconds
[2026-05-25T06:10:23.545+0000] {processor.py:161} INFO - Started process (PID=793) to work on /opt/airflow/dags/berlin_mss_pipeline.py
[2026-05-25T06:10:23.546+0000] {processor.py:830} INFO - Processing file /opt/airflow/dags/berlin_mss_pipeline.py for tasks to queue
[2026-05-25T06:10:23.547+0000] {logging_mixin.py:188} INFO - [2026-05-25T06:10:23.547+0000] {dagbag.py:545} INFO - Filling up the DagBag from /opt/airflow/dags/berlin_mss_pipeline.py
[2026-05-25T06:10:23.560+0000] {processor.py:840} INFO - DAG(s) 'berlin_social_atlas' retrieved from /opt/airflow/dags/berlin_mss_pipeline.py
[2026-05-25T06:10:23.581+0000] {logging_mixin.py:188} INFO - [2026-05-25T06:10:23.581+0000] {dag.py:3096} INFO - Sync 1 DAGs
[2026-05-25T06:10:23.595+0000] {logging_mixin.py:188} INFO - [2026-05-25T06:10:23.595+0000] {dag.py:3954} INFO - Setting next_dagrun for berlin_social_atlas to 2026-01-01 06:00:00+00:00, run_after=2027-01-01 06:00:00+00:00
[2026-05-25T06:10:23.603+0000] {processor.py:183} INFO - Processing /opt/airflow/dags/berlin_mss_pipeline.py took 0.068 seconds
[2026-05-25T06:10:53.959+0000] {processor.py:161} INFO - Started process (PID=798) to work on /opt/airflow/dags/berlin_mss_pipeline.py
[2026-05-25T06:10:53.960+0000] {processor.py:830} INFO - Processing file /opt/airflow/dags/berlin_mss_pipeline.py for tasks to queue
[2026-05-25T06:10:53.963+0000] {logging_mixin.py:188} INFO - [2026-05-25T06:10:53.962+0000] {dagbag.py:545} INFO - Filling up the DagBag from /opt/airflow/dags/berlin_mss_pipeline.py
[2026-05-25T06:10:53.974+0000] {processor.py:840} INFO - DAG(s) 'berlin_social_atlas' retrieved from /opt/airflow/dags/berlin_mss_pipeline.py
[2026-05-25T06:10:53.997+0000] {logging_mixin.py:188} INFO - [2026-05-25T06:10:53.997+0000] {dag.py:3096} INFO - Sync 1 DAGs
[2026-05-25T06:10:54.010+0000] {logging_mixin.py:188} INFO - [2026-05-25T06:10:54.010+0000] {dag.py:3954} INFO - Setting next_dagrun for berlin_social_atlas to 2026-01-01 06:00:00+00:00, run_after=2027-01-01 06:00:00+00:00
[2026-05-25T06:10:54.019+0000] {processor.py:183} INFO - Processing /opt/airflow/dags/berlin_mss_pipeline.py took 0.068 seconds
[2026-05-25T06:11:24.394+0000] {processor.py:161} INFO - Started process (PID=803) to work on /opt/airflow/dags/berlin_mss_pipeline.py
[2026-05-25T06:11:24.395+0000] {processor.py:830} INFO - Processing file /opt/airflow/dags/berlin_mss_pipeline.py for tasks to queue
[2026-05-25T06:11:24.398+0000] {logging_mixin.py:188} INFO - [2026-05-25T06:11:24.397+0000] {dagbag.py:545} INFO - Filling up the DagBag from /opt/airflow/dags/berlin_mss_pipeline.py
[2026-05-25T06:11:24.410+0000] {processor.py:840} INFO - DAG(s) 'berlin_social_atlas' retrieved from /opt/airflow/dags/berlin_mss_pipeline.py
[2026-05-25T06:11:24.435+0000] {logging_mixin.py:188} INFO - [2026-05-25T06:11:24.435+0000] {dag.py:3096} INFO - Sync 1 DAGs
[2026-05-25T06:11:24.448+0000] {logging_mixin.py:188} INFO - [2026-05-25T06:11:24.448+0000] {dag.py:3954} INFO - Setting next_dagrun for berlin_social_atlas to 2026-01-01 06:00:00+00:00, run_after=2027-01-01 06:00:00+00:00
[2026-05-25T06:11:24.457+0000] {processor.py:183} INFO - Processing /opt/airflow/dags/berlin_mss_pipeline.py took 0.069 seconds
[2026-05-25T06:11:54.712+0000] {processor.py:161} INFO - Started process (PID=808) to work on /opt/airflow/dags/berlin_mss_pipeline.py
[2026-05-25T06:11:54.713+0000] {processor.py:830} INFO - Processing file /opt/airflow/dags/berlin_mss_pipeline.py for tasks to queue
[2026-05-25T06:11:54.716+0000] {logging_mixin.py:188} INFO - [2026-05-25T06:11:54.716+0000] {dagbag.py:545} INFO - Filling up the DagBag from /opt/airflow/dags/berlin_mss_pipeline.py
[2026-05-25T06:11:54.728+0000] {processor.py:840} INFO - DAG(s) 'berlin_social_atlas' retrieved from /opt/airflow/dags/berlin_mss_pipeline.py
[2026-05-25T06:11:54.753+0000] {logging_mixin.py:188} INFO - [2026-05-25T06:11:54.753+0000] {dag.py:3096} INFO - Sync 1 DAGs
[2026-05-25T06:11:54.768+0000] {logging_mixin.py:188} INFO - [2026-05-25T06:11:54.767+0000] {dag.py:3954} INFO - Setting next_dagrun for berlin_social_atlas to 2026-01-01 06:00:00+00:00, run_after=2027-01-01 06:00:00+00:00
[2026-05-25T06:11:54.778+0000] {processor.py:183} INFO - Processing /opt/airflow/dags/berlin_mss_pipeline.py took 0.072 seconds
[2026-05-25T06:12:25.175+0000] {processor.py:161} INFO - Started process (PID=813) to work on /opt/airflow/dags/berlin_mss_pipeline.py
[2026-05-25T06:12:25.176+0000] {processor.py:830} INFO - Processing file /opt/airflow/dags/berlin_mss_pipeline.py for tasks to queue
[2026-05-25T06:12:25.178+0000] {logging_mixin.py:188} INFO - [2026-05-25T06:12:25.178+0000] {dagbag.py:545} INFO - Filling up the DagBag from /opt/airflow/dags/berlin_mss_pipeline.py
[2026-05-25T06:12:25.190+0000] {processor.py:840} INFO - DAG(s) 'berlin_social_atlas' retrieved from /opt/airflow/dags/berlin_mss_pipeline.py
[2026-05-25T06:12:25.214+0000] {logging_mixin.py:188} INFO - [2026-05-25T06:12:25.213+0000] {dag.py:3096} INFO - Sync 1 DAGs
[2026-05-25T06:12:25.228+0000] {logging_mixin.py:188} INFO - [2026-05-25T06:12:25.228+0000] {dag.py:3954} INFO - Setting next_dagrun for berlin_social_atlas to 2026-01-01 06:00:00+00:00, run_after=2027-01-01 06:00:00+00:00
[2026-05-25T06:12:25.237+0000] {processor.py:183} INFO - Processing /opt/airflow/dags/berlin_mss_pipeline.py took 0.069 seconds
[2026-05-25T06:12:55.614+0000] {processor.py:161} INFO - Started process (PID=818) to work on /opt/airflow/dags/berlin_mss_pipeline.py
[2026-05-25T06:12:55.615+0000] {processor.py:830} INFO - Processing file /opt/airflow/dags/berlin_mss_pipeline.py for tasks to queue
[2026-05-25T06:12:55.618+0000] {logging_mixin.py:188} INFO - [2026-05-25T06:12:55.617+0000] {dagbag.py:545} INFO - Filling up the DagBag from /opt/airflow/dags/berlin_mss_pipeline.py
[2026-05-25T06:12:55.629+0000] {processor.py:840} INFO - DAG(s) 'berlin_social_atlas' retrieved from /opt/airflow/dags/berlin_mss_pipeline.py
[2026-05-25T06:12:55.651+0000] {logging_mixin.py:188} INFO - [2026-05-25T06:12:55.651+0000] {dag.py:3096} INFO - Sync 1 DAGs
[2026-05-25T06:12:55.663+0000] {logging_mixin.py:188} INFO - [2026-05-25T06:12:55.663+0000] {dag.py:3954} INFO - Setting next_dagrun for berlin_social_atlas to 2026-01-01 06:00:00+00:00, run_after=2027-01-01 06:00:00+00:00
[2026-05-25T06:12:55.672+0000] {processor.py:183} INFO - Processing /opt/airflow/dags/berlin_mss_pipeline.py took 0.065 seconds
[2026-05-25T06:30:31.659+0000] {processor.py:161} INFO - Started process (PID=823) to work on /opt/airflow/dags/berlin_mss_pipeline.py
[2026-05-25T06:30:31.660+0000] {processor.py:830} INFO - Processing file /opt/airflow/dags/berlin_mss_pipeline.py for tasks to queue
[2026-05-25T06:30:31.661+0000] {logging_mixin.py:188} INFO - [2026-05-25T06:30:31.661+0000] {dagbag.py:545} INFO - Filling up the DagBag from /opt/airflow/dags/berlin_mss_pipeline.py
[2026-05-25T06:30:31.669+0000] {processor.py:840} INFO - DAG(s) 'berlin_social_atlas' retrieved from /opt/airflow/dags/berlin_mss_pipeline.py
[2026-05-25T06:30:31.694+0000] {logging_mixin.py:188} INFO - [2026-05-25T06:30:31.694+0000] {dag.py:3096} INFO - Sync 1 DAGs
[2026-05-25T06:30:31.706+0000] {logging_mixin.py:188} INFO - [2026-05-25T06:30:31.706+0000] {dag.py:3954} INFO - Setting next_dagrun for berlin_social_atlas to 2026-01-01 06:00:00+00:00, run_after=2027-01-01 06:00:00+00:00
[2026-05-25T06:30:31.715+0000] {processor.py:183} INFO - Processing /opt/airflow/dags/berlin_mss_pipeline.py took 0.060 seconds
[2026-05-25T07:17:42.343+0000] {processor.py:161} INFO - Started process (PID=828) to work on /opt/airflow/dags/berlin_mss_pipeline.py
[2026-05-25T07:17:42.345+0000] {processor.py:830} INFO - Processing file /opt/airflow/dags/berlin_mss_pipeline.py for tasks to queue
[2026-05-25T07:17:42.349+0000] {logging_mixin.py:188} INFO - [2026-05-25T07:17:42.347+0000] {dagbag.py:545} INFO - Filling up the DagBag from /opt/airflow/dags/berlin_mss_pipeline.py
[2026-05-25T07:17:42.361+0000] {processor.py:840} INFO - DAG(s) 'berlin_social_atlas' retrieved from /opt/airflow/dags/berlin_mss_pipeline.py
[2026-05-25T07:17:42.381+0000] {logging_mixin.py:188} INFO - [2026-05-25T07:17:42.381+0000] {dag.py:3096} INFO - Sync 1 DAGs
[2026-05-25T07:17:42.394+0000] {logging_mixin.py:188} INFO - [2026-05-25T07:17:42.394+0000] {dag.py:3954} INFO - Setting next_dagrun for berlin_social_atlas to 2026-01-01 06:00:00+00:00, run_after=2027-01-01 06:00:00+00:00
[2026-05-25T07:17:42.403+0000] {processor.py:183} INFO - Processing /opt/airflow/dags/berlin_mss_pipeline.py took 0.066 seconds
[2026-05-25T08:27:30.400+0000] {processor.py:161} INFO - Started process (PID=833) to work on /opt/airflow/dags/berlin_mss_pipeline.py
[2026-05-25T08:27:30.401+0000] {processor.py:830} INFO - Processing file /opt/airflow/dags/berlin_mss_pipeline.py for tasks to queue
[2026-05-25T08:27:30.403+0000] {logging_mixin.py:188} INFO - [2026-05-25T08:27:30.403+0000] {dagbag.py:545} INFO - Filling up the DagBag from /opt/airflow/dags/berlin_mss_pipeline.py
[2026-05-25T08:27:30.415+0000] {processor.py:840} INFO - DAG(s) 'berlin_social_atlas' retrieved from /opt/airflow/dags/berlin_mss_pipeline.py
[2026-05-25T08:27:30.437+0000] {logging_mixin.py:188} INFO - [2026-05-25T08:27:30.436+0000] {dag.py:3096} INFO - Sync 1 DAGs
[2026-05-25T08:27:30.450+0000] {logging_mixin.py:188} INFO - [2026-05-25T08:27:30.450+0000] {dag.py:3954} INFO - Setting next_dagrun for berlin_social_atlas to 2026-01-01 06:00:00+00:00, run_after=2027-01-01 06:00:00+00:00
[2026-05-25T08:27:30.459+0000] {processor.py:183} INFO - Processing /opt/airflow/dags/berlin_mss_pipeline.py took 0.067 seconds
[2026-05-25T08:28:00.801+0000] {processor.py:161} INFO - Started process (PID=838) to work on /opt/airflow/dags/berlin_mss_pipeline.py
[2026-05-25T08:28:00.802+0000] {processor.py:830} INFO - Processing file /opt/airflow/dags/berlin_mss_pipeline.py for tasks to queue
[2026-05-25T08:28:00.804+0000] {logging_mixin.py:188} INFO - [2026-05-25T08:28:00.804+0000] {dagbag.py:545} INFO - Filling up the DagBag from /opt/airflow/dags/berlin_mss_pipeline.py
[2026-05-25T08:28:00.817+0000] {processor.py:840} INFO - DAG(s) 'berlin_social_atlas' retrieved from /opt/airflow/dags/berlin_mss_pipeline.py
[2026-05-25T08:28:00.841+0000] {logging_mixin.py:188} INFO - [2026-05-25T08:28:00.841+0000] {dag.py:3096} INFO - Sync 1 DAGs
[2026-05-25T08:28:00.855+0000] {logging_mixin.py:188} INFO - [2026-05-25T08:28:00.855+0000] {dag.py:3954} INFO - Setting next_dagrun for berlin_social_atlas to 2026-01-01 06:00:00+00:00, run_after=2027-01-01 06:00:00+00:00
[2026-05-25T08:28:00.864+0000] {processor.py:183} INFO - Processing /opt/airflow/dags/berlin_mss_pipeline.py took 0.069 seconds
[2026-05-25T08:28:31.206+0000] {processor.py:161} INFO - Started process (PID=843) to work on /opt/airflow/dags/berlin_mss_pipeline.py
[2026-05-25T08:28:31.207+0000] {processor.py:830} INFO - Processing file /opt/airflow/dags/berlin_mss_pipeline.py for tasks to queue
[2026-05-25T08:28:31.209+0000] {logging_mixin.py:188} INFO - [2026-05-25T08:28:31.209+0000] {dagbag.py:545} INFO - Filling up the DagBag from /opt/airflow/dags/berlin_mss_pipeline.py
[2026-05-25T08:28:31.222+0000] {processor.py:840} INFO - DAG(s) 'berlin_social_atlas' retrieved from /opt/airflow/dags/berlin_mss_pipeline.py
[2026-05-25T08:28:31.245+0000] {logging_mixin.py:188} INFO - [2026-05-25T08:28:31.245+0000] {dag.py:3096} INFO - Sync 1 DAGs
[2026-05-25T08:28:31.258+0000] {logging_mixin.py:188} INFO - [2026-05-25T08:28:31.258+0000] {dag.py:3954} INFO - Setting next_dagrun for berlin_social_atlas to 2026-01-01 06:00:00+00:00, run_after=2027-01-01 06:00:00+00:00
[2026-05-25T08:28:31.267+0000] {processor.py:183} INFO - Processing /opt/airflow/dags/berlin_mss_pipeline.py took 0.068 seconds
[2026-05-25T08:29:01.621+0000] {processor.py:161} INFO - Started process (PID=848) to work on /opt/airflow/dags/berlin_mss_pipeline.py
[2026-05-25T08:29:01.622+0000] {processor.py:830} INFO - Processing file /opt/airflow/dags/berlin_mss_pipeline.py for tasks to queue
[2026-05-25T08:29:01.625+0000] {logging_mixin.py:188} INFO - [2026-05-25T08:29:01.624+0000] {dagbag.py:545} INFO - Filling up the DagBag from /opt/airflow/dags/berlin_mss_pipeline.py
[2026-05-25T08:29:01.641+0000] {processor.py:840} INFO - DAG(s) 'berlin_social_atlas' retrieved from /opt/airflow/dags/berlin_mss_pipeline.py
[2026-05-25T08:29:01.666+0000] {logging_mixin.py:188} INFO - [2026-05-25T08:29:01.666+0000] {dag.py:3096} INFO - Sync 1 DAGs
[2026-05-25T08:29:01.678+0000] {logging_mixin.py:188} INFO - [2026-05-25T08:29:01.678+0000] {dag.py:3954} INFO - Setting next_dagrun for berlin_social_atlas to 2026-01-01 06:00:00+00:00, run_after=2027-01-01 06:00:00+00:00
[2026-05-25T08:29:01.686+0000] {processor.py:183} INFO - Processing /opt/airflow/dags/berlin_mss_pipeline.py took 0.076 seconds
[2026-05-25T08:29:32.023+0000] {processor.py:161} INFO - Started process (PID=853) to work on /opt/airflow/dags/berlin_mss_pipeline.py
[2026-05-25T08:29:32.024+0000] {processor.py:830} INFO - Processing file /opt/airflow/dags/berlin_mss_pipeline.py for tasks to queue
[2026-05-25T08:29:32.026+0000] {logging_mixin.py:188} INFO - [2026-05-25T08:29:32.025+0000] {dagbag.py:545} INFO - Filling up the DagBag from /opt/airflow/dags/berlin_mss_pipeline.py
[2026-05-25T08:29:32.040+0000] {processor.py:840} INFO - DAG(s) 'berlin_social_atlas' retrieved from /opt/airflow/dags/berlin_mss_pipeline.py
[2026-05-25T08:29:32.068+0000] {logging_mixin.py:188} INFO - [2026-05-25T08:29:32.068+0000] {dag.py:3096} INFO - Sync 1 DAGs
[2026-05-25T08:29:32.084+0000] {logging_mixin.py:188} INFO - [2026-05-25T08:29:32.083+0000] {dag.py:3954} INFO - Setting next_dagrun for berlin_social_atlas to 2026-01-01 06:00:00+00:00, run_after=2027-01-01 06:00:00+00:00
[2026-05-25T08:29:32.093+0000] {processor.py:183} INFO - Processing /opt/airflow/dags/berlin_mss_pipeline.py took 0.077 seconds
[2026-05-25T08:30:02.396+0000] {processor.py:161} INFO - Started process (PID=858) to work on /opt/airflow/dags/berlin_mss_pipeline.py
[2026-05-25T08:30:02.398+0000] {processor.py:830} INFO - Processing file /opt/airflow/dags/berlin_mss_pipeline.py for tasks to queue
[2026-05-25T08:30:02.399+0000] {logging_mixin.py:188} INFO - [2026-05-25T08:30:02.399+0000] {dagbag.py:545} INFO - Filling up the DagBag from /opt/airflow/dags/berlin_mss_pipeline.py
[2026-05-25T08:30:02.411+0000] {processor.py:840} INFO - DAG(s) 'berlin_social_atlas' retrieved from /opt/airflow/dags/berlin_mss_pipeline.py
[2026-05-25T08:30:02.435+0000] {logging_mixin.py:188} INFO - [2026-05-25T08:30:02.434+0000] {dag.py:3096} INFO - Sync 1 DAGs
[2026-05-25T08:30:02.447+0000] {logging_mixin.py:188} INFO - [2026-05-25T08:30:02.447+0000] {dag.py:3954} INFO - Setting next_dagrun for berlin_social_atlas to 2026-01-01 06:00:00+00:00, run_after=2027-01-01 06:00:00+00:00
[2026-05-25T08:30:02.456+0000] {processor.py:183} INFO - Processing /opt/airflow/dags/berlin_mss_pipeline.py took 0.066 seconds
[2026-05-25T08:39:11.463+0000] {processor.py:161} INFO - Started process (PID=863) to work on /opt/airflow/dags/berlin_mss_pipeline.py
[2026-05-25T08:39:11.464+0000] {processor.py:830} INFO - Processing file /opt/airflow/dags/berlin_mss_pipeline.py for tasks to queue
[2026-05-25T08:39:11.465+0000] {logging_mixin.py:188} INFO - [2026-05-25T08:39:11.465+0000] {dagbag.py:545} INFO - Filling up the DagBag from /opt/airflow/dags/berlin_mss_pipeline.py
[2026-05-25T08:39:11.477+0000] {processor.py:840} INFO - DAG(s) 'berlin_social_atlas' retrieved from /opt/airflow/dags/berlin_mss_pipeline.py
[2026-05-25T08:39:11.499+0000] {logging_mixin.py:188} INFO - [2026-05-25T08:39:11.498+0000] {dag.py:3096} INFO - Sync 1 DAGs
[2026-05-25T08:39:11.511+0000] {logging_mixin.py:188} INFO - [2026-05-25T08:39:11.511+0000] {dag.py:3954} INFO - Setting next_dagrun for berlin_social_atlas to 2026-01-01 06:00:00+00:00, run_after=2027-01-01 06:00:00+00:00
[2026-05-25T08:39:11.520+0000] {processor.py:183} INFO - Processing /opt/airflow/dags/berlin_mss_pipeline.py took 0.062 seconds
[2026-05-25T09:40:17.572+0000] {processor.py:161} INFO - Started process (PID=868) to work on /opt/airflow/dags/berlin_mss_pipeline.py
[2026-05-25T09:40:17.572+0000] {processor.py:830} INFO - Processing file /opt/airflow/dags/berlin_mss_pipeline.py for tasks to queue
[2026-05-25T09:40:17.574+0000] {logging_mixin.py:188} INFO - [2026-05-25T09:40:17.574+0000] {dagbag.py:545} INFO - Filling up the DagBag from /opt/airflow/dags/berlin_mss_pipeline.py
[2026-05-25T09:40:17.586+0000] {processor.py:840} INFO - DAG(s) 'berlin_social_atlas' retrieved from /opt/airflow/dags/berlin_mss_pipeline.py
[2026-05-25T09:40:17.608+0000] {logging_mixin.py:188} INFO - [2026-05-25T09:40:17.608+0000] {dag.py:3096} INFO - Sync 1 DAGs
[2026-05-25T09:40:17.622+0000] {logging_mixin.py:188} INFO - [2026-05-25T09:40:17.622+0000] {dag.py:3954} INFO - Setting next_dagrun for berlin_social_atlas to 2026-01-01 06:00:00+00:00, run_after=2027-01-01 06:00:00+00:00
[2026-05-25T09:40:17.630+0000] {processor.py:183} INFO - Processing /opt/airflow/dags/berlin_mss_pipeline.py took 0.063 seconds
[2026-05-25T10:36:04.774+0000] {processor.py:161} INFO - Started process (PID=873) to work on /opt/airflow/dags/berlin_mss_pipeline.py
[2026-05-25T10:36:04.775+0000] {processor.py:830} INFO - Processing file /opt/airflow/dags/berlin_mss_pipeline.py for tasks to queue
[2026-05-25T10:36:04.777+0000] {logging_mixin.py:188} INFO - [2026-05-25T10:36:04.777+0000] {dagbag.py:545} INFO - Filling up the DagBag from /opt/airflow/dags/berlin_mss_pipeline.py
[2026-05-25T10:36:04.788+0000] {processor.py:840} INFO - DAG(s) 'berlin_social_atlas' retrieved from /opt/airflow/dags/berlin_mss_pipeline.py
[2026-05-25T10:36:04.809+0000] {logging_mixin.py:188} INFO - [2026-05-25T10:36:04.809+0000] {dag.py:3096} INFO - Sync 1 DAGs
[2026-05-25T10:36:04.821+0000] {logging_mixin.py:188} INFO - [2026-05-25T10:36:04.821+0000] {dag.py:3954} INFO - Setting next_dagrun for berlin_social_atlas to 2026-01-01 06:00:00+00:00, run_after=2027-01-01 06:00:00+00:00
[2026-05-25T10:36:04.829+0000] {processor.py:183} INFO - Processing /opt/airflow/dags/berlin_mss_pipeline.py took 0.060 seconds
[2026-05-25T10:41:15.547+0000] {processor.py:161} INFO - Started process (PID=878) to work on /opt/airflow/dags/berlin_mss_pipeline.py
[2026-05-25T10:41:15.548+0000] {processor.py:830} INFO - Processing file /opt/airflow/dags/berlin_mss_pipeline.py for tasks to queue
[2026-05-25T10:41:15.551+0000] {logging_mixin.py:188} INFO - [2026-05-25T10:41:15.550+0000] {dagbag.py:545} INFO - Filling up the DagBag from /opt/airflow/dags/berlin_mss_pipeline.py
[2026-05-25T10:41:15.567+0000] {processor.py:840} INFO - DAG(s) 'berlin_social_atlas' retrieved from /opt/airflow/dags/berlin_mss_pipeline.py
[2026-05-25T10:41:15.591+0000] {logging_mixin.py:188} INFO - [2026-05-25T10:41:15.591+0000] {dag.py:3096} INFO - Sync 1 DAGs
[2026-05-25T10:41:15.604+0000] {logging_mixin.py:188} INFO - [2026-05-25T10:41:15.604+0000] {dag.py:3954} INFO - Setting next_dagrun for berlin_social_atlas to 2026-01-01 06:00:00+00:00, run_after=2027-01-01 06:00:00+00:00
[2026-05-25T10:41:15.614+0000] {processor.py:183} INFO - Processing /opt/airflow/dags/berlin_mss_pipeline.py took 0.076 seconds
[2026-05-25T10:41:45.988+0000] {processor.py:161} INFO - Started process (PID=883) to work on /opt/airflow/dags/berlin_mss_pipeline.py
[2026-05-25T10:41:45.989+0000] {processor.py:830} INFO - Processing file /opt/airflow/dags/berlin_mss_pipeline.py for tasks to queue
[2026-05-25T10:41:45.991+0000] {logging_mixin.py:188} INFO - [2026-05-25T10:41:45.990+0000] {dagbag.py:545} INFO - Filling up the DagBag from /opt/airflow/dags/berlin_mss_pipeline.py
[2026-05-25T10:41:46.004+0000] {processor.py:840} INFO - DAG(s) 'berlin_social_atlas' retrieved from /opt/airflow/dags/berlin_mss_pipeline.py
[2026-05-25T10:41:46.027+0000] {logging_mixin.py:188} INFO - [2026-05-25T10:41:46.027+0000] {dag.py:3096} INFO - Sync 1 DAGs
[2026-05-25T10:41:46.041+0000] {logging_mixin.py:188} INFO - [2026-05-25T10:41:46.041+0000] {dag.py:3954} INFO - Setting next_dagrun for berlin_social_atlas to 2026-01-01 06:00:00+00:00, run_after=2027-01-01 06:00:00+00:00
[2026-05-25T10:41:46.050+0000] {processor.py:183} INFO - Processing /opt/airflow/dags/berlin_mss_pipeline.py took 0.068 seconds
[2026-05-25T10:42:16.410+0000] {processor.py:161} INFO - Started process (PID=888) to work on /opt/airflow/dags/berlin_mss_pipeline.py
[2026-05-25T10:42:16.411+0000] {processor.py:830} INFO - Processing file /opt/airflow/dags/berlin_mss_pipeline.py for tasks to queue
[2026-05-25T10:42:16.412+0000] {logging_mixin.py:188} INFO - [2026-05-25T10:42:16.412+0000] {dagbag.py:545} INFO - Filling up the DagBag from /opt/airflow/dags/berlin_mss_pipeline.py
[2026-05-25T10:42:16.424+0000] {processor.py:840} INFO - DAG(s) 'berlin_social_atlas' retrieved from /opt/airflow/dags/berlin_mss_pipeline.py
[2026-05-25T10:42:16.447+0000] {logging_mixin.py:188} INFO - [2026-05-25T10:42:16.447+0000] {dag.py:3096} INFO - Sync 1 DAGs
[2026-05-25T10:42:16.459+0000] {logging_mixin.py:188} INFO - [2026-05-25T10:42:16.459+0000] {dag.py:3954} INFO - Setting next_dagrun for berlin_social_atlas to 2026-01-01 06:00:00+00:00, run_after=2027-01-01 06:00:00+00:00
[2026-05-25T10:42:16.468+0000] {processor.py:183} INFO - Processing /opt/airflow/dags/berlin_mss_pipeline.py took 0.064 seconds
[2026-05-25T10:42:46.736+0000] {processor.py:161} INFO - Started process (PID=893) to work on /opt/airflow/dags/berlin_mss_pipeline.py
[2026-05-25T10:42:46.737+0000] {processor.py:830} INFO - Processing file /opt/airflow/dags/berlin_mss_pipeline.py for tasks to queue
[2026-05-25T10:42:46.739+0000] {logging_mixin.py:188} INFO - [2026-05-25T10:42:46.738+0000] {dagbag.py:545} INFO - Filling up the DagBag from /opt/airflow/dags/berlin_mss_pipeline.py
[2026-05-25T10:42:46.751+0000] {processor.py:840} INFO - DAG(s) 'berlin_social_atlas' retrieved from /opt/airflow/dags/berlin_mss_pipeline.py
[2026-05-25T10:42:46.776+0000] {logging_mixin.py:188} INFO - [2026-05-25T10:42:46.776+0000] {dag.py:3096} INFO - Sync 1 DAGs
[2026-05-25T10:42:46.789+0000] {logging_mixin.py:188} INFO - [2026-05-25T10:42:46.788+0000] {dag.py:3954} INFO - Setting next_dagrun for berlin_social_atlas to 2026-01-01 06:00:00+00:00, run_after=2027-01-01 06:00:00+00:00
[2026-05-25T10:42:46.798+0000] {processor.py:183} INFO - Processing /opt/airflow/dags/berlin_mss_pipeline.py took 0.069 seconds
[2026-05-25T10:43:17.036+0000] {processor.py:161} INFO - Started process (PID=898) to work on /opt/airflow/dags/berlin_mss_pipeline.py
[2026-05-25T10:43:17.038+0000] {processor.py:830} INFO - Processing file /opt/airflow/dags/berlin_mss_pipeline.py for tasks to queue
[2026-05-25T10:43:17.039+0000] {logging_mixin.py:188} INFO - [2026-05-25T10:43:17.039+0000] {dagbag.py:545} INFO - Filling up the DagBag from /opt/airflow/dags/berlin_mss_pipeline.py
[2026-05-25T10:43:17.051+0000] {processor.py:840} INFO - DAG(s) 'berlin_social_atlas' retrieved from /opt/airflow/dags/berlin_mss_pipeline.py
[2026-05-25T10:43:17.075+0000] {logging_mixin.py:188} INFO - [2026-05-25T10:43:17.075+0000] {dag.py:3096} INFO - Sync 1 DAGs
[2026-05-25T10:43:17.087+0000] {logging_mixin.py:188} INFO - [2026-05-25T10:43:17.087+0000] {dag.py:3954} INFO - Setting next_dagrun for berlin_social_atlas to 2026-01-01 06:00:00+00:00, run_after=2027-01-01 06:00:00+00:00
[2026-05-25T10:43:17.096+0000] {processor.py:183} INFO - Processing /opt/airflow/dags/berlin_mss_pipeline.py took 0.069 seconds
[2026-05-25T10:43:47.360+0000] {processor.py:161} INFO - Started process (PID=903) to work on /opt/airflow/dags/berlin_mss_pipeline.py
[2026-05-25T10:43:47.361+0000] {processor.py:830} INFO - Processing file /opt/airflow/dags/berlin_mss_pipeline.py for tasks to queue
[2026-05-25T10:43:47.363+0000] {logging_mixin.py:188} INFO - [2026-05-25T10:43:47.363+0000] {dagbag.py:545} INFO - Filling up the DagBag from /opt/airflow/dags/berlin_mss_pipeline.py
[2026-05-25T10:43:47.375+0000] {processor.py:840} INFO - DAG(s) 'berlin_social_atlas' retrieved from /opt/airflow/dags/berlin_mss_pipeline.py
[2026-05-25T10:43:47.399+0000] {logging_mixin.py:188} INFO - [2026-05-25T10:43:47.399+0000] {dag.py:3096} INFO - Sync 1 DAGs
[2026-05-25T10:43:47.412+0000] {logging_mixin.py:188} INFO - [2026-05-25T10:43:47.412+0000] {dag.py:3954} INFO - Setting next_dagrun for berlin_social_atlas to 2026-01-01 06:00:00+00:00, run_after=2027-01-01 06:00:00+00:00
[2026-05-25T10:43:47.425+0000] {processor.py:183} INFO - Processing /opt/airflow/dags/berlin_mss_pipeline.py took 0.071 seconds
[2026-05-25T10:45:48.119+0000] {processor.py:161} INFO - Started process (PID=908) to work on /opt/airflow/dags/berlin_mss_pipeline.py
[2026-05-25T10:45:48.121+0000] {processor.py:830} INFO - Processing file /opt/airflow/dags/berlin_mss_pipeline.py for tasks to queue
[2026-05-25T10:45:48.125+0000] {logging_mixin.py:188} INFO - [2026-05-25T10:45:48.123+0000] {dagbag.py:545} INFO - Filling up the DagBag from /opt/airflow/dags/berlin_mss_pipeline.py
[2026-05-25T10:45:48.145+0000] {processor.py:840} INFO - DAG(s) 'berlin_social_atlas' retrieved from /opt/airflow/dags/berlin_mss_pipeline.py
[2026-05-25T10:45:48.190+0000] {logging_mixin.py:188} INFO - [2026-05-25T10:45:48.190+0000] {dag.py:3096} INFO - Sync 1 DAGs
[2026-05-25T10:45:48.213+0000] {logging_mixin.py:188} INFO - [2026-05-25T10:45:48.213+0000] {dag.py:3954} INFO - Setting next_dagrun for berlin_social_atlas to 2026-01-01 06:00:00+00:00, run_after=2027-01-01 06:00:00+00:00
[2026-05-25T10:45:48.225+0000] {processor.py:183} INFO - Processing /opt/airflow/dags/berlin_mss_pipeline.py took 0.119 seconds
[2026-05-25T10:46:18.448+0000] {processor.py:161} INFO - Started process (PID=913) to work on /opt/airflow/dags/berlin_mss_pipeline.py
[2026-05-25T10:46:18.449+0000] {processor.py:830} INFO - Processing file /opt/airflow/dags/berlin_mss_pipeline.py for tasks to queue
[2026-05-25T10:46:18.453+0000] {logging_mixin.py:188} INFO - [2026-05-25T10:46:18.452+0000] {dagbag.py:545} INFO - Filling up the DagBag from /opt/airflow/dags/berlin_mss_pipeline.py
[2026-05-25T10:46:18.475+0000] {processor.py:840} INFO - DAG(s) 'berlin_social_atlas' retrieved from /opt/airflow/dags/berlin_mss_pipeline.py
[2026-05-25T10:46:18.502+0000] {logging_mixin.py:188} INFO - [2026-05-25T10:46:18.502+0000] {dag.py:3096} INFO - Sync 1 DAGs
[2026-05-25T10:46:18.517+0000] {logging_mixin.py:188} INFO - [2026-05-25T10:46:18.517+0000] {dag.py:3954} INFO - Setting next_dagrun for berlin_social_atlas to 2026-01-01 06:00:00+00:00, run_after=2027-01-01 06:00:00+00:00
[2026-05-25T10:46:18.527+0000] {processor.py:183} INFO - Processing /opt/airflow/dags/berlin_mss_pipeline.py took 0.092 seconds
[2026-05-25T10:46:48.778+0000] {processor.py:161} INFO - Started process (PID=918) to work on /opt/airflow/dags/berlin_mss_pipeline.py
[2026-05-25T10:46:48.779+0000] {processor.py:830} INFO - Processing file /opt/airflow/dags/berlin_mss_pipeline.py for tasks to queue
[2026-05-25T10:46:48.780+0000] {logging_mixin.py:188} INFO - [2026-05-25T10:46:48.780+0000] {dagbag.py:545} INFO - Filling up the DagBag from /opt/airflow/dags/berlin_mss_pipeline.py
[2026-05-25T10:46:48.787+0000] {processor.py:840} INFO - DAG(s) 'berlin_social_atlas' retrieved from /opt/airflow/dags/berlin_mss_pipeline.py
[2026-05-25T10:46:48.807+0000] {logging_mixin.py:188} INFO - [2026-05-25T10:46:48.807+0000] {dag.py:3096} INFO - Sync 1 DAGs
[2026-05-25T10:46:48.826+0000] {logging_mixin.py:188} INFO - [2026-05-25T10:46:48.825+0000] {dag.py:3954} INFO - Setting next_dagrun for berlin_social_atlas to 2026-01-01 06:00:00+00:00, run_after=2027-01-01 06:00:00+00:00
[2026-05-25T10:46:48.836+0000] {processor.py:183} INFO - Processing /opt/airflow/dags/berlin_mss_pipeline.py took 0.065 seconds
[2026-05-25T10:47:19.063+0000] {processor.py:161} INFO - Started process (PID=923) to work on /opt/airflow/dags/berlin_mss_pipeline.py
[2026-05-25T10:47:19.064+0000] {processor.py:830} INFO - Processing file /opt/airflow/dags/berlin_mss_pipeline.py for tasks to queue
[2026-05-25T10:47:19.066+0000] {logging_mixin.py:188} INFO - [2026-05-25T10:47:19.066+0000] {dagbag.py:545} INFO - Filling up the DagBag from /opt/airflow/dags/berlin_mss_pipeline.py
[2026-05-25T10:47:19.079+0000] {processor.py:840} INFO - DAG(s) 'berlin_social_atlas' retrieved from /opt/airflow/dags/berlin_mss_pipeline.py
[2026-05-25T10:47:19.104+0000] {logging_mixin.py:188} INFO - [2026-05-25T10:47:19.104+0000] {dag.py:3096} INFO - Sync 1 DAGs
[2026-05-25T10:47:19.120+0000] {logging_mixin.py:188} INFO - [2026-05-25T10:47:19.120+0000] {dag.py:3954} INFO - Setting next_dagrun for berlin_social_atlas to 2026-01-01 06:00:00+00:00, run_after=2027-01-01 06:00:00+00:00
[2026-05-25T10:47:19.130+0000] {processor.py:183} INFO - Processing /opt/airflow/dags/berlin_mss_pipeline.py took 0.074 seconds
[2026-05-25T10:47:49.382+0000] {processor.py:161} INFO - Started process (PID=928) to work on /opt/airflow/dags/berlin_mss_pipeline.py
[2026-05-25T10:47:49.383+0000] {processor.py:830} INFO - Processing file /opt/airflow/dags/berlin_mss_pipeline.py for tasks to queue
[2026-05-25T10:47:49.386+0000] {logging_mixin.py:188} INFO - [2026-05-25T10:47:49.385+0000] {dagbag.py:545} INFO - Filling up the DagBag from /opt/airflow/dags/berlin_mss_pipeline.py
[2026-05-25T10:47:49.402+0000] {processor.py:840} INFO - DAG(s) 'berlin_social_atlas' retrieved from /opt/airflow/dags/berlin_mss_pipeline.py
[2026-05-25T10:47:49.427+0000] {logging_mixin.py:188} INFO - [2026-05-25T10:47:49.427+0000] {dag.py:3096} INFO - Sync 1 DAGs
[2026-05-25T10:47:49.439+0000] {logging_mixin.py:188} INFO - [2026-05-25T10:47:49.439+0000] {dag.py:3954} INFO - Setting next_dagrun for berlin_social_atlas to 2026-01-01 06:00:00+00:00, run_after=2027-01-01 06:00:00+00:00
[2026-05-25T10:47:49.448+0000] {processor.py:183} INFO - Processing /opt/airflow/dags/berlin_mss_pipeline.py took 0.076 seconds
[2026-05-25T10:48:19.653+0000] {processor.py:161} INFO - Started process (PID=933) to work on /opt/airflow/dags/berlin_mss_pipeline.py
[2026-05-25T10:48:19.654+0000] {processor.py:830} INFO - Processing file /opt/airflow/dags/berlin_mss_pipeline.py for tasks to queue
[2026-05-25T10:48:19.655+0000] {logging_mixin.py:188} INFO - [2026-05-25T10:48:19.655+0000] {dagbag.py:545} INFO - Filling up the DagBag from /opt/airflow/dags/berlin_mss_pipeline.py
[2026-05-25T10:48:19.668+0000] {processor.py:840} INFO - DAG(s) 'berlin_social_atlas' retrieved from /opt/airflow/dags/berlin_mss_pipeline.py
[2026-05-25T10:48:19.691+0000] {logging_mixin.py:188} INFO - [2026-05-25T10:48:19.691+0000] {dag.py:3096} INFO - Sync 1 DAGs
[2026-05-25T10:48:19.707+0000] {logging_mixin.py:188} INFO - [2026-05-25T10:48:19.706+0000] {dag.py:3954} INFO - Setting next_dagrun for berlin_social_atlas to 2026-01-01 06:00:00+00:00, run_after=2027-01-01 06:00:00+00:00
[2026-05-25T10:48:19.716+0000] {processor.py:183} INFO - Processing /opt/airflow/dags/berlin_mss_pipeline.py took 0.070 seconds
[2026-05-25T10:48:49.933+0000] {processor.py:161} INFO - Started process (PID=938) to work on /opt/airflow/dags/berlin_mss_pipeline.py
[2026-05-25T10:48:49.934+0000] {processor.py:830} INFO - Processing file /opt/airflow/dags/berlin_mss_pipeline.py for tasks to queue
[2026-05-25T10:48:49.935+0000] {logging_mixin.py:188} INFO - [2026-05-25T10:48:49.935+0000] {dagbag.py:545} INFO - Filling up the DagBag from /opt/airflow/dags/berlin_mss_pipeline.py
[2026-05-25T10:48:49.949+0000] {processor.py:840} INFO - DAG(s) 'berlin_social_atlas' retrieved from /opt/airflow/dags/berlin_mss_pipeline.py
[2026-05-25T10:48:49.973+0000] {logging_mixin.py:188} INFO - [2026-05-25T10:48:49.973+0000] {dag.py:3096} INFO - Sync 1 DAGs
[2026-05-25T10:48:49.987+0000] {logging_mixin.py:188} INFO - [2026-05-25T10:48:49.987+0000] {dag.py:3954} INFO - Setting next_dagrun for berlin_social_atlas to 2026-01-01 06:00:00+00:00, run_after=2027-01-01 06:00:00+00:00
[2026-05-25T10:48:49.997+0000] {processor.py:183} INFO - Processing /opt/airflow/dags/berlin_mss_pipeline.py took 0.070 seconds
[2026-05-25T10:49:20.246+0000] {processor.py:161} INFO - Started process (PID=943) to work on /opt/airflow/dags/berlin_mss_pipeline.py
[2026-05-25T10:49:20.247+0000] {processor.py:830} INFO - Processing file /opt/airflow/dags/berlin_mss_pipeline.py for tasks to queue
[2026-05-25T10:49:20.249+0000] {logging_mixin.py:188} INFO - [2026-05-25T10:49:20.248+0000] {dagbag.py:545} INFO - Filling up the DagBag from /opt/airflow/dags/berlin_mss_pipeline.py
[2026-05-25T10:49:20.261+0000] {processor.py:840} INFO - DAG(s) 'berlin_social_atlas' retrieved from /opt/airflow/dags/berlin_mss_pipeline.py
[2026-05-25T10:49:20.286+0000] {logging_mixin.py:188} INFO - [2026-05-25T10:49:20.286+0000] {dag.py:3096} INFO - Sync 1 DAGs
[2026-05-25T10:49:20.299+0000] {logging_mixin.py:188} INFO - [2026-05-25T10:49:20.299+0000] {dag.py:3954} INFO - Setting next_dagrun for berlin_social_atlas to 2026-01-01 06:00:00+00:00, run_after=2027-01-01 06:00:00+00:00
[2026-05-25T10:49:20.309+0000] {processor.py:183} INFO - Processing /opt/airflow/dags/berlin_mss_pipeline.py took 0.070 seconds
[2026-05-25T10:49:50.558+0000] {processor.py:161} INFO - Started process (PID=948) to work on /opt/airflow/dags/berlin_mss_pipeline.py
[2026-05-25T10:49:50.559+0000] {processor.py:830} INFO - Processing file /opt/airflow/dags/berlin_mss_pipeline.py for tasks to queue
[2026-05-25T10:49:50.561+0000] {logging_mixin.py:188} INFO - [2026-05-25T10:49:50.561+0000] {dagbag.py:545} INFO - Filling up the DagBag from /opt/airflow/dags/berlin_mss_pipeline.py
[2026-05-25T10:49:50.573+0000] {processor.py:840} INFO - DAG(s) 'berlin_social_atlas' retrieved from /opt/airflow/dags/berlin_mss_pipeline.py
[2026-05-25T10:49:50.597+0000] {logging_mixin.py:188} INFO - [2026-05-25T10:49:50.597+0000] {dag.py:3096} INFO - Sync 1 DAGs
[2026-05-25T10:49:50.611+0000] {logging_mixin.py:188} INFO - [2026-05-25T10:49:50.610+0000] {dag.py:3954} INFO - Setting next_dagrun for berlin_social_atlas to 2026-01-01 06:00:00+00:00, run_after=2027-01-01 06:00:00+00:00
[2026-05-25T10:49:50.619+0000] {processor.py:183} INFO - Processing /opt/airflow/dags/berlin_mss_pipeline.py took 0.068 seconds
[2026-05-25T10:50:20.840+0000] {processor.py:161} INFO - Started process (PID=953) to work on /opt/airflow/dags/berlin_mss_pipeline.py
[2026-05-25T10:50:20.841+0000] {processor.py:830} INFO - Processing file /opt/airflow/dags/berlin_mss_pipeline.py for tasks to queue
[2026-05-25T10:50:20.843+0000] {logging_mixin.py:188} INFO - [2026-05-25T10:50:20.842+0000] {dagbag.py:545} INFO - Filling up the DagBag from /opt/airflow/dags/berlin_mss_pipeline.py
[2026-05-25T10:50:20.855+0000] {processor.py:840} INFO - DAG(s) 'berlin_social_atlas' retrieved from /opt/airflow/dags/berlin_mss_pipeline.py
[2026-05-25T10:50:20.879+0000] {logging_mixin.py:188} INFO - [2026-05-25T10:50:20.879+0000] {dag.py:3096} INFO - Sync 1 DAGs
[2026-05-25T10:50:20.894+0000] {logging_mixin.py:188} INFO - [2026-05-25T10:50:20.894+0000] {dag.py:3954} INFO - Setting next_dagrun for berlin_social_atlas to 2026-01-01 06:00:00+00:00, run_after=2027-01-01 06:00:00+00:00
[2026-05-25T10:50:20.905+0000] {processor.py:183} INFO - Processing /opt/airflow/dags/berlin_mss_pipeline.py took 0.071 seconds
[2026-05-25T10:50:51.115+0000] {processor.py:161} INFO - Started process (PID=958) to work on /opt/airflow/dags/berlin_mss_pipeline.py
[2026-05-25T10:50:51.116+0000] {processor.py:830} INFO - Processing file /opt/airflow/dags/berlin_mss_pipeline.py for tasks to queue
[2026-05-25T10:50:51.118+0000] {logging_mixin.py:188} INFO - [2026-05-25T10:50:51.117+0000] {dagbag.py:545} INFO - Filling up the DagBag from /opt/airflow/dags/berlin_mss_pipeline.py
[2026-05-25T10:50:51.136+0000] {processor.py:840} INFO - DAG(s) 'berlin_social_atlas' retrieved from /opt/airflow/dags/berlin_mss_pipeline.py
[2026-05-25T10:50:51.168+0000] {logging_mixin.py:188} INFO - [2026-05-25T10:50:51.168+0000] {dag.py:3096} INFO - Sync 1 DAGs
[2026-05-25T10:50:51.187+0000] {logging_mixin.py:188} INFO - [2026-05-25T10:50:51.187+0000] {dag.py:3954} INFO - Setting next_dagrun for berlin_social_atlas to 2026-01-01 06:00:00+00:00, run_after=2027-01-01 06:00:00+00:00
[2026-05-25T10:50:51.199+0000] {processor.py:183} INFO - Processing /opt/airflow/dags/berlin_mss_pipeline.py took 0.095 seconds
[2026-05-25T10:51:21.382+0000] {processor.py:161} INFO - Started process (PID=963) to work on /opt/airflow/dags/berlin_mss_pipeline.py
[2026-05-25T10:51:21.383+0000] {processor.py:830} INFO - Processing file /opt/airflow/dags/berlin_mss_pipeline.py for tasks to queue
[2026-05-25T10:51:21.384+0000] {logging_mixin.py:188} INFO - [2026-05-25T10:51:21.384+0000] {dagbag.py:545} INFO - Filling up the DagBag from /opt/airflow/dags/berlin_mss_pipeline.py
[2026-05-25T10:51:21.397+0000] {processor.py:840} INFO - DAG(s) 'berlin_social_atlas' retrieved from /opt/airflow/dags/berlin_mss_pipeline.py
[2026-05-25T10:51:21.423+0000] {logging_mixin.py:188} INFO - [2026-05-25T10:51:21.423+0000] {dag.py:3096} INFO - Sync 1 DAGs
[2026-05-25T10:51:21.438+0000] {logging_mixin.py:188} INFO - [2026-05-25T10:51:21.438+0000] {dag.py:3954} INFO - Setting next_dagrun for berlin_social_atlas to 2026-01-01 06:00:00+00:00, run_after=2027-01-01 06:00:00+00:00
[2026-05-25T10:51:21.448+0000] {processor.py:183} INFO - Processing /opt/airflow/dags/berlin_mss_pipeline.py took 0.073 seconds
[2026-05-25T10:51:51.658+0000] {processor.py:161} INFO - Started process (PID=968) to work on /opt/airflow/dags/berlin_mss_pipeline.py
[2026-05-25T10:51:51.659+0000] {processor.py:830} INFO - Processing file /opt/airflow/dags/berlin_mss_pipeline.py for tasks to queue
[2026-05-25T10:51:51.661+0000] {logging_mixin.py:188} INFO - [2026-05-25T10:51:51.661+0000] {dagbag.py:545} INFO - Filling up the DagBag from /opt/airflow/dags/berlin_mss_pipeline.py
[2026-05-25T10:51:51.675+0000] {processor.py:840} INFO - DAG(s) 'berlin_social_atlas' retrieved from /opt/airflow/dags/berlin_mss_pipeline.py
[2026-05-25T10:51:51.699+0000] {logging_mixin.py:188} INFO - [2026-05-25T10:51:51.699+0000] {dag.py:3096} INFO - Sync 1 DAGs
[2026-05-25T10:51:51.712+0000] {logging_mixin.py:188} INFO - [2026-05-25T10:51:51.712+0000] {dag.py:3954} INFO - Setting next_dagrun for berlin_social_atlas to 2026-01-01 06:00:00+00:00, run_after=2027-01-01 06:00:00+00:00
[2026-05-25T10:51:51.721+0000] {processor.py:183} INFO - Processing /opt/airflow/dags/berlin_mss_pipeline.py took 0.072 seconds
[2026-05-25T10:52:21.999+0000] {processor.py:161} INFO - Started process (PID=973) to work on /opt/airflow/dags/berlin_mss_pipeline.py
[2026-05-25T10:52:22.000+0000] {processor.py:830} INFO - Processing file /opt/airflow/dags/berlin_mss_pipeline.py for tasks to queue
[2026-05-25T10:52:22.002+0000] {logging_mixin.py:188} INFO - [2026-05-25T10:52:22.002+0000] {dagbag.py:545} INFO - Filling up the DagBag from /opt/airflow/dags/berlin_mss_pipeline.py
[2026-05-25T10:52:22.014+0000] {processor.py:840} INFO - DAG(s) 'berlin_social_atlas' retrieved from /opt/airflow/dags/berlin_mss_pipeline.py
[2026-05-25T10:52:22.038+0000] {logging_mixin.py:188} INFO - [2026-05-25T10:52:22.038+0000] {dag.py:3096} INFO - Sync 1 DAGs
[2026-05-25T10:52:22.052+0000] {logging_mixin.py:188} INFO - [2026-05-25T10:52:22.051+0000] {dag.py:3954} INFO - Setting next_dagrun for berlin_social_atlas to 2026-01-01 06:00:00+00:00, run_after=2027-01-01 06:00:00+00:00
[2026-05-25T10:52:22.060+0000] {processor.py:183} INFO - Processing /opt/airflow/dags/berlin_mss_pipeline.py took 0.069 seconds
[2026-05-25T10:52:52.286+0000] {processor.py:161} INFO - Started process (PID=978) to work on /opt/airflow/dags/berlin_mss_pipeline.py
[2026-05-25T10:52:52.288+0000] {processor.py:830} INFO - Processing file /opt/airflow/dags/berlin_mss_pipeline.py for tasks to queue
[2026-05-25T10:52:52.291+0000] {logging_mixin.py:188} INFO - [2026-05-25T10:52:52.290+0000] {dagbag.py:545} INFO - Filling up the DagBag from /opt/airflow/dags/berlin_mss_pipeline.py
[2026-05-25T10:52:52.306+0000] {processor.py:840} INFO - DAG(s) 'berlin_social_atlas' retrieved from /opt/airflow/dags/berlin_mss_pipeline.py
[2026-05-25T10:52:52.331+0000] {logging_mixin.py:188} INFO - [2026-05-25T10:52:52.330+0000] {dag.py:3096} INFO - Sync 1 DAGs
[2026-05-25T10:52:52.344+0000] {logging_mixin.py:188} INFO - [2026-05-25T10:52:52.344+0000] {dag.py:3954} INFO - Setting next_dagrun for berlin_social_atlas to 2026-01-01 06:00:00+00:00, run_after=2027-01-01 06:00:00+00:00
[2026-05-25T10:52:52.353+0000] {processor.py:183} INFO - Processing /opt/airflow/dags/berlin_mss_pipeline.py took 0.077 seconds
[2026-05-25T10:53:22.545+0000] {processor.py:161} INFO - Started process (PID=983) to work on /opt/airflow/dags/berlin_mss_pipeline.py
[2026-05-25T10:53:22.546+0000] {processor.py:830} INFO - Processing file /opt/airflow/dags/berlin_mss_pipeline.py for tasks to queue
[2026-05-25T10:53:22.548+0000] {logging_mixin.py:188} INFO - [2026-05-25T10:53:22.547+0000] {dagbag.py:545} INFO - Filling up the DagBag from /opt/airflow/dags/berlin_mss_pipeline.py
[2026-05-25T10:53:22.559+0000] {processor.py:840} INFO - DAG(s) 'berlin_social_atlas' retrieved from /opt/airflow/dags/berlin_mss_pipeline.py
[2026-05-25T10:53:22.583+0000] {logging_mixin.py:188} INFO - [2026-05-25T10:53:22.583+0000] {dag.py:3096} INFO - Sync 1 DAGs
[2026-05-25T10:53:22.598+0000] {logging_mixin.py:188} INFO - [2026-05-25T10:53:22.597+0000] {dag.py:3954} INFO - Setting next_dagrun for berlin_social_atlas to 2026-01-01 06:00:00+00:00, run_after=2027-01-01 06:00:00+00:00
[2026-05-25T10:53:22.607+0000] {processor.py:183} INFO - Processing /opt/airflow/dags/berlin_mss_pipeline.py took 0.071 seconds
[2026-05-25T10:53:52.854+0000] {processor.py:161} INFO - Started process (PID=988) to work on /opt/airflow/dags/berlin_mss_pipeline.py
[2026-05-25T10:53:52.855+0000] {processor.py:830} INFO - Processing file /opt/airflow/dags/berlin_mss_pipeline.py for tasks to queue
[2026-05-25T10:53:52.857+0000] {logging_mixin.py:188} INFO - [2026-05-25T10:53:52.857+0000] {dagbag.py:545} INFO - Filling up the DagBag from /opt/airflow/dags/berlin_mss_pipeline.py
[2026-05-25T10:53:52.869+0000] {processor.py:840} INFO - DAG(s) 'berlin_social_atlas' retrieved from /opt/airflow/dags/berlin_mss_pipeline.py
[2026-05-25T10:53:52.893+0000] {logging_mixin.py:188} INFO - [2026-05-25T10:53:52.893+0000] {dag.py:3096} INFO - Sync 1 DAGs
[2026-05-25T10:53:52.907+0000] {logging_mixin.py:188} INFO - [2026-05-25T10:53:52.907+0000] {dag.py:3954} INFO - Setting next_dagrun for berlin_social_atlas to 2026-01-01 06:00:00+00:00, run_after=2027-01-01 06:00:00+00:00
[2026-05-25T10:53:52.917+0000] {processor.py:183} INFO - Processing /opt/airflow/dags/berlin_mss_pipeline.py took 0.069 seconds
[2026-05-25T10:54:23.147+0000] {processor.py:161} INFO - Started process (PID=993) to work on /opt/airflow/dags/berlin_mss_pipeline.py
[2026-05-25T10:54:23.148+0000] {processor.py:830} INFO - Processing file /opt/airflow/dags/berlin_mss_pipeline.py for tasks to queue
[2026-05-25T10:54:23.149+0000] {logging_mixin.py:188} INFO - [2026-05-25T10:54:23.149+0000] {dagbag.py:545} INFO - Filling up the DagBag from /opt/airflow/dags/berlin_mss_pipeline.py
[2026-05-25T10:54:23.162+0000] {processor.py:840} INFO - DAG(s) 'berlin_social_atlas' retrieved from /opt/airflow/dags/berlin_mss_pipeline.py
[2026-05-25T10:54:23.189+0000] {logging_mixin.py:188} INFO - [2026-05-25T10:54:23.188+0000] {dag.py:3096} INFO - Sync 1 DAGs
[2026-05-25T10:54:23.205+0000] {logging_mixin.py:188} INFO - [2026-05-25T10:54:23.205+0000] {dag.py:3954} INFO - Setting next_dagrun for berlin_social_atlas to 2026-01-01 06:00:00+00:00, run_after=2027-01-01 06:00:00+00:00
[2026-05-25T10:54:23.215+0000] {processor.py:183} INFO - Processing /opt/airflow/dags/berlin_mss_pipeline.py took 0.074 seconds
[2026-05-25T10:54:53.421+0000] {processor.py:161} INFO - Started process (PID=998) to work on /opt/airflow/dags/berlin_mss_pipeline.py
[2026-05-25T10:54:53.422+0000] {processor.py:830} INFO - Processing file /opt/airflow/dags/berlin_mss_pipeline.py for tasks to queue
[2026-05-25T10:54:53.424+0000] {logging_mixin.py:188} INFO - [2026-05-25T10:54:53.424+0000] {dagbag.py:545} INFO - Filling up the DagBag from /opt/airflow/dags/berlin_mss_pipeline.py
[2026-05-25T10:54:53.435+0000] {processor.py:840} INFO - DAG(s) 'berlin_social_atlas' retrieved from /opt/airflow/dags/berlin_mss_pipeline.py
[2026-05-25T10:54:53.459+0000] {logging_mixin.py:188} INFO - [2026-05-25T10:54:53.459+0000] {dag.py:3096} INFO - Sync 1 DAGs
[2026-05-25T10:54:53.474+0000] {logging_mixin.py:188} INFO - [2026-05-25T10:54:53.474+0000] {dag.py:3954} INFO - Setting next_dagrun for berlin_social_atlas to 2026-01-01 06:00:00+00:00, run_after=2027-01-01 06:00:00+00:00
[2026-05-25T10:54:53.484+0000] {processor.py:183} INFO - Processing /opt/airflow/dags/berlin_mss_pipeline.py took 0.069 seconds
[2026-05-25T10:55:23.735+0000] {processor.py:161} INFO - Started process (PID=1003) to work on /opt/airflow/dags/berlin_mss_pipeline.py
[2026-05-25T10:55:23.736+0000] {processor.py:830} INFO - Processing file /opt/airflow/dags/berlin_mss_pipeline.py for tasks to queue
[2026-05-25T10:55:23.739+0000] {logging_mixin.py:188} INFO - [2026-05-25T10:55:23.739+0000] {dagbag.py:545} INFO - Filling up the DagBag from /opt/airflow/dags/berlin_mss_pipeline.py
[2026-05-25T10:55:23.764+0000] {processor.py:840} INFO - DAG(s) 'berlin_social_atlas' retrieved from /opt/airflow/dags/berlin_mss_pipeline.py
[2026-05-25T10:55:23.798+0000] {logging_mixin.py:188} INFO - [2026-05-25T10:55:23.798+0000] {dag.py:3096} INFO - Sync 1 DAGs
[2026-05-25T10:55:23.814+0000] {logging_mixin.py:188} INFO - [2026-05-25T10:55:23.814+0000] {dag.py:3954} INFO - Setting next_dagrun for berlin_social_atlas to 2026-01-01 06:00:00+00:00, run_after=2027-01-01 06:00:00+00:00
[2026-05-25T10:55:23.823+0000] {processor.py:183} INFO - Processing /opt/airflow/dags/berlin_mss_pipeline.py took 0.102 seconds
[2026-05-25T10:55:53.987+0000] {processor.py:161} INFO - Started process (PID=1008) to work on /opt/airflow/dags/berlin_mss_pipeline.py
[2026-05-25T10:55:53.988+0000] {processor.py:830} INFO - Processing file /opt/airflow/dags/berlin_mss_pipeline.py for tasks to queue
[2026-05-25T10:55:53.991+0000] {logging_mixin.py:188} INFO - [2026-05-25T10:55:53.990+0000] {dagbag.py:545} INFO - Filling up the DagBag from /opt/airflow/dags/berlin_mss_pipeline.py
[2026-05-25T10:55:54.004+0000] {processor.py:840} INFO - DAG(s) 'berlin_social_atlas' retrieved from /opt/airflow/dags/berlin_mss_pipeline.py
[2026-05-25T10:55:54.032+0000] {logging_mixin.py:188} INFO - [2026-05-25T10:55:54.032+0000] {dag.py:3096} INFO - Sync 1 DAGs
[2026-05-25T10:55:54.048+0000] {logging_mixin.py:188} INFO - [2026-05-25T10:55:54.048+0000] {dag.py:3954} INFO - Setting next_dagrun for berlin_social_atlas to 2026-01-01 06:00:00+00:00, run_after=2027-01-01 06:00:00+00:00
[2026-05-25T10:55:54.058+0000] {processor.py:183} INFO - Processing /opt/airflow/dags/berlin_mss_pipeline.py took 0.079 seconds
[2026-05-25T10:56:24.311+0000] {processor.py:161} INFO - Started process (PID=1013) to work on /opt/airflow/dags/berlin_mss_pipeline.py
[2026-05-25T10:56:24.313+0000] {processor.py:830} INFO - Processing file /opt/airflow/dags/berlin_mss_pipeline.py for tasks to queue
[2026-05-25T10:56:24.314+0000] {logging_mixin.py:188} INFO - [2026-05-25T10:56:24.314+0000] {dagbag.py:545} INFO - Filling up the DagBag from /opt/airflow/dags/berlin_mss_pipeline.py
[2026-05-25T10:56:24.324+0000] {processor.py:840} INFO - DAG(s) 'berlin_social_atlas' retrieved from /opt/airflow/dags/berlin_mss_pipeline.py
[2026-05-25T10:56:24.354+0000] {logging_mixin.py:188} INFO - [2026-05-25T10:56:24.354+0000] {dag.py:3096} INFO - Sync 1 DAGs
[2026-05-25T10:56:24.369+0000] {logging_mixin.py:188} INFO - [2026-05-25T10:56:24.369+0000] {dag.py:3954} INFO - Setting next_dagrun for berlin_social_atlas to 2026-01-01 06:00:00+00:00, run_after=2027-01-01 06:00:00+00:00
[2026-05-25T10:56:24.377+0000] {processor.py:183} INFO - Processing /opt/airflow/dags/berlin_mss_pipeline.py took 0.070 seconds
[2026-05-25T10:56:54.566+0000] {processor.py:161} INFO - Started process (PID=1018) to work on /opt/airflow/dags/berlin_mss_pipeline.py
[2026-05-25T10:56:54.568+0000] {processor.py:830} INFO - Processing file /opt/airflow/dags/berlin_mss_pipeline.py for tasks to queue
[2026-05-25T10:56:54.569+0000] {logging_mixin.py:188} INFO - [2026-05-25T10:56:54.569+0000] {dagbag.py:545} INFO - Filling up the DagBag from /opt/airflow/dags/berlin_mss_pipeline.py
[2026-05-25T10:56:54.581+0000] {processor.py:840} INFO - DAG(s) 'berlin_social_atlas' retrieved from /opt/airflow/dags/berlin_mss_pipeline.py
[2026-05-25T10:56:54.605+0000] {logging_mixin.py:188} INFO - [2026-05-25T10:56:54.605+0000] {dag.py:3096} INFO - Sync 1 DAGs
[2026-05-25T10:56:54.618+0000] {logging_mixin.py:188} INFO - [2026-05-25T10:56:54.618+0000] {dag.py:3954} INFO - Setting next_dagrun for berlin_social_atlas to 2026-01-01 06:00:00+00:00, run_after=2027-01-01 06:00:00+00:00
[2026-05-25T10:56:54.627+0000] {processor.py:183} INFO - Processing /opt/airflow/dags/berlin_mss_pipeline.py took 0.067 seconds
[2026-05-25T10:57:24.864+0000] {processor.py:161} INFO - Started process (PID=1023) to work on /opt/airflow/dags/berlin_mss_pipeline.py
[2026-05-25T10:57:24.865+0000] {processor.py:830} INFO - Processing file /opt/airflow/dags/berlin_mss_pipeline.py for tasks to queue
[2026-05-25T10:57:24.867+0000] {logging_mixin.py:188} INFO - [2026-05-25T10:57:24.867+0000] {dagbag.py:545} INFO - Filling up the DagBag from /opt/airflow/dags/berlin_mss_pipeline.py
[2026-05-25T10:57:24.878+0000] {processor.py:840} INFO - DAG(s) 'berlin_social_atlas' retrieved from /opt/airflow/dags/berlin_mss_pipeline.py
[2026-05-25T10:57:24.902+0000] {logging_mixin.py:188} INFO - [2026-05-25T10:57:24.902+0000] {dag.py:3096} INFO - Sync 1 DAGs
[2026-05-25T10:57:24.915+0000] {logging_mixin.py:188} INFO - [2026-05-25T10:57:24.915+0000] {dag.py:3954} INFO - Setting next_dagrun for berlin_social_atlas to 2026-01-01 06:00:00+00:00, run_after=2027-01-01 06:00:00+00:00
[2026-05-25T10:57:24.923+0000] {processor.py:183} INFO - Processing /opt/airflow/dags/berlin_mss_pipeline.py took 0.066 seconds
[2026-05-25T10:57:55.162+0000] {processor.py:161} INFO - Started process (PID=1028) to work on /opt/airflow/dags/berlin_mss_pipeline.py
[2026-05-25T10:57:55.163+0000] {processor.py:830} INFO - Processing file /opt/airflow/dags/berlin_mss_pipeline.py for tasks to queue
[2026-05-25T10:57:55.166+0000] {logging_mixin.py:188} INFO - [2026-05-25T10:57:55.165+0000] {dagbag.py:545} INFO - Filling up the DagBag from /opt/airflow/dags/berlin_mss_pipeline.py
[2026-05-25T10:57:55.182+0000] {processor.py:840} INFO - DAG(s) 'berlin_social_atlas' retrieved from /opt/airflow/dags/berlin_mss_pipeline.py
[2026-05-25T10:57:55.209+0000] {logging_mixin.py:188} INFO - [2026-05-25T10:57:55.209+0000] {dag.py:3096} INFO - Sync 1 DAGs
[2026-05-25T10:57:55.223+0000] {logging_mixin.py:188} INFO - [2026-05-25T10:57:55.222+0000] {dag.py:3954} INFO - Setting next_dagrun for berlin_social_atlas to 2026-01-01 06:00:00+00:00, run_after=2027-01-01 06:00:00+00:00
[2026-05-25T10:57:55.231+0000] {processor.py:183} INFO - Processing /opt/airflow/dags/berlin_mss_pipeline.py took 0.079 seconds
[2026-05-25T10:58:25.413+0000] {processor.py:161} INFO - Started process (PID=1033) to work on /opt/airflow/dags/berlin_mss_pipeline.py
[2026-05-25T10:58:25.414+0000] {processor.py:830} INFO - Processing file /opt/airflow/dags/berlin_mss_pipeline.py for tasks to queue
[2026-05-25T10:58:25.418+0000] {logging_mixin.py:188} INFO - [2026-05-25T10:58:25.417+0000] {dagbag.py:545} INFO - Filling up the DagBag from /opt/airflow/dags/berlin_mss_pipeline.py
[2026-05-25T10:58:25.431+0000] {processor.py:840} INFO - DAG(s) 'berlin_social_atlas' retrieved from /opt/airflow/dags/berlin_mss_pipeline.py
[2026-05-25T10:58:25.453+0000] {logging_mixin.py:188} INFO - [2026-05-25T10:58:25.453+0000] {dag.py:3096} INFO - Sync 1 DAGs
[2026-05-25T10:58:25.467+0000] {logging_mixin.py:188} INFO - [2026-05-25T10:58:25.467+0000] {dag.py:3954} INFO - Setting next_dagrun for berlin_social_atlas to 2026-01-01 06:00:00+00:00, run_after=2027-01-01 06:00:00+00:00
[2026-05-25T10:58:25.475+0000] {processor.py:183} INFO - Processing /opt/airflow/dags/berlin_mss_pipeline.py took 0.070 seconds
[2026-05-25T10:58:55.710+0000] {processor.py:161} INFO - Started process (PID=1038) to work on /opt/airflow/dags/berlin_mss_pipeline.py
[2026-05-25T10:58:55.711+0000] {processor.py:830} INFO - Processing file /opt/airflow/dags/berlin_mss_pipeline.py for tasks to queue
[2026-05-25T10:58:55.713+0000] {logging_mixin.py:188} INFO - [2026-05-25T10:58:55.713+0000] {dagbag.py:545} INFO - Filling up the DagBag from /opt/airflow/dags/berlin_mss_pipeline.py
[2026-05-25T10:58:55.726+0000] {processor.py:840} INFO - DAG(s) 'berlin_social_atlas' retrieved from /opt/airflow/dags/berlin_mss_pipeline.py
[2026-05-25T10:58:55.754+0000] {logging_mixin.py:188} INFO - [2026-05-25T10:58:55.754+0000] {dag.py:3096} INFO - Sync 1 DAGs
[2026-05-25T10:58:55.767+0000] {logging_mixin.py:188} INFO - [2026-05-25T10:58:55.767+0000] {dag.py:3954} INFO - Setting next_dagrun for berlin_social_atlas to 2026-01-01 06:00:00+00:00, run_after=2027-01-01 06:00:00+00:00
[2026-05-25T10:58:55.776+0000] {processor.py:183} INFO - Processing /opt/airflow/dags/berlin_mss_pipeline.py took 0.074 seconds
[2026-05-25T10:59:25.962+0000] {processor.py:161} INFO - Started process (PID=1043) to work on /opt/airflow/dags/berlin_mss_pipeline.py
[2026-05-25T10:59:25.963+0000] {processor.py:830} INFO - Processing file /opt/airflow/dags/berlin_mss_pipeline.py for tasks to queue
[2026-05-25T10:59:25.964+0000] {logging_mixin.py:188} INFO - [2026-05-25T10:59:25.964+0000] {dagbag.py:545} INFO - Filling up the DagBag from /opt/airflow/dags/berlin_mss_pipeline.py
[2026-05-25T10:59:25.972+0000] {processor.py:840} INFO - DAG(s) 'berlin_social_atlas' retrieved from /opt/airflow/dags/berlin_mss_pipeline.py
[2026-05-25T10:59:25.989+0000] {logging_mixin.py:188} INFO - [2026-05-25T10:59:25.989+0000] {dag.py:3096} INFO - Sync 1 DAGs
[2026-05-25T10:59:26.001+0000] {logging_mixin.py:188} INFO - [2026-05-25T10:59:26.001+0000] {dag.py:3954} INFO - Setting next_dagrun for berlin_social_atlas to 2026-01-01 06:00:00+00:00, run_after=2027-01-01 06:00:00+00:00
[2026-05-25T10:59:26.011+0000] {processor.py:183} INFO - Processing /opt/airflow/dags/berlin_mss_pipeline.py took 0.052 seconds
[2026-05-25T10:59:56.302+0000] {processor.py:161} INFO - Started process (PID=1048) to work on /opt/airflow/dags/berlin_mss_pipeline.py
[2026-05-25T10:59:56.303+0000] {processor.py:830} INFO - Processing file /opt/airflow/dags/berlin_mss_pipeline.py for tasks to queue
[2026-05-25T10:59:56.305+0000] {logging_mixin.py:188} INFO - [2026-05-25T10:59:56.305+0000] {dagbag.py:545} INFO - Filling up the DagBag from /opt/airflow/dags/berlin_mss_pipeline.py
[2026-05-25T10:59:56.323+0000] {processor.py:840} INFO - DAG(s) 'berlin_social_atlas' retrieved from /opt/airflow/dags/berlin_mss_pipeline.py
[2026-05-25T10:59:56.353+0000] {logging_mixin.py:188} INFO - [2026-05-25T10:59:56.352+0000] {dag.py:3096} INFO - Sync 1 DAGs
[2026-05-25T10:59:56.369+0000] {logging_mixin.py:188} INFO - [2026-05-25T10:59:56.368+0000] {dag.py:3954} INFO - Setting next_dagrun for berlin_social_atlas to 2026-01-01 06:00:00+00:00, run_after=2027-01-01 06:00:00+00:00
[2026-05-25T10:59:56.378+0000] {processor.py:183} INFO - Processing /opt/airflow/dags/berlin_mss_pipeline.py took 0.085 seconds
[2026-05-25T11:00:26.584+0000] {processor.py:161} INFO - Started process (PID=1053) to work on /opt/airflow/dags/berlin_mss_pipeline.py
[2026-05-25T11:00:26.585+0000] {processor.py:830} INFO - Processing file /opt/airflow/dags/berlin_mss_pipeline.py for tasks to queue
[2026-05-25T11:00:26.588+0000] {logging_mixin.py:188} INFO - [2026-05-25T11:00:26.588+0000] {dagbag.py:545} INFO - Filling up the DagBag from /opt/airflow/dags/berlin_mss_pipeline.py
[2026-05-25T11:00:26.603+0000] {processor.py:840} INFO - DAG(s) 'berlin_social_atlas' retrieved from /opt/airflow/dags/berlin_mss_pipeline.py
[2026-05-25T11:00:26.630+0000] {logging_mixin.py:188} INFO - [2026-05-25T11:00:26.629+0000] {dag.py:3096} INFO - Sync 1 DAGs
[2026-05-25T11:00:26.644+0000] {logging_mixin.py:188} INFO - [2026-05-25T11:00:26.644+0000] {dag.py:3954} INFO - Setting next_dagrun for berlin_social_atlas to 2026-01-01 06:00:00+00:00, run_after=2027-01-01 06:00:00+00:00
[2026-05-25T11:00:26.653+0000] {processor.py:183} INFO - Processing /opt/airflow/dags/berlin_mss_pipeline.py took 0.078 seconds
[2026-05-25T11:00:56.868+0000] {processor.py:161} INFO - Started process (PID=1058) to work on /opt/airflow/dags/berlin_mss_pipeline.py
[2026-05-25T11:00:56.869+0000] {processor.py:830} INFO - Processing file /opt/airflow/dags/berlin_mss_pipeline.py for tasks to queue
[2026-05-25T11:00:56.871+0000] {logging_mixin.py:188} INFO - [2026-05-25T11:00:56.871+0000] {dagbag.py:545} INFO - Filling up the DagBag from /opt/airflow/dags/berlin_mss_pipeline.py
[2026-05-25T11:00:56.883+0000] {processor.py:840} INFO - DAG(s) 'berlin_social_atlas' retrieved from /opt/airflow/dags/berlin_mss_pipeline.py
[2026-05-25T11:00:56.907+0000] {logging_mixin.py:188} INFO - [2026-05-25T11:00:56.907+0000] {dag.py:3096} INFO - Sync 1 DAGs
[2026-05-25T11:00:56.921+0000] {logging_mixin.py:188} INFO - [2026-05-25T11:00:56.920+0000] {dag.py:3954} INFO - Setting next_dagrun for berlin_social_atlas to 2026-01-01 06:00:00+00:00, run_after=2027-01-01 06:00:00+00:00
[2026-05-25T11:00:56.930+0000] {processor.py:183} INFO - Processing /opt/airflow/dags/berlin_mss_pipeline.py took 0.068 seconds
[2026-05-25T11:01:27.146+0000] {processor.py:161} INFO - Started process (PID=1063) to work on /opt/airflow/dags/berlin_mss_pipeline.py
[2026-05-25T11:01:27.147+0000] {processor.py:830} INFO - Processing file /opt/airflow/dags/berlin_mss_pipeline.py for tasks to queue
[2026-05-25T11:01:27.149+0000] {logging_mixin.py:188} INFO - [2026-05-25T11:01:27.148+0000] {dagbag.py:545} INFO - Filling up the DagBag from /opt/airflow/dags/berlin_mss_pipeline.py
[2026-05-25T11:01:27.159+0000] {processor.py:840} INFO - DAG(s) 'berlin_social_atlas' retrieved from /opt/airflow/dags/berlin_mss_pipeline.py
[2026-05-25T11:01:27.180+0000] {logging_mixin.py:188} INFO - [2026-05-25T11:01:27.179+0000] {dag.py:3096} INFO - Sync 1 DAGs
[2026-05-25T11:01:27.193+0000] {logging_mixin.py:188} INFO - [2026-05-25T11:01:27.193+0000] {dag.py:3954} INFO - Setting next_dagrun for berlin_social_atlas to 2026-01-01 06:00:00+00:00, run_after=2027-01-01 06:00:00+00:00
[2026-05-25T11:01:27.201+0000] {processor.py:183} INFO - Processing /opt/airflow/dags/berlin_mss_pipeline.py took 0.061 seconds
[2026-05-25T11:01:57.493+0000] {processor.py:161} INFO - Started process (PID=1068) to work on /opt/airflow/dags/berlin_mss_pipeline.py
[2026-05-25T11:01:57.495+0000] {processor.py:830} INFO - Processing file /opt/airflow/dags/berlin_mss_pipeline.py for tasks to queue
[2026-05-25T11:01:57.499+0000] {logging_mixin.py:188} INFO - [2026-05-25T11:01:57.498+0000] {dagbag.py:545} INFO - Filling up the DagBag from /opt/airflow/dags/berlin_mss_pipeline.py
[2026-05-25T11:01:57.517+0000] {processor.py:840} INFO - DAG(s) 'berlin_social_atlas' retrieved from /opt/airflow/dags/berlin_mss_pipeline.py
[2026-05-25T11:01:57.547+0000] {logging_mixin.py:188} INFO - [2026-05-25T11:01:57.547+0000] {dag.py:3096} INFO - Sync 1 DAGs
[2026-05-25T11:01:57.564+0000] {logging_mixin.py:188} INFO - [2026-05-25T11:01:57.564+0000] {dag.py:3954} INFO - Setting next_dagrun for berlin_social_atlas to 2026-01-01 06:00:00+00:00, run_after=2027-01-01 06:00:00+00:00
[2026-05-25T11:01:57.574+0000] {processor.py:183} INFO - Processing /opt/airflow/dags/berlin_mss_pipeline.py took 0.092 seconds
[2026-05-25T11:02:27.744+0000] {processor.py:161} INFO - Started process (PID=1073) to work on /opt/airflow/dags/berlin_mss_pipeline.py
[2026-05-25T11:02:27.745+0000] {processor.py:830} INFO - Processing file /opt/airflow/dags/berlin_mss_pipeline.py for tasks to queue
[2026-05-25T11:02:27.748+0000] {logging_mixin.py:188} INFO - [2026-05-25T11:02:27.747+0000] {dagbag.py:545} INFO - Filling up the DagBag from /opt/airflow/dags/berlin_mss_pipeline.py
[2026-05-25T11:02:27.761+0000] {processor.py:840} INFO - DAG(s) 'berlin_social_atlas' retrieved from /opt/airflow/dags/berlin_mss_pipeline.py
[2026-05-25T11:02:27.785+0000] {logging_mixin.py:188} INFO - [2026-05-25T11:02:27.785+0000] {dag.py:3096} INFO - Sync 1 DAGs
[2026-05-25T11:02:27.799+0000] {logging_mixin.py:188} INFO - [2026-05-25T11:02:27.799+0000] {dag.py:3954} INFO - Setting next_dagrun for berlin_social_atlas to 2026-01-01 06:00:00+00:00, run_after=2027-01-01 06:00:00+00:00
[2026-05-25T11:02:27.809+0000] {processor.py:183} INFO - Processing /opt/airflow/dags/berlin_mss_pipeline.py took 0.073 seconds
[2026-05-25T11:02:58.076+0000] {processor.py:161} INFO - Started process (PID=1078) to work on /opt/airflow/dags/berlin_mss_pipeline.py
[2026-05-25T11:02:58.077+0000] {processor.py:830} INFO - Processing file /opt/airflow/dags/berlin_mss_pipeline.py for tasks to queue
[2026-05-25T11:02:58.078+0000] {logging_mixin.py:188} INFO - [2026-05-25T11:02:58.078+0000] {dagbag.py:545} INFO - Filling up the DagBag from /opt/airflow/dags/berlin_mss_pipeline.py
[2026-05-25T11:02:58.090+0000] {processor.py:840} INFO - DAG(s) 'berlin_social_atlas' retrieved from /opt/airflow/dags/berlin_mss_pipeline.py
[2026-05-25T11:02:58.113+0000] {logging_mixin.py:188} INFO - [2026-05-25T11:02:58.113+0000] {dag.py:3096} INFO - Sync 1 DAGs
[2026-05-25T11:02:58.127+0000] {logging_mixin.py:188} INFO - [2026-05-25T11:02:58.127+0000] {dag.py:3954} INFO - Setting next_dagrun for berlin_social_atlas to 2026-01-01 06:00:00+00:00, run_after=2027-01-01 06:00:00+00:00
[2026-05-25T11:02:58.135+0000] {processor.py:183} INFO - Processing /opt/airflow/dags/berlin_mss_pipeline.py took 0.067 seconds
[2026-05-25T11:03:28.352+0000] {processor.py:161} INFO - Started process (PID=1083) to work on /opt/airflow/dags/berlin_mss_pipeline.py
[2026-05-25T11:03:28.354+0000] {processor.py:830} INFO - Processing file /opt/airflow/dags/berlin_mss_pipeline.py for tasks to queue
[2026-05-25T11:03:28.356+0000] {logging_mixin.py:188} INFO - [2026-05-25T11:03:28.355+0000] {dagbag.py:545} INFO - Filling up the DagBag from /opt/airflow/dags/berlin_mss_pipeline.py
[2026-05-25T11:03:28.369+0000] {processor.py:840} INFO - DAG(s) 'berlin_social_atlas' retrieved from /opt/airflow/dags/berlin_mss_pipeline.py
[2026-05-25T11:03:28.393+0000] {logging_mixin.py:188} INFO - [2026-05-25T11:03:28.393+0000] {dag.py:3096} INFO - Sync 1 DAGs
[2026-05-25T11:03:28.407+0000] {logging_mixin.py:188} INFO - [2026-05-25T11:03:28.407+0000] {dag.py:3954} INFO - Setting next_dagrun for berlin_social_atlas to 2026-01-01 06:00:00+00:00, run_after=2027-01-01 06:00:00+00:00
[2026-05-25T11:03:28.416+0000] {processor.py:183} INFO - Processing /opt/airflow/dags/berlin_mss_pipeline.py took 0.071 seconds
[2026-05-25T11:03:58.633+0000] {processor.py:161} INFO - Started process (PID=1088) to work on /opt/airflow/dags/berlin_mss_pipeline.py
[2026-05-25T11:03:58.635+0000] {processor.py:830} INFO - Processing file /opt/airflow/dags/berlin_mss_pipeline.py for tasks to queue
[2026-05-25T11:03:58.638+0000] {logging_mixin.py:188} INFO - [2026-05-25T11:03:58.637+0000] {dagbag.py:545} INFO - Filling up the DagBag from /opt/airflow/dags/berlin_mss_pipeline.py
[2026-05-25T11:03:58.658+0000] {processor.py:840} INFO - DAG(s) 'berlin_social_atlas' retrieved from /opt/airflow/dags/berlin_mss_pipeline.py
[2026-05-25T11:03:58.687+0000] {logging_mixin.py:188} INFO - [2026-05-25T11:03:58.687+0000] {dag.py:3096} INFO - Sync 1 DAGs
[2026-05-25T11:03:58.703+0000] {logging_mixin.py:188} INFO - [2026-05-25T11:03:58.702+0000] {dag.py:3954} INFO - Setting next_dagrun for berlin_social_atlas to 2026-01-01 06:00:00+00:00, run_after=2027-01-01 06:00:00+00:00
[2026-05-25T11:03:58.712+0000] {processor.py:183} INFO - Processing /opt/airflow/dags/berlin_mss_pipeline.py took 0.089 seconds
[2026-05-25T11:04:28.878+0000] {processor.py:161} INFO - Started process (PID=1093) to work on /opt/airflow/dags/berlin_mss_pipeline.py
[2026-05-25T11:04:28.879+0000] {processor.py:830} INFO - Processing file /opt/airflow/dags/berlin_mss_pipeline.py for tasks to queue
[2026-05-25T11:04:28.881+0000] {logging_mixin.py:188} INFO - [2026-05-25T11:04:28.881+0000] {dagbag.py:545} INFO - Filling up the DagBag from /opt/airflow/dags/berlin_mss_pipeline.py
[2026-05-25T11:04:28.895+0000] {processor.py:840} INFO - DAG(s) 'berlin_social_atlas' retrieved from /opt/airflow/dags/berlin_mss_pipeline.py
[2026-05-25T11:04:28.922+0000] {logging_mixin.py:188} INFO - [2026-05-25T11:04:28.922+0000] {dag.py:3096} INFO - Sync 1 DAGs
[2026-05-25T11:04:28.939+0000] {logging_mixin.py:188} INFO - [2026-05-25T11:04:28.939+0000] {dag.py:3954} INFO - Setting next_dagrun for berlin_social_atlas to 2026-01-01 06:00:00+00:00, run_after=2027-01-01 06:00:00+00:00
[2026-05-25T11:04:28.948+0000] {processor.py:183} INFO - Processing /opt/airflow/dags/berlin_mss_pipeline.py took 0.079 seconds
[2026-05-25T11:04:59.179+0000] {processor.py:161} INFO - Started process (PID=1098) to work on /opt/airflow/dags/berlin_mss_pipeline.py
[2026-05-25T11:04:59.180+0000] {processor.py:830} INFO - Processing file /opt/airflow/dags/berlin_mss_pipeline.py for tasks to queue
[2026-05-25T11:04:59.182+0000] {logging_mixin.py:188} INFO - [2026-05-25T11:04:59.182+0000] {dagbag.py:545} INFO - Filling up the DagBag from /opt/airflow/dags/berlin_mss_pipeline.py
[2026-05-25T11:04:59.194+0000] {processor.py:840} INFO - DAG(s) 'berlin_social_atlas' retrieved from /opt/airflow/dags/berlin_mss_pipeline.py
[2026-05-25T11:04:59.217+0000] {logging_mixin.py:188} INFO - [2026-05-25T11:04:59.216+0000] {dag.py:3096} INFO - Sync 1 DAGs
[2026-05-25T11:04:59.230+0000] {logging_mixin.py:188} INFO - [2026-05-25T11:04:59.230+0000] {dag.py:3954} INFO - Setting next_dagrun for berlin_social_atlas to 2026-01-01 06:00:00+00:00, run_after=2027-01-01 06:00:00+00:00
[2026-05-25T11:04:59.240+0000] {processor.py:183} INFO - Processing /opt/airflow/dags/berlin_mss_pipeline.py took 0.068 seconds
[2026-05-25T11:05:29.415+0000] {processor.py:161} INFO - Started process (PID=1103) to work on /opt/airflow/dags/berlin_mss_pipeline.py
[2026-05-25T11:05:29.416+0000] {processor.py:830} INFO - Processing file /opt/airflow/dags/berlin_mss_pipeline.py for tasks to queue
[2026-05-25T11:05:29.418+0000] {logging_mixin.py:188} INFO - [2026-05-25T11:05:29.417+0000] {dagbag.py:545} INFO - Filling up the DagBag from /opt/airflow/dags/berlin_mss_pipeline.py
[2026-05-25T11:05:29.431+0000] {processor.py:840} INFO - DAG(s) 'berlin_social_atlas' retrieved from /opt/airflow/dags/berlin_mss_pipeline.py
[2026-05-25T11:05:29.457+0000] {logging_mixin.py:188} INFO - [2026-05-25T11:05:29.457+0000] {dag.py:3096} INFO - Sync 1 DAGs
[2026-05-25T11:05:29.472+0000] {logging_mixin.py:188} INFO - [2026-05-25T11:05:29.472+0000] {dag.py:3954} INFO - Setting next_dagrun for berlin_social_atlas to 2026-01-01 06:00:00+00:00, run_after=2027-01-01 06:00:00+00:00
[2026-05-25T11:05:29.480+0000] {processor.py:183} INFO - Processing /opt/airflow/dags/berlin_mss_pipeline.py took 0.070 seconds
[2026-05-25T11:05:59.698+0000] {processor.py:161} INFO - Started process (PID=1108) to work on /opt/airflow/dags/berlin_mss_pipeline.py
[2026-05-25T11:05:59.699+0000] {processor.py:830} INFO - Processing file /opt/airflow/dags/berlin_mss_pipeline.py for tasks to queue
[2026-05-25T11:05:59.701+0000] {logging_mixin.py:188} INFO - [2026-05-25T11:05:59.701+0000] {dagbag.py:545} INFO - Filling up the DagBag from /opt/airflow/dags/berlin_mss_pipeline.py
[2026-05-25T11:05:59.712+0000] {processor.py:840} INFO - DAG(s) 'berlin_social_atlas' retrieved from /opt/airflow/dags/berlin_mss_pipeline.py
[2026-05-25T11:05:59.734+0000] {logging_mixin.py:188} INFO - [2026-05-25T11:05:59.734+0000] {dag.py:3096} INFO - Sync 1 DAGs
[2026-05-25T11:05:59.749+0000] {logging_mixin.py:188} INFO - [2026-05-25T11:05:59.748+0000] {dag.py:3954} INFO - Setting next_dagrun for berlin_social_atlas to 2026-01-01 06:00:00+00:00, run_after=2027-01-01 06:00:00+00:00
[2026-05-25T11:05:59.757+0000] {processor.py:183} INFO - Processing /opt/airflow/dags/berlin_mss_pipeline.py took 0.065 seconds
[2026-05-25T11:06:30.021+0000] {processor.py:161} INFO - Started process (PID=1113) to work on /opt/airflow/dags/berlin_mss_pipeline.py
[2026-05-25T11:06:30.023+0000] {processor.py:830} INFO - Processing file /opt/airflow/dags/berlin_mss_pipeline.py for tasks to queue
[2026-05-25T11:06:30.026+0000] {logging_mixin.py:188} INFO - [2026-05-25T11:06:30.026+0000] {dagbag.py:545} INFO - Filling up the DagBag from /opt/airflow/dags/berlin_mss_pipeline.py
[2026-05-25T11:06:30.048+0000] {processor.py:840} INFO - DAG(s) 'berlin_social_atlas' retrieved from /opt/airflow/dags/berlin_mss_pipeline.py
[2026-05-25T11:06:30.075+0000] {logging_mixin.py:188} INFO - [2026-05-25T11:06:30.075+0000] {dag.py:3096} INFO - Sync 1 DAGs
[2026-05-25T11:06:30.091+0000] {logging_mixin.py:188} INFO - [2026-05-25T11:06:30.090+0000] {dag.py:3954} INFO - Setting next_dagrun for berlin_social_atlas to 2026-01-01 06:00:00+00:00, run_after=2027-01-01 06:00:00+00:00
[2026-05-25T11:06:30.100+0000] {processor.py:183} INFO - Processing /opt/airflow/dags/berlin_mss_pipeline.py took 0.089 seconds
[2026-05-25T11:07:00.296+0000] {processor.py:161} INFO - Started process (PID=1118) to work on /opt/airflow/dags/berlin_mss_pipeline.py
[2026-05-25T11:07:00.297+0000] {processor.py:830} INFO - Processing file /opt/airflow/dags/berlin_mss_pipeline.py for tasks to queue
[2026-05-25T11:07:00.300+0000] {logging_mixin.py:188} INFO - [2026-05-25T11:07:00.299+0000] {dagbag.py:545} INFO - Filling up the DagBag from /opt/airflow/dags/berlin_mss_pipeline.py
[2026-05-25T11:07:00.312+0000] {processor.py:840} INFO - DAG(s) 'berlin_social_atlas' retrieved from /opt/airflow/dags/berlin_mss_pipeline.py
[2026-05-25T11:07:00.339+0000] {logging_mixin.py:188} INFO - [2026-05-25T11:07:00.338+0000] {dag.py:3096} INFO - Sync 1 DAGs
[2026-05-25T11:07:00.352+0000] {logging_mixin.py:188} INFO - [2026-05-25T11:07:00.352+0000] {dag.py:3954} INFO - Setting next_dagrun for berlin_social_atlas to 2026-01-01 06:00:00+00:00, run_after=2027-01-01 06:00:00+00:00
[2026-05-25T11:07:00.362+0000] {processor.py:183} INFO - Processing /opt/airflow/dags/berlin_mss_pipeline.py took 0.073 seconds
[2026-05-25T11:07:30.586+0000] {processor.py:161} INFO - Started process (PID=1123) to work on /opt/airflow/dags/berlin_mss_pipeline.py
[2026-05-25T11:07:30.587+0000] {processor.py:830} INFO - Processing file /opt/airflow/dags/berlin_mss_pipeline.py for tasks to queue
[2026-05-25T11:07:30.590+0000] {logging_mixin.py:188} INFO - [2026-05-25T11:07:30.589+0000] {dagbag.py:545} INFO - Filling up the DagBag from /opt/airflow/dags/berlin_mss_pipeline.py
[2026-05-25T11:07:30.602+0000] {processor.py:840} INFO - DAG(s) 'berlin_social_atlas' retrieved from /opt/airflow/dags/berlin_mss_pipeline.py
[2026-05-25T11:07:30.626+0000] {logging_mixin.py:188} INFO - [2026-05-25T11:07:30.626+0000] {dag.py:3096} INFO - Sync 1 DAGs
[2026-05-25T11:07:30.641+0000] {logging_mixin.py:188} INFO - [2026-05-25T11:07:30.641+0000] {dag.py:3954} INFO - Setting next_dagrun for berlin_social_atlas to 2026-01-01 06:00:00+00:00, run_after=2027-01-01 06:00:00+00:00
[2026-05-25T11:07:30.650+0000] {processor.py:183} INFO - Processing /opt/airflow/dags/berlin_mss_pipeline.py took 0.070 seconds
[2026-05-25T11:08:00.872+0000] {processor.py:161} INFO - Started process (PID=1128) to work on /opt/airflow/dags/berlin_mss_pipeline.py
[2026-05-25T11:08:00.874+0000] {processor.py:830} INFO - Processing file /opt/airflow/dags/berlin_mss_pipeline.py for tasks to queue
[2026-05-25T11:08:00.876+0000] {logging_mixin.py:188} INFO - [2026-05-25T11:08:00.876+0000] {dagbag.py:545} INFO - Filling up the DagBag from /opt/airflow/dags/berlin_mss_pipeline.py
[2026-05-25T11:08:00.888+0000] {processor.py:840} INFO - DAG(s) 'berlin_social_atlas' retrieved from /opt/airflow/dags/berlin_mss_pipeline.py
[2026-05-25T11:08:00.911+0000] {logging_mixin.py:188} INFO - [2026-05-25T11:08:00.910+0000] {dag.py:3096} INFO - Sync 1 DAGs
[2026-05-25T11:08:00.923+0000] {logging_mixin.py:188} INFO - [2026-05-25T11:08:00.923+0000] {dag.py:3954} INFO - Setting next_dagrun for berlin_social_atlas to 2026-01-01 06:00:00+00:00, run_after=2027-01-01 06:00:00+00:00
[2026-05-25T11:08:00.932+0000] {processor.py:183} INFO - Processing /opt/airflow/dags/berlin_mss_pipeline.py took 0.066 seconds
[2026-05-25T11:08:31.181+0000] {processor.py:161} INFO - Started process (PID=1133) to work on /opt/airflow/dags/berlin_mss_pipeline.py
[2026-05-25T11:08:31.183+0000] {processor.py:830} INFO - Processing file /opt/airflow/dags/berlin_mss_pipeline.py for tasks to queue
[2026-05-25T11:08:31.186+0000] {logging_mixin.py:188} INFO - [2026-05-25T11:08:31.185+0000] {dagbag.py:545} INFO - Filling up the DagBag from /opt/airflow/dags/berlin_mss_pipeline.py
[2026-05-25T11:08:31.201+0000] {processor.py:840} INFO - DAG(s) 'berlin_social_atlas' retrieved from /opt/airflow/dags/berlin_mss_pipeline.py
[2026-05-25T11:08:31.227+0000] {logging_mixin.py:188} INFO - [2026-05-25T11:08:31.227+0000] {dag.py:3096} INFO - Sync 1 DAGs
[2026-05-25T11:08:31.242+0000] {logging_mixin.py:188} INFO - [2026-05-25T11:08:31.242+0000] {dag.py:3954} INFO - Setting next_dagrun for berlin_social_atlas to 2026-01-01 06:00:00+00:00, run_after=2027-01-01 06:00:00+00:00
[2026-05-25T11:08:31.251+0000] {processor.py:183} INFO - Processing /opt/airflow/dags/berlin_mss_pipeline.py took 0.081 seconds
[2026-05-25T11:09:01.465+0000] {processor.py:161} INFO - Started process (PID=1138) to work on /opt/airflow/dags/berlin_mss_pipeline.py
[2026-05-25T11:09:01.466+0000] {processor.py:830} INFO - Processing file /opt/airflow/dags/berlin_mss_pipeline.py for tasks to queue
[2026-05-25T11:09:01.468+0000] {logging_mixin.py:188} INFO - [2026-05-25T11:09:01.468+0000] {dagbag.py:545} INFO - Filling up the DagBag from /opt/airflow/dags/berlin_mss_pipeline.py
[2026-05-25T11:09:01.481+0000] {processor.py:840} INFO - DAG(s) 'berlin_social_atlas' retrieved from /opt/airflow/dags/berlin_mss_pipeline.py
[2026-05-25T11:09:01.505+0000] {logging_mixin.py:188} INFO - [2026-05-25T11:09:01.505+0000] {dag.py:3096} INFO - Sync 1 DAGs
[2026-05-25T11:09:01.519+0000] {logging_mixin.py:188} INFO - [2026-05-25T11:09:01.519+0000] {dag.py:3954} INFO - Setting next_dagrun for berlin_social_atlas to 2026-01-01 06:00:00+00:00, run_after=2027-01-01 06:00:00+00:00
[2026-05-25T11:09:01.527+0000] {processor.py:183} INFO - Processing /opt/airflow/dags/berlin_mss_pipeline.py took 0.070 seconds
[2026-05-25T11:09:31.746+0000] {processor.py:161} INFO - Started process (PID=1143) to work on /opt/airflow/dags/berlin_mss_pipeline.py
[2026-05-25T11:09:31.747+0000] {processor.py:830} INFO - Processing file /opt/airflow/dags/berlin_mss_pipeline.py for tasks to queue
[2026-05-25T11:09:31.749+0000] {logging_mixin.py:188} INFO - [2026-05-25T11:09:31.749+0000] {dagbag.py:545} INFO - Filling up the DagBag from /opt/airflow/dags/berlin_mss_pipeline.py
[2026-05-25T11:09:31.763+0000] {processor.py:840} INFO - DAG(s) 'berlin_social_atlas' retrieved from /opt/airflow/dags/berlin_mss_pipeline.py
[2026-05-25T11:09:31.789+0000] {logging_mixin.py:188} INFO - [2026-05-25T11:09:31.789+0000] {dag.py:3096} INFO - Sync 1 DAGs
[2026-05-25T11:09:31.804+0000] {logging_mixin.py:188} INFO - [2026-05-25T11:09:31.803+0000] {dag.py:3954} INFO - Setting next_dagrun for berlin_social_atlas to 2026-01-01 06:00:00+00:00, run_after=2027-01-01 06:00:00+00:00
[2026-05-25T11:09:31.813+0000] {processor.py:183} INFO - Processing /opt/airflow/dags/berlin_mss_pipeline.py took 0.074 seconds
[2026-05-25T11:10:02.027+0000] {processor.py:161} INFO - Started process (PID=1148) to work on /opt/airflow/dags/berlin_mss_pipeline.py
[2026-05-25T11:10:02.028+0000] {processor.py:830} INFO - Processing file /opt/airflow/dags/berlin_mss_pipeline.py for tasks to queue
[2026-05-25T11:10:02.030+0000] {logging_mixin.py:188} INFO - [2026-05-25T11:10:02.030+0000] {dagbag.py:545} INFO - Filling up the DagBag from /opt/airflow/dags/berlin_mss_pipeline.py
[2026-05-25T11:10:02.040+0000] {processor.py:840} INFO - DAG(s) 'berlin_social_atlas' retrieved from /opt/airflow/dags/berlin_mss_pipeline.py
[2026-05-25T11:10:02.065+0000] {logging_mixin.py:188} INFO - [2026-05-25T11:10:02.065+0000] {dag.py:3096} INFO - Sync 1 DAGs
[2026-05-25T11:10:02.080+0000] {logging_mixin.py:188} INFO - [2026-05-25T11:10:02.080+0000] {dag.py:3954} INFO - Setting next_dagrun for berlin_social_atlas to 2026-01-01 06:00:00+00:00, run_after=2027-01-01 06:00:00+00:00
[2026-05-25T11:10:02.090+0000] {processor.py:183} INFO - Processing /opt/airflow/dags/berlin_mss_pipeline.py took 0.069 seconds
[2026-05-25T11:10:32.302+0000] {processor.py:161} INFO - Started process (PID=1153) to work on /opt/airflow/dags/berlin_mss_pipeline.py
[2026-05-25T11:10:32.304+0000] {processor.py:830} INFO - Processing file /opt/airflow/dags/berlin_mss_pipeline.py for tasks to queue
[2026-05-25T11:10:32.306+0000] {logging_mixin.py:188} INFO - [2026-05-25T11:10:32.305+0000] {dagbag.py:545} INFO - Filling up the DagBag from /opt/airflow/dags/berlin_mss_pipeline.py
[2026-05-25T11:10:32.317+0000] {processor.py:840} INFO - DAG(s) 'berlin_social_atlas' retrieved from /opt/airflow/dags/berlin_mss_pipeline.py
[2026-05-25T11:10:32.339+0000] {logging_mixin.py:188} INFO - [2026-05-25T11:10:32.339+0000] {dag.py:3096} INFO - Sync 1 DAGs
[2026-05-25T11:10:32.353+0000] {logging_mixin.py:188} INFO - [2026-05-25T11:10:32.352+0000] {dag.py:3954} INFO - Setting next_dagrun for berlin_social_atlas to 2026-01-01 06:00:00+00:00, run_after=2027-01-01 06:00:00+00:00
[2026-05-25T11:10:32.362+0000] {processor.py:183} INFO - Processing /opt/airflow/dags/berlin_mss_pipeline.py took 0.068 seconds
[2026-05-25T11:11:02.575+0000] {processor.py:161} INFO - Started process (PID=1158) to work on /opt/airflow/dags/berlin_mss_pipeline.py
[2026-05-25T11:11:02.576+0000] {processor.py:830} INFO - Processing file /opt/airflow/dags/berlin_mss_pipeline.py for tasks to queue
[2026-05-25T11:11:02.580+0000] {logging_mixin.py:188} INFO - [2026-05-25T11:11:02.579+0000] {dagbag.py:545} INFO - Filling up the DagBag from /opt/airflow/dags/berlin_mss_pipeline.py
[2026-05-25T11:11:02.591+0000] {processor.py:840} INFO - DAG(s) 'berlin_social_atlas' retrieved from /opt/airflow/dags/berlin_mss_pipeline.py
[2026-05-25T11:11:02.614+0000] {logging_mixin.py:188} INFO - [2026-05-25T11:11:02.614+0000] {dag.py:3096} INFO - Sync 1 DAGs
[2026-05-25T11:11:02.627+0000] {logging_mixin.py:188} INFO - [2026-05-25T11:11:02.627+0000] {dag.py:3954} INFO - Setting next_dagrun for berlin_social_atlas to 2026-01-01 06:00:00+00:00, run_after=2027-01-01 06:00:00+00:00
[2026-05-25T11:11:02.636+0000] {processor.py:183} INFO - Processing /opt/airflow/dags/berlin_mss_pipeline.py took 0.068 seconds
[2026-05-25T11:11:32.886+0000] {processor.py:161} INFO - Started process (PID=1163) to work on /opt/airflow/dags/berlin_mss_pipeline.py
[2026-05-25T11:11:32.887+0000] {processor.py:830} INFO - Processing file /opt/airflow/dags/berlin_mss_pipeline.py for tasks to queue
[2026-05-25T11:11:32.889+0000] {logging_mixin.py:188} INFO - [2026-05-25T11:11:32.889+0000] {dagbag.py:545} INFO - Filling up the DagBag from /opt/airflow/dags/berlin_mss_pipeline.py
[2026-05-25T11:11:32.902+0000] {processor.py:840} INFO - DAG(s) 'berlin_social_atlas' retrieved from /opt/airflow/dags/berlin_mss_pipeline.py
[2026-05-25T11:11:32.929+0000] {logging_mixin.py:188} INFO - [2026-05-25T11:11:32.929+0000] {dag.py:3096} INFO - Sync 1 DAGs
[2026-05-25T11:11:32.947+0000] {logging_mixin.py:188} INFO - [2026-05-25T11:11:32.947+0000] {dag.py:3954} INFO - Setting next_dagrun for berlin_social_atlas to 2026-01-01 06:00:00+00:00, run_after=2027-01-01 06:00:00+00:00
[2026-05-25T11:11:32.958+0000] {processor.py:183} INFO - Processing /opt/airflow/dags/berlin_mss_pipeline.py took 0.078 seconds
[2026-05-25T11:12:03.130+0000] {processor.py:161} INFO - Started process (PID=1168) to work on /opt/airflow/dags/berlin_mss_pipeline.py
[2026-05-25T11:12:03.131+0000] {processor.py:830} INFO - Processing file /opt/airflow/dags/berlin_mss_pipeline.py for tasks to queue
[2026-05-25T11:12:03.133+0000] {logging_mixin.py:188} INFO - [2026-05-25T11:12:03.132+0000] {dagbag.py:545} INFO - Filling up the DagBag from /opt/airflow/dags/berlin_mss_pipeline.py
[2026-05-25T11:12:03.146+0000] {processor.py:840} INFO - DAG(s) 'berlin_social_atlas' retrieved from /opt/airflow/dags/berlin_mss_pipeline.py
[2026-05-25T11:12:03.171+0000] {logging_mixin.py:188} INFO - [2026-05-25T11:12:03.171+0000] {dag.py:3096} INFO - Sync 1 DAGs
[2026-05-25T11:12:03.187+0000] {logging_mixin.py:188} INFO - [2026-05-25T11:12:03.186+0000] {dag.py:3954} INFO - Setting next_dagrun for berlin_social_atlas to 2026-01-01 06:00:00+00:00, run_after=2027-01-01 06:00:00+00:00
[2026-05-25T11:12:03.198+0000] {processor.py:183} INFO - Processing /opt/airflow/dags/berlin_mss_pipeline.py took 0.075 seconds
[2026-05-25T11:12:33.460+0000] {processor.py:161} INFO - Started process (PID=1173) to work on /opt/airflow/dags/berlin_mss_pipeline.py
[2026-05-25T11:12:33.461+0000] {processor.py:830} INFO - Processing file /opt/airflow/dags/berlin_mss_pipeline.py for tasks to queue
[2026-05-25T11:12:33.463+0000] {logging_mixin.py:188} INFO - [2026-05-25T11:12:33.463+0000] {dagbag.py:545} INFO - Filling up the DagBag from /opt/airflow/dags/berlin_mss_pipeline.py
[2026-05-25T11:12:33.476+0000] {processor.py:840} INFO - DAG(s) 'berlin_social_atlas' retrieved from /opt/airflow/dags/berlin_mss_pipeline.py
[2026-05-25T11:12:33.500+0000] {logging_mixin.py:188} INFO - [2026-05-25T11:12:33.500+0000] {dag.py:3096} INFO - Sync 1 DAGs
[2026-05-25T11:12:33.514+0000] {logging_mixin.py:188} INFO - [2026-05-25T11:12:33.514+0000] {dag.py:3954} INFO - Setting next_dagrun for berlin_social_atlas to 2026-01-01 06:00:00+00:00, run_after=2027-01-01 06:00:00+00:00
[2026-05-25T11:12:33.523+0000] {processor.py:183} INFO - Processing /opt/airflow/dags/berlin_mss_pipeline.py took 0.070 seconds
[2026-05-25T11:13:03.760+0000] {processor.py:161} INFO - Started process (PID=1178) to work on /opt/airflow/dags/berlin_mss_pipeline.py
[2026-05-25T11:13:03.761+0000] {processor.py:830} INFO - Processing file /opt/airflow/dags/berlin_mss_pipeline.py for tasks to queue
[2026-05-25T11:13:03.763+0000] {logging_mixin.py:188} INFO - [2026-05-25T11:13:03.763+0000] {dagbag.py:545} INFO - Filling up the DagBag from /opt/airflow/dags/berlin_mss_pipeline.py
[2026-05-25T11:13:03.776+0000] {processor.py:840} INFO - DAG(s) 'berlin_social_atlas' retrieved from /opt/airflow/dags/berlin_mss_pipeline.py
[2026-05-25T11:13:03.800+0000] {logging_mixin.py:188} INFO - [2026-05-25T11:13:03.800+0000] {dag.py:3096} INFO - Sync 1 DAGs
[2026-05-25T11:13:03.813+0000] {logging_mixin.py:188} INFO - [2026-05-25T11:13:03.813+0000] {dag.py:3954} INFO - Setting next_dagrun for berlin_social_atlas to 2026-01-01 06:00:00+00:00, run_after=2027-01-01 06:00:00+00:00
[2026-05-25T11:13:03.822+0000] {processor.py:183} INFO - Processing /opt/airflow/dags/berlin_mss_pipeline.py took 0.069 seconds
[2026-05-25T11:13:34.091+0000] {processor.py:161} INFO - Started process (PID=1183) to work on /opt/airflow/dags/berlin_mss_pipeline.py
[2026-05-25T11:13:34.092+0000] {processor.py:830} INFO - Processing file /opt/airflow/dags/berlin_mss_pipeline.py for tasks to queue
[2026-05-25T11:13:34.099+0000] {logging_mixin.py:188} INFO - [2026-05-25T11:13:34.098+0000] {dagbag.py:545} INFO - Filling up the DagBag from /opt/airflow/dags/berlin_mss_pipeline.py
[2026-05-25T11:13:34.123+0000] {processor.py:840} INFO - DAG(s) 'berlin_social_atlas' retrieved from /opt/airflow/dags/berlin_mss_pipeline.py
[2026-05-25T11:13:34.165+0000] {logging_mixin.py:188} INFO - [2026-05-25T11:13:34.165+0000] {dag.py:3096} INFO - Sync 1 DAGs
[2026-05-25T11:13:34.183+0000] {logging_mixin.py:188} INFO - [2026-05-25T11:13:34.182+0000] {dag.py:3954} INFO - Setting next_dagrun for berlin_social_atlas to 2026-01-01 06:00:00+00:00, run_after=2027-01-01 06:00:00+00:00
[2026-05-25T11:13:34.194+0000] {processor.py:183} INFO - Processing /opt/airflow/dags/berlin_mss_pipeline.py took 0.113 seconds
[2026-05-25T11:14:04.389+0000] {processor.py:161} INFO - Started process (PID=1188) to work on /opt/airflow/dags/berlin_mss_pipeline.py
[2026-05-25T11:14:04.391+0000] {processor.py:830} INFO - Processing file /opt/airflow/dags/berlin_mss_pipeline.py for tasks to queue
[2026-05-25T11:14:04.392+0000] {logging_mixin.py:188} INFO - [2026-05-25T11:14:04.392+0000] {dagbag.py:545} INFO - Filling up the DagBag from /opt/airflow/dags/berlin_mss_pipeline.py
[2026-05-25T11:14:04.404+0000] {processor.py:840} INFO - DAG(s) 'berlin_social_atlas' retrieved from /opt/airflow/dags/berlin_mss_pipeline.py
[2026-05-25T11:14:04.427+0000] {logging_mixin.py:188} INFO - [2026-05-25T11:14:04.427+0000] {dag.py:3096} INFO - Sync 1 DAGs
[2026-05-25T11:14:04.441+0000] {logging_mixin.py:188} INFO - [2026-05-25T11:14:04.440+0000] {dag.py:3954} INFO - Setting next_dagrun for berlin_social_atlas to 2026-01-01 06:00:00+00:00, run_after=2027-01-01 06:00:00+00:00
[2026-05-25T11:14:04.450+0000] {processor.py:183} INFO - Processing /opt/airflow/dags/berlin_mss_pipeline.py took 0.071 seconds
[2026-05-25T11:14:34.651+0000] {processor.py:161} INFO - Started process (PID=1193) to work on /opt/airflow/dags/berlin_mss_pipeline.py
[2026-05-25T11:14:34.651+0000] {processor.py:830} INFO - Processing file /opt/airflow/dags/berlin_mss_pipeline.py for tasks to queue
[2026-05-25T11:14:34.653+0000] {logging_mixin.py:188} INFO - [2026-05-25T11:14:34.653+0000] {dagbag.py:545} INFO - Filling up the DagBag from /opt/airflow/dags/berlin_mss_pipeline.py
[2026-05-25T11:14:34.662+0000] {processor.py:840} INFO - DAG(s) 'berlin_social_atlas' retrieved from /opt/airflow/dags/berlin_mss_pipeline.py
[2026-05-25T11:14:34.684+0000] {logging_mixin.py:188} INFO - [2026-05-25T11:14:34.684+0000] {dag.py:3096} INFO - Sync 1 DAGs
[2026-05-25T11:14:34.696+0000] {logging_mixin.py:188} INFO - [2026-05-25T11:14:34.696+0000] {dag.py:3954} INFO - Setting next_dagrun for berlin_social_atlas to 2026-01-01 06:00:00+00:00, run_after=2027-01-01 06:00:00+00:00
[2026-05-25T11:14:34.705+0000] {processor.py:183} INFO - Processing /opt/airflow/dags/berlin_mss_pipeline.py took 0.060 seconds
[2026-05-25T11:15:05.017+0000] {processor.py:161} INFO - Started process (PID=1198) to work on /opt/airflow/dags/berlin_mss_pipeline.py
[2026-05-25T11:15:05.018+0000] {processor.py:830} INFO - Processing file /opt/airflow/dags/berlin_mss_pipeline.py for tasks to queue
[2026-05-25T11:15:05.020+0000] {logging_mixin.py:188} INFO - [2026-05-25T11:15:05.019+0000] {dagbag.py:545} INFO - Filling up the DagBag from /opt/airflow/dags/berlin_mss_pipeline.py
[2026-05-25T11:15:05.031+0000] {processor.py:840} INFO - DAG(s) 'berlin_social_atlas' retrieved from /opt/airflow/dags/berlin_mss_pipeline.py
[2026-05-25T11:15:05.055+0000] {logging_mixin.py:188} INFO - [2026-05-25T11:15:05.055+0000] {dag.py:3096} INFO - Sync 1 DAGs
[2026-05-25T11:15:05.068+0000] {logging_mixin.py:188} INFO - [2026-05-25T11:15:05.068+0000] {dag.py:3954} INFO - Setting next_dagrun for berlin_social_atlas to 2026-01-01 06:00:00+00:00, run_after=2027-01-01 06:00:00+00:00
[2026-05-25T11:15:05.077+0000] {processor.py:183} INFO - Processing /opt/airflow/dags/berlin_mss_pipeline.py took 0.067 seconds
[2026-05-25T11:15:35.387+0000] {processor.py:161} INFO - Started process (PID=1203) to work on /opt/airflow/dags/berlin_mss_pipeline.py
[2026-05-25T11:15:35.389+0000] {processor.py:830} INFO - Processing file /opt/airflow/dags/berlin_mss_pipeline.py for tasks to queue
[2026-05-25T11:15:35.393+0000] {logging_mixin.py:188} INFO - [2026-05-25T11:15:35.393+0000] {dagbag.py:545} INFO - Filling up the DagBag from /opt/airflow/dags/berlin_mss_pipeline.py
[2026-05-25T11:15:35.411+0000] {processor.py:840} INFO - DAG(s) 'berlin_social_atlas' retrieved from /opt/airflow/dags/berlin_mss_pipeline.py
[2026-05-25T11:15:35.439+0000] {logging_mixin.py:188} INFO - [2026-05-25T11:15:35.439+0000] {dag.py:3096} INFO - Sync 1 DAGs
[2026-05-25T11:15:35.455+0000] {logging_mixin.py:188} INFO - [2026-05-25T11:15:35.455+0000] {dag.py:3954} INFO - Setting next_dagrun for berlin_social_atlas to 2026-01-01 06:00:00+00:00, run_after=2027-01-01 06:00:00+00:00
[2026-05-25T11:15:35.464+0000] {processor.py:183} INFO - Processing /opt/airflow/dags/berlin_mss_pipeline.py took 0.090 seconds
[2026-05-25T11:16:05.720+0000] {processor.py:161} INFO - Started process (PID=1208) to work on /opt/airflow/dags/berlin_mss_pipeline.py
[2026-05-25T11:16:05.721+0000] {processor.py:830} INFO - Processing file /opt/airflow/dags/berlin_mss_pipeline.py for tasks to queue
[2026-05-25T11:16:05.723+0000] {logging_mixin.py:188} INFO - [2026-05-25T11:16:05.723+0000] {dagbag.py:545} INFO - Filling up the DagBag from /opt/airflow/dags/berlin_mss_pipeline.py
[2026-05-25T11:16:05.737+0000] {processor.py:840} INFO - DAG(s) 'berlin_social_atlas' retrieved from /opt/airflow/dags/berlin_mss_pipeline.py
[2026-05-25T11:16:05.762+0000] {logging_mixin.py:188} INFO - [2026-05-25T11:16:05.762+0000] {dag.py:3096} INFO - Sync 1 DAGs
[2026-05-25T11:16:05.777+0000] {logging_mixin.py:188} INFO - [2026-05-25T11:16:05.777+0000] {dag.py:3954} INFO - Setting next_dagrun for berlin_social_atlas to 2026-01-01 06:00:00+00:00, run_after=2027-01-01 06:00:00+00:00
[2026-05-25T11:16:05.786+0000] {processor.py:183} INFO - Processing /opt/airflow/dags/berlin_mss_pipeline.py took 0.076 seconds
[2026-05-25T11:16:36.095+0000] {processor.py:161} INFO - Started process (PID=1213) to work on /opt/airflow/dags/berlin_mss_pipeline.py
[2026-05-25T11:16:36.097+0000] {processor.py:830} INFO - Processing file /opt/airflow/dags/berlin_mss_pipeline.py for tasks to queue
[2026-05-25T11:16:36.116+0000] {logging_mixin.py:188} INFO - [2026-05-25T11:16:36.115+0000] {dagbag.py:545} INFO - Filling up the DagBag from /opt/airflow/dags/berlin_mss_pipeline.py
[2026-05-25T11:16:36.140+0000] {processor.py:840} INFO - DAG(s) 'berlin_social_atlas' retrieved from /opt/airflow/dags/berlin_mss_pipeline.py
[2026-05-25T11:16:36.167+0000] {logging_mixin.py:188} INFO - [2026-05-25T11:16:36.166+0000] {dag.py:3096} INFO - Sync 1 DAGs
[2026-05-25T11:16:36.188+0000] {logging_mixin.py:188} INFO - [2026-05-25T11:16:36.188+0000] {dag.py:3954} INFO - Setting next_dagrun for berlin_social_atlas to 2026-01-01 06:00:00+00:00, run_after=2027-01-01 06:00:00+00:00
[2026-05-25T11:16:36.200+0000] {processor.py:183} INFO - Processing /opt/airflow/dags/berlin_mss_pipeline.py took 0.116 seconds
[2026-05-25T11:17:06.315+0000] {processor.py:161} INFO - Started process (PID=1218) to work on /opt/airflow/dags/berlin_mss_pipeline.py
[2026-05-25T11:17:06.316+0000] {processor.py:830} INFO - Processing file /opt/airflow/dags/berlin_mss_pipeline.py for tasks to queue
[2026-05-25T11:17:06.318+0000] {logging_mixin.py:188} INFO - [2026-05-25T11:17:06.318+0000] {dagbag.py:545} INFO - Filling up the DagBag from /opt/airflow/dags/berlin_mss_pipeline.py
[2026-05-25T11:17:06.332+0000] {processor.py:840} INFO - DAG(s) 'berlin_social_atlas' retrieved from /opt/airflow/dags/berlin_mss_pipeline.py
[2026-05-25T11:17:06.357+0000] {logging_mixin.py:188} INFO - [2026-05-25T11:17:06.357+0000] {dag.py:3096} INFO - Sync 1 DAGs
[2026-05-25T11:17:06.375+0000] {logging_mixin.py:188} INFO - [2026-05-25T11:17:06.375+0000] {dag.py:3954} INFO - Setting next_dagrun for berlin_social_atlas to 2026-01-01 06:00:00+00:00, run_after=2027-01-01 06:00:00+00:00
[2026-05-25T11:17:06.385+0000] {processor.py:183} INFO - Processing /opt/airflow/dags/berlin_mss_pipeline.py took 0.074 seconds
[2026-05-25T11:17:36.644+0000] {processor.py:161} INFO - Started process (PID=1223) to work on /opt/airflow/dags/berlin_mss_pipeline.py
[2026-05-25T11:17:36.645+0000] {processor.py:830} INFO - Processing file /opt/airflow/dags/berlin_mss_pipeline.py for tasks to queue
[2026-05-25T11:17:36.647+0000] {logging_mixin.py:188} INFO - [2026-05-25T11:17:36.647+0000] {dagbag.py:545} INFO - Filling up the DagBag from /opt/airflow/dags/berlin_mss_pipeline.py
[2026-05-25T11:17:36.660+0000] {processor.py:840} INFO - DAG(s) 'berlin_social_atlas' retrieved from /opt/airflow/dags/berlin_mss_pipeline.py
[2026-05-25T11:17:36.688+0000] {logging_mixin.py:188} INFO - [2026-05-25T11:17:36.688+0000] {dag.py:3096} INFO - Sync 1 DAGs
[2026-05-25T11:17:36.702+0000] {logging_mixin.py:188} INFO - [2026-05-25T11:17:36.702+0000] {dag.py:3954} INFO - Setting next_dagrun for berlin_social_atlas to 2026-01-01 06:00:00+00:00, run_after=2027-01-01 06:00:00+00:00
[2026-05-25T11:17:36.711+0000] {processor.py:183} INFO - Processing /opt/airflow/dags/berlin_mss_pipeline.py took 0.075 seconds
[2026-05-25T11:18:06.925+0000] {processor.py:161} INFO - Started process (PID=1228) to work on /opt/airflow/dags/berlin_mss_pipeline.py
[2026-05-25T11:18:06.926+0000] {processor.py:830} INFO - Processing file /opt/airflow/dags/berlin_mss_pipeline.py for tasks to queue
[2026-05-25T11:18:06.928+0000] {logging_mixin.py:188} INFO - [2026-05-25T11:18:06.928+0000] {dagbag.py:545} INFO - Filling up the DagBag from /opt/airflow/dags/berlin_mss_pipeline.py
[2026-05-25T11:18:06.939+0000] {processor.py:840} INFO - DAG(s) 'berlin_social_atlas' retrieved from /opt/airflow/dags/berlin_mss_pipeline.py
[2026-05-25T11:18:06.967+0000] {logging_mixin.py:188} INFO - [2026-05-25T11:18:06.967+0000] {dag.py:3096} INFO - Sync 1 DAGs
[2026-05-25T11:18:06.984+0000] {logging_mixin.py:188} INFO - [2026-05-25T11:18:06.984+0000] {dag.py:3954} INFO - Setting next_dagrun for berlin_social_atlas to 2026-01-01 06:00:00+00:00, run_after=2027-01-01 06:00:00+00:00
[2026-05-25T11:18:06.994+0000] {processor.py:183} INFO - Processing /opt/airflow/dags/berlin_mss_pipeline.py took 0.075 seconds
[2026-05-25T11:18:37.247+0000] {processor.py:161} INFO - Started process (PID=1233) to work on /opt/airflow/dags/berlin_mss_pipeline.py
[2026-05-25T11:18:37.249+0000] {processor.py:830} INFO - Processing file /opt/airflow/dags/berlin_mss_pipeline.py for tasks to queue
[2026-05-25T11:18:37.251+0000] {logging_mixin.py:188} INFO - [2026-05-25T11:18:37.250+0000] {dagbag.py:545} INFO - Filling up the DagBag from /opt/airflow/dags/berlin_mss_pipeline.py
[2026-05-25T11:18:37.265+0000] {processor.py:840} INFO - DAG(s) 'berlin_social_atlas' retrieved from /opt/airflow/dags/berlin_mss_pipeline.py
[2026-05-25T11:18:37.289+0000] {logging_mixin.py:188} INFO - [2026-05-25T11:18:37.289+0000] {dag.py:3096} INFO - Sync 1 DAGs
[2026-05-25T11:18:37.306+0000] {logging_mixin.py:188} INFO - [2026-05-25T11:18:37.305+0000] {dag.py:3954} INFO - Setting next_dagrun for berlin_social_atlas to 2026-01-01 06:00:00+00:00, run_after=2027-01-01 06:00:00+00:00
[2026-05-25T11:18:37.316+0000] {processor.py:183} INFO - Processing /opt/airflow/dags/berlin_mss_pipeline.py took 0.075 seconds
[2026-05-25T11:19:07.628+0000] {processor.py:161} INFO - Started process (PID=1238) to work on /opt/airflow/dags/berlin_mss_pipeline.py
[2026-05-25T11:19:07.630+0000] {processor.py:830} INFO - Processing file /opt/airflow/dags/berlin_mss_pipeline.py for tasks to queue
[2026-05-25T11:19:07.633+0000] {logging_mixin.py:188} INFO - [2026-05-25T11:19:07.633+0000] {dagbag.py:545} INFO - Filling up the DagBag from /opt/airflow/dags/berlin_mss_pipeline.py
[2026-05-25T11:19:07.652+0000] {processor.py:840} INFO - DAG(s) 'berlin_social_atlas' retrieved from /opt/airflow/dags/berlin_mss_pipeline.py
[2026-05-25T11:19:07.678+0000] {logging_mixin.py:188} INFO - [2026-05-25T11:19:07.678+0000] {dag.py:3096} INFO - Sync 1 DAGs
[2026-05-25T11:19:07.692+0000] {logging_mixin.py:188} INFO - [2026-05-25T11:19:07.692+0000] {dag.py:3954} INFO - Setting next_dagrun for berlin_social_atlas to 2026-01-01 06:00:00+00:00, run_after=2027-01-01 06:00:00+00:00
[2026-05-25T11:19:07.701+0000] {processor.py:183} INFO - Processing /opt/airflow/dags/berlin_mss_pipeline.py took 0.082 seconds
[2026-05-25T11:24:21.635+0000] {processor.py:161} INFO - Started process (PID=1243) to work on /opt/airflow/dags/berlin_mss_pipeline.py
[2026-05-25T11:24:21.636+0000] {processor.py:830} INFO - Processing file /opt/airflow/dags/berlin_mss_pipeline.py for tasks to queue
[2026-05-25T11:24:21.638+0000] {logging_mixin.py:188} INFO - [2026-05-25T11:24:21.637+0000] {dagbag.py:545} INFO - Filling up the DagBag from /opt/airflow/dags/berlin_mss_pipeline.py
[2026-05-25T11:24:21.649+0000] {processor.py:840} INFO - DAG(s) 'berlin_social_atlas' retrieved from /opt/airflow/dags/berlin_mss_pipeline.py
[2026-05-25T11:24:21.671+0000] {logging_mixin.py:188} INFO - [2026-05-25T11:24:21.671+0000] {dag.py:3096} INFO - Sync 1 DAGs
[2026-05-25T11:24:21.684+0000] {logging_mixin.py:188} INFO - [2026-05-25T11:24:21.683+0000] {dag.py:3954} INFO - Setting next_dagrun for berlin_social_atlas to 2026-01-01 06:00:00+00:00, run_after=2027-01-01 06:00:00+00:00
[2026-05-25T11:24:21.692+0000] {processor.py:183} INFO - Processing /opt/airflow/dags/berlin_mss_pipeline.py took 0.062 seconds
[2026-05-25T11:40:51.692+0000] {processor.py:161} INFO - Started process (PID=1248) to work on /opt/airflow/dags/berlin_mss_pipeline.py
[2026-05-25T11:40:51.693+0000] {processor.py:830} INFO - Processing file /opt/airflow/dags/berlin_mss_pipeline.py for tasks to queue
[2026-05-25T11:40:51.694+0000] {logging_mixin.py:188} INFO - [2026-05-25T11:40:51.694+0000] {dagbag.py:545} INFO - Filling up the DagBag from /opt/airflow/dags/berlin_mss_pipeline.py
[2026-05-25T11:40:51.704+0000] {processor.py:840} INFO - DAG(s) 'berlin_social_atlas' retrieved from /opt/airflow/dags/berlin_mss_pipeline.py
[2026-05-25T11:40:51.724+0000] {logging_mixin.py:188} INFO - [2026-05-25T11:40:51.724+0000] {dag.py:3096} INFO - Sync 1 DAGs
[2026-05-25T11:40:51.736+0000] {logging_mixin.py:188} INFO - [2026-05-25T11:40:51.736+0000] {dag.py:3954} INFO - Setting next_dagrun for berlin_social_atlas to 2026-01-01 06:00:00+00:00, run_after=2027-01-01 06:00:00+00:00
[2026-05-25T11:40:51.744+0000] {processor.py:183} INFO - Processing /opt/airflow/dags/berlin_mss_pipeline.py took 0.058 seconds
[2026-05-25T11:41:22.090+0000] {processor.py:161} INFO - Started process (PID=1253) to work on /opt/airflow/dags/berlin_mss_pipeline.py
[2026-05-25T11:41:22.092+0000] {processor.py:830} INFO - Processing file /opt/airflow/dags/berlin_mss_pipeline.py for tasks to queue
[2026-05-25T11:41:22.094+0000] {logging_mixin.py:188} INFO - [2026-05-25T11:41:22.093+0000] {dagbag.py:545} INFO - Filling up the DagBag from /opt/airflow/dags/berlin_mss_pipeline.py
[2026-05-25T11:41:22.106+0000] {processor.py:840} INFO - DAG(s) 'berlin_social_atlas' retrieved from /opt/airflow/dags/berlin_mss_pipeline.py
[2026-05-25T11:41:22.131+0000] {logging_mixin.py:188} INFO - [2026-05-25T11:41:22.131+0000] {dag.py:3096} INFO - Sync 1 DAGs
[2026-05-25T11:41:22.146+0000] {logging_mixin.py:188} INFO - [2026-05-25T11:41:22.146+0000] {dag.py:3954} INFO - Setting next_dagrun for berlin_social_atlas to 2026-01-01 06:00:00+00:00, run_after=2027-01-01 06:00:00+00:00
[2026-05-25T11:41:22.154+0000] {processor.py:183} INFO - Processing /opt/airflow/dags/berlin_mss_pipeline.py took 0.070 seconds
[2026-05-25T11:41:52.383+0000] {processor.py:161} INFO - Started process (PID=1258) to work on /opt/airflow/dags/berlin_mss_pipeline.py
[2026-05-25T11:41:52.386+0000] {processor.py:830} INFO - Processing file /opt/airflow/dags/berlin_mss_pipeline.py for tasks to queue
[2026-05-25T11:41:52.388+0000] {logging_mixin.py:188} INFO - [2026-05-25T11:41:52.387+0000] {dagbag.py:545} INFO - Filling up the DagBag from /opt/airflow/dags/berlin_mss_pipeline.py
[2026-05-25T11:41:52.399+0000] {processor.py:840} INFO - DAG(s) 'berlin_social_atlas' retrieved from /opt/airflow/dags/berlin_mss_pipeline.py
[2026-05-25T11:41:52.427+0000] {logging_mixin.py:188} INFO - [2026-05-25T11:41:52.426+0000] {dag.py:3096} INFO - Sync 1 DAGs
[2026-05-25T11:41:52.440+0000] {logging_mixin.py:188} INFO - [2026-05-25T11:41:52.440+0000] {dag.py:3954} INFO - Setting next_dagrun for berlin_social_atlas to 2026-01-01 06:00:00+00:00, run_after=2027-01-01 06:00:00+00:00
[2026-05-25T11:41:52.448+0000] {processor.py:183} INFO - Processing /opt/airflow/dags/berlin_mss_pipeline.py took 0.072 seconds
[2026-05-25T11:42:22.700+0000] {processor.py:161} INFO - Started process (PID=1263) to work on /opt/airflow/dags/berlin_mss_pipeline.py
[2026-05-25T11:42:22.701+0000] {processor.py:830} INFO - Processing file /opt/airflow/dags/berlin_mss_pipeline.py for tasks to queue
[2026-05-25T11:42:22.702+0000] {logging_mixin.py:188} INFO - [2026-05-25T11:42:22.702+0000] {dagbag.py:545} INFO - Filling up the DagBag from /opt/airflow/dags/berlin_mss_pipeline.py
[2026-05-25T11:42:22.712+0000] {processor.py:840} INFO - DAG(s) 'berlin_social_atlas' retrieved from /opt/airflow/dags/berlin_mss_pipeline.py
[2026-05-25T11:42:22.730+0000] {logging_mixin.py:188} INFO - [2026-05-25T11:42:22.730+0000] {dag.py:3096} INFO - Sync 1 DAGs
[2026-05-25T11:42:22.742+0000] {logging_mixin.py:188} INFO - [2026-05-25T11:42:22.742+0000] {dag.py:3954} INFO - Setting next_dagrun for berlin_social_atlas to 2026-01-01 06:00:00+00:00, run_after=2027-01-01 06:00:00+00:00
[2026-05-25T11:42:22.750+0000] {processor.py:183} INFO - Processing /opt/airflow/dags/berlin_mss_pipeline.py took 0.054 seconds
[2026-05-25T11:42:53.134+0000] {processor.py:161} INFO - Started process (PID=1268) to work on /opt/airflow/dags/berlin_mss_pipeline.py
[2026-05-25T11:42:53.135+0000] {processor.py:830} INFO - Processing file /opt/airflow/dags/berlin_mss_pipeline.py for tasks to queue
[2026-05-25T11:42:53.137+0000] {logging_mixin.py:188} INFO - [2026-05-25T11:42:53.137+0000] {dagbag.py:545} INFO - Filling up the DagBag from /opt/airflow/dags/berlin_mss_pipeline.py
[2026-05-25T11:42:53.148+0000] {processor.py:840} INFO - DAG(s) 'berlin_social_atlas' retrieved from /opt/airflow/dags/berlin_mss_pipeline.py
[2026-05-25T11:42:53.172+0000] {logging_mixin.py:188} INFO - [2026-05-25T11:42:53.172+0000] {dag.py:3096} INFO - Sync 1 DAGs
[2026-05-25T11:42:53.186+0000] {logging_mixin.py:188} INFO - [2026-05-25T11:42:53.186+0000] {dag.py:3954} INFO - Setting next_dagrun for berlin_social_atlas to 2026-01-01 06:00:00+00:00, run_after=2027-01-01 06:00:00+00:00
[2026-05-25T11:42:53.194+0000] {processor.py:183} INFO - Processing /opt/airflow/dags/berlin_mss_pipeline.py took 0.066 seconds
[2026-05-25T11:43:23.501+0000] {processor.py:161} INFO - Started process (PID=1273) to work on /opt/airflow/dags/berlin_mss_pipeline.py
[2026-05-25T11:43:23.502+0000] {processor.py:830} INFO - Processing file /opt/airflow/dags/berlin_mss_pipeline.py for tasks to queue
[2026-05-25T11:43:23.504+0000] {logging_mixin.py:188} INFO - [2026-05-25T11:43:23.504+0000] {dagbag.py:545} INFO - Filling up the DagBag from /opt/airflow/dags/berlin_mss_pipeline.py
[2026-05-25T11:43:23.516+0000] {processor.py:840} INFO - DAG(s) 'berlin_social_atlas' retrieved from /opt/airflow/dags/berlin_mss_pipeline.py
[2026-05-25T11:43:23.540+0000] {logging_mixin.py:188} INFO - [2026-05-25T11:43:23.540+0000] {dag.py:3096} INFO - Sync 1 DAGs
[2026-05-25T11:43:23.553+0000] {logging_mixin.py:188} INFO - [2026-05-25T11:43:23.553+0000] {dag.py:3954} INFO - Setting next_dagrun for berlin_social_atlas to 2026-01-01 06:00:00+00:00, run_after=2027-01-01 06:00:00+00:00
[2026-05-25T11:43:23.562+0000] {processor.py:183} INFO - Processing /opt/airflow/dags/berlin_mss_pipeline.py took 0.067 seconds
[2026-05-25T12:32:43.355+0000] {processor.py:161} INFO - Started process (PID=1278) to work on /opt/airflow/dags/berlin_mss_pipeline.py
[2026-05-25T12:32:43.356+0000] {processor.py:830} INFO - Processing file /opt/airflow/dags/berlin_mss_pipeline.py for tasks to queue
[2026-05-25T12:32:43.359+0000] {logging_mixin.py:188} INFO - [2026-05-25T12:32:43.358+0000] {dagbag.py:545} INFO - Filling up the DagBag from /opt/airflow/dags/berlin_mss_pipeline.py
[2026-05-25T12:32:43.380+0000] {processor.py:840} INFO - DAG(s) 'berlin_social_atlas' retrieved from /opt/airflow/dags/berlin_mss_pipeline.py
[2026-05-25T12:32:43.406+0000] {logging_mixin.py:188} INFO - [2026-05-25T12:32:43.406+0000] {dag.py:3096} INFO - Sync 1 DAGs
[2026-05-25T12:32:43.422+0000] {logging_mixin.py:188} INFO - [2026-05-25T12:32:43.421+0000] {dag.py:3954} INFO - Setting next_dagrun for berlin_social_atlas to 2026-01-01 06:00:00+00:00, run_after=2027-01-01 06:00:00+00:00
[2026-05-25T12:32:43.430+0000] {processor.py:183} INFO - Processing /opt/airflow/dags/berlin_mss_pipeline.py took 0.083 seconds
[2026-05-25T12:34:29.756+0000] {processor.py:161} INFO - Started process (PID=1283) to work on /opt/airflow/dags/berlin_mss_pipeline.py
[2026-05-25T12:34:29.758+0000] {processor.py:830} INFO - Processing file /opt/airflow/dags/berlin_mss_pipeline.py for tasks to queue
[2026-05-25T12:34:29.760+0000] {logging_mixin.py:188} INFO - [2026-05-25T12:34:29.759+0000] {dagbag.py:545} INFO - Filling up the DagBag from /opt/airflow/dags/berlin_mss_pipeline.py
[2026-05-25T12:34:29.773+0000] {processor.py:840} INFO - DAG(s) 'berlin_social_atlas' retrieved from /opt/airflow/dags/berlin_mss_pipeline.py
[2026-05-25T12:34:29.796+0000] {logging_mixin.py:188} INFO - [2026-05-25T12:34:29.796+0000] {dag.py:3096} INFO - Sync 1 DAGs
[2026-05-25T12:34:29.812+0000] {logging_mixin.py:188} INFO - [2026-05-25T12:34:29.812+0000] {dag.py:3954} INFO - Setting next_dagrun for berlin_social_atlas to 2026-01-01 06:00:00+00:00, run_after=2027-01-01 06:00:00+00:00
[2026-05-25T12:34:29.822+0000] {processor.py:183} INFO - Processing /opt/airflow/dags/berlin_mss_pipeline.py took 0.072 seconds
[2026-05-25T12:46:50.928+0000] {processor.py:161} INFO - Started process (PID=1288) to work on /opt/airflow/dags/berlin_mss_pipeline.py
[2026-05-25T12:46:50.930+0000] {processor.py:830} INFO - Processing file /opt/airflow/dags/berlin_mss_pipeline.py for tasks to queue
[2026-05-25T12:46:50.932+0000] {logging_mixin.py:188} INFO - [2026-05-25T12:46:50.932+0000] {dagbag.py:545} INFO - Filling up the DagBag from /opt/airflow/dags/berlin_mss_pipeline.py
[2026-05-25T12:46:50.949+0000] {processor.py:840} INFO - DAG(s) 'berlin_social_atlas' retrieved from /opt/airflow/dags/berlin_mss_pipeline.py
[2026-05-25T12:46:50.973+0000] {logging_mixin.py:188} INFO - [2026-05-25T12:46:50.973+0000] {dag.py:3096} INFO - Sync 1 DAGs
[2026-05-25T12:46:50.986+0000] {logging_mixin.py:188} INFO - [2026-05-25T12:46:50.985+0000] {dag.py:3954} INFO - Setting next_dagrun for berlin_social_atlas to 2026-01-01 06:00:00+00:00, run_after=2027-01-01 06:00:00+00:00
[2026-05-25T12:46:50.995+0000] {processor.py:183} INFO - Processing /opt/airflow/dags/berlin_mss_pipeline.py took 0.075 seconds
[2026-05-25T13:01:04.017+0000] {processor.py:161} INFO - Started process (PID=1293) to work on /opt/airflow/dags/berlin_mss_pipeline.py
[2026-05-25T13:01:04.018+0000] {processor.py:830} INFO - Processing file /opt/airflow/dags/berlin_mss_pipeline.py for tasks to queue
[2026-05-25T13:01:04.020+0000] {logging_mixin.py:188} INFO - [2026-05-25T13:01:04.020+0000] {dagbag.py:545} INFO - Filling up the DagBag from /opt/airflow/dags/berlin_mss_pipeline.py
[2026-05-25T13:01:04.032+0000] {processor.py:840} INFO - DAG(s) 'berlin_social_atlas' retrieved from /opt/airflow/dags/berlin_mss_pipeline.py
[2026-05-25T13:01:04.060+0000] {logging_mixin.py:188} INFO - [2026-05-25T13:01:04.060+0000] {dag.py:3096} INFO - Sync 1 DAGs
[2026-05-25T13:01:04.072+0000] {logging_mixin.py:188} INFO - [2026-05-25T13:01:04.072+0000] {dag.py:3954} INFO - Setting next_dagrun for berlin_social_atlas to 2026-01-01 06:00:00+00:00, run_after=2027-01-01 06:00:00+00:00
[2026-05-25T13:01:04.080+0000] {processor.py:183} INFO - Processing /opt/airflow/dags/berlin_mss_pipeline.py took 0.069 seconds
[2026-05-25T13:54:36.306+0000] {processor.py:161} INFO - Started process (PID=1298) to work on /opt/airflow/dags/berlin_mss_pipeline.py
[2026-05-25T13:54:36.306+0000] {processor.py:830} INFO - Processing file /opt/airflow/dags/berlin_mss_pipeline.py for tasks to queue
[2026-05-25T13:54:36.310+0000] {logging_mixin.py:188} INFO - [2026-05-25T13:54:36.309+0000] {dagbag.py:545} INFO - Filling up the DagBag from /opt/airflow/dags/berlin_mss_pipeline.py
[2026-05-25T13:54:36.327+0000] {processor.py:840} INFO - DAG(s) 'berlin_social_atlas' retrieved from /opt/airflow/dags/berlin_mss_pipeline.py
[2026-05-25T13:54:36.348+0000] {logging_mixin.py:188} INFO - [2026-05-25T13:54:36.348+0000] {dag.py:3096} INFO - Sync 1 DAGs
[2026-05-25T13:54:36.363+0000] {logging_mixin.py:188} INFO - [2026-05-25T13:54:36.363+0000] {dag.py:3954} INFO - Setting next_dagrun for berlin_social_atlas to 2026-01-01 06:00:00+00:00, run_after=2027-01-01 06:00:00+00:00
[2026-05-25T13:54:36.371+0000] {processor.py:183} INFO - Processing /opt/airflow/dags/berlin_mss_pipeline.py took 0.072 seconds
[2026-05-25T14:12:28.391+0000] {processor.py:161} INFO - Started process (PID=1303) to work on /opt/airflow/dags/berlin_mss_pipeline.py
[2026-05-25T14:12:28.392+0000] {processor.py:830} INFO - Processing file /opt/airflow/dags/berlin_mss_pipeline.py for tasks to queue
[2026-05-25T14:12:28.393+0000] {logging_mixin.py:188} INFO - [2026-05-25T14:12:28.393+0000] {dagbag.py:545} INFO - Filling up the DagBag from /opt/airflow/dags/berlin_mss_pipeline.py
[2026-05-25T14:12:28.404+0000] {processor.py:840} INFO - DAG(s) 'berlin_social_atlas' retrieved from /opt/airflow/dags/berlin_mss_pipeline.py
[2026-05-25T14:12:28.426+0000] {logging_mixin.py:188} INFO - [2026-05-25T14:12:28.426+0000] {dag.py:3096} INFO - Sync 1 DAGs
[2026-05-25T14:12:28.437+0000] {logging_mixin.py:188} INFO - [2026-05-25T14:12:28.437+0000] {dag.py:3954} INFO - Setting next_dagrun for berlin_social_atlas to 2026-01-01 06:00:00+00:00, run_after=2027-01-01 06:00:00+00:00
[2026-05-25T14:12:28.446+0000] {processor.py:183} INFO - Processing /opt/airflow/dags/berlin_mss_pipeline.py took 0.060 seconds
[2026-05-25T15:19:55.364+0000] {processor.py:161} INFO - Started process (PID=1308) to work on /opt/airflow/dags/berlin_mss_pipeline.py
[2026-05-25T15:19:55.365+0000] {processor.py:830} INFO - Processing file /opt/airflow/dags/berlin_mss_pipeline.py for tasks to queue
[2026-05-25T15:19:55.366+0000] {logging_mixin.py:188} INFO - [2026-05-25T15:19:55.366+0000] {dagbag.py:545} INFO - Filling up the DagBag from /opt/airflow/dags/berlin_mss_pipeline.py
[2026-05-25T15:19:55.373+0000] {processor.py:840} INFO - DAG(s) 'berlin_social_atlas' retrieved from /opt/airflow/dags/berlin_mss_pipeline.py
[2026-05-25T15:19:55.389+0000] {logging_mixin.py:188} INFO - [2026-05-25T15:19:55.389+0000] {dag.py:3096} INFO - Sync 1 DAGs
[2026-05-25T15:19:55.399+0000] {logging_mixin.py:188} INFO - [2026-05-25T15:19:55.399+0000] {dag.py:3954} INFO - Setting next_dagrun for berlin_social_atlas to 2026-01-01 06:00:00+00:00, run_after=2027-01-01 06:00:00+00:00
[2026-05-25T15:19:55.409+0000] {processor.py:183} INFO - Processing /opt/airflow/dags/berlin_mss_pipeline.py took 0.048 seconds
[2026-05-25T15:20:25.971+0000] {processor.py:161} INFO - Started process (PID=1313) to work on /opt/airflow/dags/berlin_mss_pipeline.py
[2026-05-25T15:20:25.974+0000] {processor.py:830} INFO - Processing file /opt/airflow/dags/berlin_mss_pipeline.py for tasks to queue
[2026-05-25T15:20:25.978+0000] {logging_mixin.py:188} INFO - [2026-05-25T15:20:25.977+0000] {dagbag.py:545} INFO - Filling up the DagBag from /opt/airflow/dags/berlin_mss_pipeline.py
[2026-05-25T15:20:25.997+0000] {processor.py:840} INFO - DAG(s) 'berlin_social_atlas' retrieved from /opt/airflow/dags/berlin_mss_pipeline.py
[2026-05-25T15:20:26.025+0000] {logging_mixin.py:188} INFO - [2026-05-25T15:20:26.025+0000] {dag.py:3096} INFO - Sync 1 DAGs
[2026-05-25T15:20:26.039+0000] {logging_mixin.py:188} INFO - [2026-05-25T15:20:26.039+0000] {dag.py:3954} INFO - Setting next_dagrun for berlin_social_atlas to 2026-01-01 06:00:00+00:00, run_after=2027-01-01 06:00:00+00:00
[2026-05-25T15:20:26.048+0000] {processor.py:183} INFO - Processing /opt/airflow/dags/berlin_mss_pipeline.py took 0.092 seconds
[2026-05-25T15:48:47.451+0000] {processor.py:161} INFO - Started process (PID=1318) to work on /opt/airflow/dags/berlin_mss_pipeline.py
[2026-05-25T15:48:47.452+0000] {processor.py:830} INFO - Processing file /opt/airflow/dags/berlin_mss_pipeline.py for tasks to queue
[2026-05-25T15:48:47.454+0000] {logging_mixin.py:188} INFO - [2026-05-25T15:48:47.454+0000] {dagbag.py:545} INFO - Filling up the DagBag from /opt/airflow/dags/berlin_mss_pipeline.py
[2026-05-25T15:48:47.470+0000] {processor.py:840} INFO - DAG(s) 'berlin_social_atlas' retrieved from /opt/airflow/dags/berlin_mss_pipeline.py
[2026-05-25T15:48:47.498+0000] {logging_mixin.py:188} INFO - [2026-05-25T15:48:47.498+0000] {dag.py:3096} INFO - Sync 1 DAGs
[2026-05-25T15:48:47.513+0000] {logging_mixin.py:188} INFO - [2026-05-25T15:48:47.513+0000] {dag.py:3954} INFO - Setting next_dagrun for berlin_social_atlas to 2026-01-01 06:00:00+00:00, run_after=2027-01-01 06:00:00+00:00
[2026-05-25T15:48:47.522+0000] {processor.py:183} INFO - Processing /opt/airflow/dags/berlin_mss_pipeline.py took 0.079 seconds
[2026-05-25T15:49:17.809+0000] {processor.py:161} INFO - Started process (PID=1323) to work on /opt/airflow/dags/berlin_mss_pipeline.py
[2026-05-25T15:49:17.811+0000] {processor.py:830} INFO - Processing file /opt/airflow/dags/berlin_mss_pipeline.py for tasks to queue
[2026-05-25T15:49:17.814+0000] {logging_mixin.py:188} INFO - [2026-05-25T15:49:17.813+0000] {dagbag.py:545} INFO - Filling up the DagBag from /opt/airflow/dags/berlin_mss_pipeline.py
[2026-05-25T15:49:17.836+0000] {processor.py:840} INFO - DAG(s) 'berlin_social_atlas' retrieved from /opt/airflow/dags/berlin_mss_pipeline.py
[2026-05-25T15:49:17.869+0000] {logging_mixin.py:188} INFO - [2026-05-25T15:49:17.868+0000] {dag.py:3096} INFO - Sync 1 DAGs
[2026-05-25T15:49:17.884+0000] {logging_mixin.py:188} INFO - [2026-05-25T15:49:17.884+0000] {dag.py:3954} INFO - Setting next_dagrun for berlin_social_atlas to 2026-01-01 06:00:00+00:00, run_after=2027-01-01 06:00:00+00:00
[2026-05-25T15:49:17.894+0000] {processor.py:183} INFO - Processing /opt/airflow/dags/berlin_mss_pipeline.py took 0.100 seconds
[2026-05-25T15:49:48.134+0000] {processor.py:161} INFO - Started process (PID=1328) to work on /opt/airflow/dags/berlin_mss_pipeline.py
[2026-05-25T15:49:48.135+0000] {processor.py:830} INFO - Processing file /opt/airflow/dags/berlin_mss_pipeline.py for tasks to queue
[2026-05-25T15:49:48.137+0000] {logging_mixin.py:188} INFO - [2026-05-25T15:49:48.137+0000] {dagbag.py:545} INFO - Filling up the DagBag from /opt/airflow/dags/berlin_mss_pipeline.py
[2026-05-25T15:49:48.152+0000] {processor.py:840} INFO - DAG(s) 'berlin_social_atlas' retrieved from /opt/airflow/dags/berlin_mss_pipeline.py
[2026-05-25T15:49:48.177+0000] {logging_mixin.py:188} INFO - [2026-05-25T15:49:48.177+0000] {dag.py:3096} INFO - Sync 1 DAGs
[2026-05-25T15:49:48.191+0000] {logging_mixin.py:188} INFO - [2026-05-25T15:49:48.191+0000] {dag.py:3954} INFO - Setting next_dagrun for berlin_social_atlas to 2026-01-01 06:00:00+00:00, run_after=2027-01-01 06:00:00+00:00
[2026-05-25T15:49:48.200+0000] {processor.py:183} INFO - Processing /opt/airflow/dags/berlin_mss_pipeline.py took 0.074 seconds
[2026-05-25T15:50:18.515+0000] {processor.py:161} INFO - Started process (PID=1333) to work on /opt/airflow/dags/berlin_mss_pipeline.py
[2026-05-25T15:50:18.516+0000] {processor.py:830} INFO - Processing file /opt/airflow/dags/berlin_mss_pipeline.py for tasks to queue
[2026-05-25T15:50:18.520+0000] {logging_mixin.py:188} INFO - [2026-05-25T15:50:18.519+0000] {dagbag.py:545} INFO - Filling up the DagBag from /opt/airflow/dags/berlin_mss_pipeline.py
[2026-05-25T15:50:18.541+0000] {processor.py:840} INFO - DAG(s) 'berlin_social_atlas' retrieved from /opt/airflow/dags/berlin_mss_pipeline.py
[2026-05-25T15:50:18.569+0000] {logging_mixin.py:188} INFO - [2026-05-25T15:50:18.569+0000] {dag.py:3096} INFO - Sync 1 DAGs
[2026-05-25T15:50:18.584+0000] {logging_mixin.py:188} INFO - [2026-05-25T15:50:18.583+0000] {dag.py:3954} INFO - Setting next_dagrun for berlin_social_atlas to 2026-01-01 06:00:00+00:00, run_after=2027-01-01 06:00:00+00:00
[2026-05-25T15:50:18.593+0000] {processor.py:183} INFO - Processing /opt/airflow/dags/berlin_mss_pipeline.py took 0.089 seconds
[2026-05-25T15:50:48.809+0000] {processor.py:161} INFO - Started process (PID=1338) to work on /opt/airflow/dags/berlin_mss_pipeline.py
[2026-05-25T15:50:48.811+0000] {processor.py:830} INFO - Processing file /opt/airflow/dags/berlin_mss_pipeline.py for tasks to queue
[2026-05-25T15:50:48.813+0000] {logging_mixin.py:188} INFO - [2026-05-25T15:50:48.812+0000] {dagbag.py:545} INFO - Filling up the DagBag from /opt/airflow/dags/berlin_mss_pipeline.py
[2026-05-25T15:50:48.825+0000] {processor.py:840} INFO - DAG(s) 'berlin_social_atlas' retrieved from /opt/airflow/dags/berlin_mss_pipeline.py
[2026-05-25T15:50:48.848+0000] {logging_mixin.py:188} INFO - [2026-05-25T15:50:48.848+0000] {dag.py:3096} INFO - Sync 1 DAGs
[2026-05-25T15:50:48.861+0000] {logging_mixin.py:188} INFO - [2026-05-25T15:50:48.861+0000] {dag.py:3954} INFO - Setting next_dagrun for berlin_social_atlas to 2026-01-01 06:00:00+00:00, run_after=2027-01-01 06:00:00+00:00
[2026-05-25T15:50:48.870+0000] {processor.py:183} INFO - Processing /opt/airflow/dags/berlin_mss_pipeline.py took 0.069 seconds
[2026-05-25T15:51:19.148+0000] {processor.py:161} INFO - Started process (PID=1343) to work on /opt/airflow/dags/berlin_mss_pipeline.py
[2026-05-25T15:51:19.150+0000] {processor.py:830} INFO - Processing file /opt/airflow/dags/berlin_mss_pipeline.py for tasks to queue
[2026-05-25T15:51:19.152+0000] {logging_mixin.py:188} INFO - [2026-05-25T15:51:19.151+0000] {dagbag.py:545} INFO - Filling up the DagBag from /opt/airflow/dags/berlin_mss_pipeline.py
[2026-05-25T15:51:19.163+0000] {processor.py:840} INFO - DAG(s) 'berlin_social_atlas' retrieved from /opt/airflow/dags/berlin_mss_pipeline.py
[2026-05-25T15:51:19.188+0000] {logging_mixin.py:188} INFO - [2026-05-25T15:51:19.188+0000] {dag.py:3096} INFO - Sync 1 DAGs
[2026-05-25T15:51:19.201+0000] {logging_mixin.py:188} INFO - [2026-05-25T15:51:19.201+0000] {dag.py:3954} INFO - Setting next_dagrun for berlin_social_atlas to 2026-01-01 06:00:00+00:00, run_after=2027-01-01 06:00:00+00:00
[2026-05-25T15:51:19.210+0000] {processor.py:183} INFO - Processing /opt/airflow/dags/berlin_mss_pipeline.py took 0.069 seconds
[2026-05-25T15:51:49.483+0000] {processor.py:161} INFO - Started process (PID=1348) to work on /opt/airflow/dags/berlin_mss_pipeline.py
[2026-05-25T15:51:49.485+0000] {processor.py:830} INFO - Processing file /opt/airflow/dags/berlin_mss_pipeline.py for tasks to queue
[2026-05-25T15:51:49.488+0000] {logging_mixin.py:188} INFO - [2026-05-25T15:51:49.487+0000] {dagbag.py:545} INFO - Filling up the DagBag from /opt/airflow/dags/berlin_mss_pipeline.py
[2026-05-25T15:51:49.504+0000] {processor.py:840} INFO - DAG(s) 'berlin_social_atlas' retrieved from /opt/airflow/dags/berlin_mss_pipeline.py
[2026-05-25T15:51:49.529+0000] {logging_mixin.py:188} INFO - [2026-05-25T15:51:49.529+0000] {dag.py:3096} INFO - Sync 1 DAGs
[2026-05-25T15:51:49.544+0000] {logging_mixin.py:188} INFO - [2026-05-25T15:51:49.544+0000] {dag.py:3954} INFO - Setting next_dagrun for berlin_social_atlas to 2026-01-01 06:00:00+00:00, run_after=2027-01-01 06:00:00+00:00
[2026-05-25T15:51:49.553+0000] {processor.py:183} INFO - Processing /opt/airflow/dags/berlin_mss_pipeline.py took 0.083 seconds
[2026-05-25T15:52:19.762+0000] {processor.py:161} INFO - Started process (PID=1353) to work on /opt/airflow/dags/berlin_mss_pipeline.py
[2026-05-25T15:52:19.764+0000] {processor.py:830} INFO - Processing file /opt/airflow/dags/berlin_mss_pipeline.py for tasks to queue
[2026-05-25T15:52:19.766+0000] {logging_mixin.py:188} INFO - [2026-05-25T15:52:19.766+0000] {dagbag.py:545} INFO - Filling up the DagBag from /opt/airflow/dags/berlin_mss_pipeline.py
[2026-05-25T15:52:19.782+0000] {processor.py:840} INFO - DAG(s) 'berlin_social_atlas' retrieved from /opt/airflow/dags/berlin_mss_pipeline.py
[2026-05-25T15:52:19.810+0000] {logging_mixin.py:188} INFO - [2026-05-25T15:52:19.810+0000] {dag.py:3096} INFO - Sync 1 DAGs
[2026-05-25T15:52:19.827+0000] {logging_mixin.py:188} INFO - [2026-05-25T15:52:19.827+0000] {dag.py:3954} INFO - Setting next_dagrun for berlin_social_atlas to 2026-01-01 06:00:00+00:00, run_after=2027-01-01 06:00:00+00:00
[2026-05-25T15:52:19.837+0000] {processor.py:183} INFO - Processing /opt/airflow/dags/berlin_mss_pipeline.py took 0.081 seconds
[2026-05-25T15:52:50.126+0000] {processor.py:161} INFO - Started process (PID=1358) to work on /opt/airflow/dags/berlin_mss_pipeline.py
[2026-05-25T15:52:50.127+0000] {processor.py:830} INFO - Processing file /opt/airflow/dags/berlin_mss_pipeline.py for tasks to queue
[2026-05-25T15:52:50.129+0000] {logging_mixin.py:188} INFO - [2026-05-25T15:52:50.129+0000] {dagbag.py:545} INFO - Filling up the DagBag from /opt/airflow/dags/berlin_mss_pipeline.py
[2026-05-25T15:52:50.140+0000] {processor.py:840} INFO - DAG(s) 'berlin_social_atlas' retrieved from /opt/airflow/dags/berlin_mss_pipeline.py
[2026-05-25T15:52:50.164+0000] {logging_mixin.py:188} INFO - [2026-05-25T15:52:50.163+0000] {dag.py:3096} INFO - Sync 1 DAGs
[2026-05-25T15:52:50.176+0000] {logging_mixin.py:188} INFO - [2026-05-25T15:52:50.176+0000] {dag.py:3954} INFO - Setting next_dagrun for berlin_social_atlas to 2026-01-01 06:00:00+00:00, run_after=2027-01-01 06:00:00+00:00
[2026-05-25T15:52:50.185+0000] {processor.py:183} INFO - Processing /opt/airflow/dags/berlin_mss_pipeline.py took 0.065 seconds
[2026-05-25T15:53:20.407+0000] {processor.py:161} INFO - Started process (PID=1363) to work on /opt/airflow/dags/berlin_mss_pipeline.py
[2026-05-25T15:53:20.409+0000] {processor.py:830} INFO - Processing file /opt/airflow/dags/berlin_mss_pipeline.py for tasks to queue
[2026-05-25T15:53:20.410+0000] {logging_mixin.py:188} INFO - [2026-05-25T15:53:20.410+0000] {dagbag.py:545} INFO - Filling up the DagBag from /opt/airflow/dags/berlin_mss_pipeline.py
[2026-05-25T15:53:20.422+0000] {processor.py:840} INFO - DAG(s) 'berlin_social_atlas' retrieved from /opt/airflow/dags/berlin_mss_pipeline.py
[2026-05-25T15:53:20.446+0000] {logging_mixin.py:188} INFO - [2026-05-25T15:53:20.445+0000] {dag.py:3096} INFO - Sync 1 DAGs
[2026-05-25T15:53:20.459+0000] {logging_mixin.py:188} INFO - [2026-05-25T15:53:20.459+0000] {dag.py:3954} INFO - Setting next_dagrun for berlin_social_atlas to 2026-01-01 06:00:00+00:00, run_after=2027-01-01 06:00:00+00:00
[2026-05-25T15:53:20.467+0000] {processor.py:183} INFO - Processing /opt/airflow/dags/berlin_mss_pipeline.py took 0.067 seconds
[2026-05-25T15:53:50.803+0000] {processor.py:161} INFO - Started process (PID=1368) to work on /opt/airflow/dags/berlin_mss_pipeline.py
[2026-05-25T15:53:50.804+0000] {processor.py:830} INFO - Processing file /opt/airflow/dags/berlin_mss_pipeline.py for tasks to queue
[2026-05-25T15:53:50.805+0000] {logging_mixin.py:188} INFO - [2026-05-25T15:53:50.805+0000] {dagbag.py:545} INFO - Filling up the DagBag from /opt/airflow/dags/berlin_mss_pipeline.py
[2026-05-25T15:53:50.815+0000] {processor.py:840} INFO - DAG(s) 'berlin_social_atlas' retrieved from /opt/airflow/dags/berlin_mss_pipeline.py
[2026-05-25T15:53:50.838+0000] {logging_mixin.py:188} INFO - [2026-05-25T15:53:50.838+0000] {dag.py:3096} INFO - Sync 1 DAGs
[2026-05-25T15:53:50.854+0000] {logging_mixin.py:188} INFO - [2026-05-25T15:53:50.853+0000] {dag.py:3954} INFO - Setting next_dagrun for berlin_social_atlas to 2026-01-01 06:00:00+00:00, run_after=2027-01-01 06:00:00+00:00
[2026-05-25T15:53:50.864+0000] {processor.py:183} INFO - Processing /opt/airflow/dags/berlin_mss_pipeline.py took 0.064 seconds
[2026-05-25T15:54:21.055+0000] {processor.py:161} INFO - Started process (PID=1373) to work on /opt/airflow/dags/berlin_mss_pipeline.py
[2026-05-25T15:54:21.056+0000] {processor.py:830} INFO - Processing file /opt/airflow/dags/berlin_mss_pipeline.py for tasks to queue
[2026-05-25T15:54:21.058+0000] {logging_mixin.py:188} INFO - [2026-05-25T15:54:21.058+0000] {dagbag.py:545} INFO - Filling up the DagBag from /opt/airflow/dags/berlin_mss_pipeline.py
[2026-05-25T15:54:21.070+0000] {processor.py:840} INFO - DAG(s) 'berlin_social_atlas' retrieved from /opt/airflow/dags/berlin_mss_pipeline.py
[2026-05-25T15:54:21.094+0000] {logging_mixin.py:188} INFO - [2026-05-25T15:54:21.094+0000] {dag.py:3096} INFO - Sync 1 DAGs
[2026-05-25T15:54:21.107+0000] {logging_mixin.py:188} INFO - [2026-05-25T15:54:21.106+0000] {dag.py:3954} INFO - Setting next_dagrun for berlin_social_atlas to 2026-01-01 06:00:00+00:00, run_after=2027-01-01 06:00:00+00:00
[2026-05-25T15:54:21.115+0000] {processor.py:183} INFO - Processing /opt/airflow/dags/berlin_mss_pipeline.py took 0.068 seconds
[2026-05-25T15:54:51.370+0000] {processor.py:161} INFO - Started process (PID=1378) to work on /opt/airflow/dags/berlin_mss_pipeline.py
[2026-05-25T15:54:51.371+0000] {processor.py:830} INFO - Processing file /opt/airflow/dags/berlin_mss_pipeline.py for tasks to queue
[2026-05-25T15:54:51.374+0000] {logging_mixin.py:188} INFO - [2026-05-25T15:54:51.374+0000] {dagbag.py:545} INFO - Filling up the DagBag from /opt/airflow/dags/berlin_mss_pipeline.py
[2026-05-25T15:54:51.391+0000] {processor.py:840} INFO - DAG(s) 'berlin_social_atlas' retrieved from /opt/airflow/dags/berlin_mss_pipeline.py
[2026-05-25T15:54:51.417+0000] {logging_mixin.py:188} INFO - [2026-05-25T15:54:51.416+0000] {dag.py:3096} INFO - Sync 1 DAGs
[2026-05-25T15:54:51.430+0000] {logging_mixin.py:188} INFO - [2026-05-25T15:54:51.430+0000] {dag.py:3954} INFO - Setting next_dagrun for berlin_social_atlas to 2026-01-01 06:00:00+00:00, run_after=2027-01-01 06:00:00+00:00
[2026-05-25T15:54:51.439+0000] {processor.py:183} INFO - Processing /opt/airflow/dags/berlin_mss_pipeline.py took 0.078 seconds
[2026-05-25T15:58:27.932+0000] {processor.py:161} INFO - Started process (PID=1383) to work on /opt/airflow/dags/berlin_mss_pipeline.py
[2026-05-25T15:58:27.933+0000] {processor.py:830} INFO - Processing file /opt/airflow/dags/berlin_mss_pipeline.py for tasks to queue
[2026-05-25T15:58:27.935+0000] {logging_mixin.py:188} INFO - [2026-05-25T15:58:27.935+0000] {dagbag.py:545} INFO - Filling up the DagBag from /opt/airflow/dags/berlin_mss_pipeline.py
[2026-05-25T15:58:27.949+0000] {processor.py:840} INFO - DAG(s) 'berlin_social_atlas' retrieved from /opt/airflow/dags/berlin_mss_pipeline.py
[2026-05-25T15:58:27.974+0000] {logging_mixin.py:188} INFO - [2026-05-25T15:58:27.974+0000] {dag.py:3096} INFO - Sync 1 DAGs
[2026-05-25T15:58:27.988+0000] {logging_mixin.py:188} INFO - [2026-05-25T15:58:27.988+0000] {dag.py:3954} INFO - Setting next_dagrun for berlin_social_atlas to 2026-01-01 06:00:00+00:00, run_after=2027-01-01 06:00:00+00:00
[2026-05-25T15:58:27.996+0000] {processor.py:183} INFO - Processing /opt/airflow/dags/berlin_mss_pipeline.py took 0.074 seconds
[2026-05-25T15:58:58.207+0000] {processor.py:161} INFO - Started process (PID=1388) to work on /opt/airflow/dags/berlin_mss_pipeline.py
[2026-05-25T15:58:58.208+0000] {processor.py:830} INFO - Processing file /opt/airflow/dags/berlin_mss_pipeline.py for tasks to queue
[2026-05-25T15:58:58.210+0000] {logging_mixin.py:188} INFO - [2026-05-25T15:58:58.209+0000] {dagbag.py:545} INFO - Filling up the DagBag from /opt/airflow/dags/berlin_mss_pipeline.py
[2026-05-25T15:58:58.220+0000] {processor.py:840} INFO - DAG(s) 'berlin_social_atlas' retrieved from /opt/airflow/dags/berlin_mss_pipeline.py
[2026-05-25T15:58:58.245+0000] {logging_mixin.py:188} INFO - [2026-05-25T15:58:58.245+0000] {dag.py:3096} INFO - Sync 1 DAGs
[2026-05-25T15:58:58.257+0000] {logging_mixin.py:188} INFO - [2026-05-25T15:58:58.257+0000] {dag.py:3954} INFO - Setting next_dagrun for berlin_social_atlas to 2026-01-01 06:00:00+00:00, run_after=2027-01-01 06:00:00+00:00
[2026-05-25T15:58:58.265+0000] {processor.py:183} INFO - Processing /opt/airflow/dags/berlin_mss_pipeline.py took 0.065 seconds
[2026-05-25T15:59:28.531+0000] {processor.py:161} INFO - Started process (PID=1393) to work on /opt/airflow/dags/berlin_mss_pipeline.py
[2026-05-25T15:59:28.531+0000] {processor.py:830} INFO - Processing file /opt/airflow/dags/berlin_mss_pipeline.py for tasks to queue
[2026-05-25T15:59:28.533+0000] {logging_mixin.py:188} INFO - [2026-05-25T15:59:28.533+0000] {dagbag.py:545} INFO - Filling up the DagBag from /opt/airflow/dags/berlin_mss_pipeline.py
[2026-05-25T15:59:28.544+0000] {processor.py:840} INFO - DAG(s) 'berlin_social_atlas' retrieved from /opt/airflow/dags/berlin_mss_pipeline.py
[2026-05-25T15:59:28.566+0000] {logging_mixin.py:188} INFO - [2026-05-25T15:59:28.566+0000] {dag.py:3096} INFO - Sync 1 DAGs
[2026-05-25T15:59:28.578+0000] {logging_mixin.py:188} INFO - [2026-05-25T15:59:28.578+0000] {dag.py:3954} INFO - Setting next_dagrun for berlin_social_atlas to 2026-01-01 06:00:00+00:00, run_after=2027-01-01 06:00:00+00:00
[2026-05-25T15:59:28.586+0000] {processor.py:183} INFO - Processing /opt/airflow/dags/berlin_mss_pipeline.py took 0.061 seconds
[2026-05-25T15:59:58.804+0000] {processor.py:161} INFO - Started process (PID=1398) to work on /opt/airflow/dags/berlin_mss_pipeline.py
[2026-05-25T15:59:58.805+0000] {processor.py:830} INFO - Processing file /opt/airflow/dags/berlin_mss_pipeline.py for tasks to queue
[2026-05-25T15:59:58.806+0000] {logging_mixin.py:188} INFO - [2026-05-25T15:59:58.806+0000] {dagbag.py:545} INFO - Filling up the DagBag from /opt/airflow/dags/berlin_mss_pipeline.py
[2026-05-25T15:59:58.818+0000] {processor.py:840} INFO - DAG(s) 'berlin_social_atlas' retrieved from /opt/airflow/dags/berlin_mss_pipeline.py
[2026-05-25T15:59:58.842+0000] {logging_mixin.py:188} INFO - [2026-05-25T15:59:58.842+0000] {dag.py:3096} INFO - Sync 1 DAGs
[2026-05-25T15:59:58.856+0000] {logging_mixin.py:188} INFO - [2026-05-25T15:59:58.856+0000] {dag.py:3954} INFO - Setting next_dagrun for berlin_social_atlas to 2026-01-01 06:00:00+00:00, run_after=2027-01-01 06:00:00+00:00
[2026-05-25T15:59:58.865+0000] {processor.py:183} INFO - Processing /opt/airflow/dags/berlin_mss_pipeline.py took 0.068 seconds
[2026-05-25T16:00:29.113+0000] {processor.py:161} INFO - Started process (PID=1403) to work on /opt/airflow/dags/berlin_mss_pipeline.py
[2026-05-25T16:00:29.115+0000] {processor.py:830} INFO - Processing file /opt/airflow/dags/berlin_mss_pipeline.py for tasks to queue
[2026-05-25T16:00:29.119+0000] {logging_mixin.py:188} INFO - [2026-05-25T16:00:29.118+0000] {dagbag.py:545} INFO - Filling up the DagBag from /opt/airflow/dags/berlin_mss_pipeline.py
[2026-05-25T16:00:29.138+0000] {processor.py:840} INFO - DAG(s) 'berlin_social_atlas' retrieved from /opt/airflow/dags/berlin_mss_pipeline.py
[2026-05-25T16:00:29.171+0000] {logging_mixin.py:188} INFO - [2026-05-25T16:00:29.171+0000] {dag.py:3096} INFO - Sync 1 DAGs
[2026-05-25T16:00:29.189+0000] {logging_mixin.py:188} INFO - [2026-05-25T16:00:29.189+0000] {dag.py:3954} INFO - Setting next_dagrun for berlin_social_atlas to 2026-01-01 06:00:00+00:00, run_after=2027-01-01 06:00:00+00:00
[2026-05-25T16:00:29.201+0000] {processor.py:183} INFO - Processing /opt/airflow/dags/berlin_mss_pipeline.py took 0.097 seconds
[2026-05-25T16:00:59.402+0000] {processor.py:161} INFO - Started process (PID=1408) to work on /opt/airflow/dags/berlin_mss_pipeline.py
[2026-05-25T16:00:59.404+0000] {processor.py:830} INFO - Processing file /opt/airflow/dags/berlin_mss_pipeline.py for tasks to queue
[2026-05-25T16:00:59.407+0000] {logging_mixin.py:188} INFO - [2026-05-25T16:00:59.407+0000] {dagbag.py:545} INFO - Filling up the DagBag from /opt/airflow/dags/berlin_mss_pipeline.py
[2026-05-25T16:00:59.427+0000] {processor.py:840} INFO - DAG(s) 'berlin_social_atlas' retrieved from /opt/airflow/dags/berlin_mss_pipeline.py
[2026-05-25T16:00:59.457+0000] {logging_mixin.py:188} INFO - [2026-05-25T16:00:59.457+0000] {dag.py:3096} INFO - Sync 1 DAGs
[2026-05-25T16:00:59.472+0000] {logging_mixin.py:188} INFO - [2026-05-25T16:00:59.472+0000] {dag.py:3954} INFO - Setting next_dagrun for berlin_social_atlas to 2026-01-01 06:00:00+00:00, run_after=2027-01-01 06:00:00+00:00
[2026-05-25T16:00:59.481+0000] {processor.py:183} INFO - Processing /opt/airflow/dags/berlin_mss_pipeline.py took 0.090 seconds
[2026-05-25T16:01:29.748+0000] {processor.py:161} INFO - Started process (PID=1413) to work on /opt/airflow/dags/berlin_mss_pipeline.py
[2026-05-25T16:01:29.749+0000] {processor.py:830} INFO - Processing file /opt/airflow/dags/berlin_mss_pipeline.py for tasks to queue
[2026-05-25T16:01:29.751+0000] {logging_mixin.py:188} INFO - [2026-05-25T16:01:29.750+0000] {dagbag.py:545} INFO - Filling up the DagBag from /opt/airflow/dags/berlin_mss_pipeline.py
[2026-05-25T16:01:29.762+0000] {processor.py:840} INFO - DAG(s) 'berlin_social_atlas' retrieved from /opt/airflow/dags/berlin_mss_pipeline.py
[2026-05-25T16:01:29.785+0000] {logging_mixin.py:188} INFO - [2026-05-25T16:01:29.785+0000] {dag.py:3096} INFO - Sync 1 DAGs
[2026-05-25T16:01:29.799+0000] {logging_mixin.py:188} INFO - [2026-05-25T16:01:29.799+0000] {dag.py:3954} INFO - Setting next_dagrun for berlin_social_atlas to 2026-01-01 06:00:00+00:00, run_after=2027-01-01 06:00:00+00:00
[2026-05-25T16:01:29.809+0000] {processor.py:183} INFO - Processing /opt/airflow/dags/berlin_mss_pipeline.py took 0.067 seconds
[2026-05-25T16:02:00.072+0000] {processor.py:161} INFO - Started process (PID=1418) to work on /opt/airflow/dags/berlin_mss_pipeline.py
[2026-05-25T16:02:00.074+0000] {processor.py:830} INFO - Processing file /opt/airflow/dags/berlin_mss_pipeline.py for tasks to queue
[2026-05-25T16:02:00.079+0000] {logging_mixin.py:188} INFO - [2026-05-25T16:02:00.078+0000] {dagbag.py:545} INFO - Filling up the DagBag from /opt/airflow/dags/berlin_mss_pipeline.py
[2026-05-25T16:02:00.096+0000] {processor.py:840} INFO - DAG(s) 'berlin_social_atlas' retrieved from /opt/airflow/dags/berlin_mss_pipeline.py
[2026-05-25T16:02:00.123+0000] {logging_mixin.py:188} INFO - [2026-05-25T16:02:00.123+0000] {dag.py:3096} INFO - Sync 1 DAGs
[2026-05-25T16:02:00.137+0000] {logging_mixin.py:188} INFO - [2026-05-25T16:02:00.137+0000] {dag.py:3954} INFO - Setting next_dagrun for berlin_social_atlas to 2026-01-01 06:00:00+00:00, run_after=2027-01-01 06:00:00+00:00
[2026-05-25T16:02:00.147+0000] {processor.py:183} INFO - Processing /opt/airflow/dags/berlin_mss_pipeline.py took 0.085 seconds
[2026-05-25T16:02:30.359+0000] {processor.py:161} INFO - Started process (PID=1423) to work on /opt/airflow/dags/berlin_mss_pipeline.py
[2026-05-25T16:02:30.362+0000] {processor.py:830} INFO - Processing file /opt/airflow/dags/berlin_mss_pipeline.py for tasks to queue
[2026-05-25T16:02:30.367+0000] {logging_mixin.py:188} INFO - [2026-05-25T16:02:30.366+0000] {dagbag.py:545} INFO - Filling up the DagBag from /opt/airflow/dags/berlin_mss_pipeline.py
[2026-05-25T16:02:30.386+0000] {processor.py:840} INFO - DAG(s) 'berlin_social_atlas' retrieved from /opt/airflow/dags/berlin_mss_pipeline.py
[2026-05-25T16:02:30.421+0000] {logging_mixin.py:188} INFO - [2026-05-25T16:02:30.421+0000] {dag.py:3096} INFO - Sync 1 DAGs
[2026-05-25T16:02:30.438+0000] {logging_mixin.py:188} INFO - [2026-05-25T16:02:30.437+0000] {dag.py:3954} INFO - Setting next_dagrun for berlin_social_atlas to 2026-01-01 06:00:00+00:00, run_after=2027-01-01 06:00:00+00:00
[2026-05-25T16:02:30.448+0000] {processor.py:183} INFO - Processing /opt/airflow/dags/berlin_mss_pipeline.py took 0.097 seconds
[2026-05-25T16:03:00.635+0000] {processor.py:161} INFO - Started process (PID=1428) to work on /opt/airflow/dags/berlin_mss_pipeline.py
[2026-05-25T16:03:00.636+0000] {processor.py:830} INFO - Processing file /opt/airflow/dags/berlin_mss_pipeline.py for tasks to queue
[2026-05-25T16:03:00.638+0000] {logging_mixin.py:188} INFO - [2026-05-25T16:03:00.638+0000] {dagbag.py:545} INFO - Filling up the DagBag from /opt/airflow/dags/berlin_mss_pipeline.py
[2026-05-25T16:03:00.652+0000] {processor.py:840} INFO - DAG(s) 'berlin_social_atlas' retrieved from /opt/airflow/dags/berlin_mss_pipeline.py
[2026-05-25T16:03:00.677+0000] {logging_mixin.py:188} INFO - [2026-05-25T16:03:00.677+0000] {dag.py:3096} INFO - Sync 1 DAGs
[2026-05-25T16:03:00.692+0000] {logging_mixin.py:188} INFO - [2026-05-25T16:03:00.692+0000] {dag.py:3954} INFO - Setting next_dagrun for berlin_social_atlas to 2026-01-01 06:00:00+00:00, run_after=2027-01-01 06:00:00+00:00
[2026-05-25T16:03:00.702+0000] {processor.py:183} INFO - Processing /opt/airflow/dags/berlin_mss_pipeline.py took 0.076 seconds
[2026-05-25T16:03:30.994+0000] {processor.py:161} INFO - Started process (PID=1433) to work on /opt/airflow/dags/berlin_mss_pipeline.py
[2026-05-25T16:03:30.996+0000] {processor.py:830} INFO - Processing file /opt/airflow/dags/berlin_mss_pipeline.py for tasks to queue
[2026-05-25T16:03:30.998+0000] {logging_mixin.py:188} INFO - [2026-05-25T16:03:30.998+0000] {dagbag.py:545} INFO - Filling up the DagBag from /opt/airflow/dags/berlin_mss_pipeline.py
[2026-05-25T16:03:31.018+0000] {processor.py:840} INFO - DAG(s) 'berlin_social_atlas' retrieved from /opt/airflow/dags/berlin_mss_pipeline.py
[2026-05-25T16:03:31.061+0000] {logging_mixin.py:188} INFO - [2026-05-25T16:03:31.061+0000] {dag.py:3096} INFO - Sync 1 DAGs
[2026-05-25T16:03:31.076+0000] {logging_mixin.py:188} INFO - [2026-05-25T16:03:31.076+0000] {dag.py:3954} INFO - Setting next_dagrun for berlin_social_atlas to 2026-01-01 06:00:00+00:00, run_after=2027-01-01 06:00:00+00:00
[2026-05-25T16:03:31.088+0000] {processor.py:183} INFO - Processing /opt/airflow/dags/berlin_mss_pipeline.py took 0.104 seconds
[2026-05-25T16:04:01.305+0000] {processor.py:161} INFO - Started process (PID=1438) to work on /opt/airflow/dags/berlin_mss_pipeline.py
[2026-05-25T16:04:01.306+0000] {processor.py:830} INFO - Processing file /opt/airflow/dags/berlin_mss_pipeline.py for tasks to queue
[2026-05-25T16:04:01.307+0000] {logging_mixin.py:188} INFO - [2026-05-25T16:04:01.307+0000] {dagbag.py:545} INFO - Filling up the DagBag from /opt/airflow/dags/berlin_mss_pipeline.py
[2026-05-25T16:04:01.317+0000] {processor.py:840} INFO - DAG(s) 'berlin_social_atlas' retrieved from /opt/airflow/dags/berlin_mss_pipeline.py
[2026-05-25T16:04:01.341+0000] {logging_mixin.py:188} INFO - [2026-05-25T16:04:01.341+0000] {dag.py:3096} INFO - Sync 1 DAGs
[2026-05-25T16:04:01.356+0000] {logging_mixin.py:188} INFO - [2026-05-25T16:04:01.356+0000] {dag.py:3954} INFO - Setting next_dagrun for berlin_social_atlas to 2026-01-01 06:00:00+00:00, run_after=2027-01-01 06:00:00+00:00
[2026-05-25T16:04:01.366+0000] {processor.py:183} INFO - Processing /opt/airflow/dags/berlin_mss_pipeline.py took 0.065 seconds
[2026-05-25T16:04:31.639+0000] {processor.py:161} INFO - Started process (PID=1443) to work on /opt/airflow/dags/berlin_mss_pipeline.py
[2026-05-25T16:04:31.641+0000] {processor.py:830} INFO - Processing file /opt/airflow/dags/berlin_mss_pipeline.py for tasks to queue
[2026-05-25T16:04:31.644+0000] {logging_mixin.py:188} INFO - [2026-05-25T16:04:31.644+0000] {dagbag.py:545} INFO - Filling up the DagBag from /opt/airflow/dags/berlin_mss_pipeline.py
[2026-05-25T16:04:31.660+0000] {processor.py:840} INFO - DAG(s) 'berlin_social_atlas' retrieved from /opt/airflow/dags/berlin_mss_pipeline.py
[2026-05-25T16:04:31.686+0000] {logging_mixin.py:188} INFO - [2026-05-25T16:04:31.686+0000] {dag.py:3096} INFO - Sync 1 DAGs
[2026-05-25T16:04:31.703+0000] {logging_mixin.py:188} INFO - [2026-05-25T16:04:31.703+0000] {dag.py:3954} INFO - Setting next_dagrun for berlin_social_atlas to 2026-01-01 06:00:00+00:00, run_after=2027-01-01 06:00:00+00:00
[2026-05-25T16:04:31.714+0000] {processor.py:183} INFO - Processing /opt/airflow/dags/berlin_mss_pipeline.py took 0.087 seconds
[2026-05-25T16:05:01.898+0000] {processor.py:161} INFO - Started process (PID=1448) to work on /opt/airflow/dags/berlin_mss_pipeline.py
[2026-05-25T16:05:01.899+0000] {processor.py:830} INFO - Processing file /opt/airflow/dags/berlin_mss_pipeline.py for tasks to queue
[2026-05-25T16:05:01.900+0000] {logging_mixin.py:188} INFO - [2026-05-25T16:05:01.900+0000] {dagbag.py:545} INFO - Filling up the DagBag from /opt/airflow/dags/berlin_mss_pipeline.py
[2026-05-25T16:05:01.910+0000] {processor.py:840} INFO - DAG(s) 'berlin_social_atlas' retrieved from /opt/airflow/dags/berlin_mss_pipeline.py
[2026-05-25T16:05:01.932+0000] {logging_mixin.py:188} INFO - [2026-05-25T16:05:01.932+0000] {dag.py:3096} INFO - Sync 1 DAGs
[2026-05-25T16:05:01.947+0000] {logging_mixin.py:188} INFO - [2026-05-25T16:05:01.946+0000] {dag.py:3954} INFO - Setting next_dagrun for berlin_social_atlas to 2026-01-01 06:00:00+00:00, run_after=2027-01-01 06:00:00+00:00
[2026-05-25T16:05:01.955+0000] {processor.py:183} INFO - Processing /opt/airflow/dags/berlin_mss_pipeline.py took 0.063 seconds
[2026-05-25T16:05:32.223+0000] {processor.py:161} INFO - Started process (PID=1453) to work on /opt/airflow/dags/berlin_mss_pipeline.py
[2026-05-25T16:05:32.224+0000] {processor.py:830} INFO - Processing file /opt/airflow/dags/berlin_mss_pipeline.py for tasks to queue
[2026-05-25T16:05:32.225+0000] {logging_mixin.py:188} INFO - [2026-05-25T16:05:32.225+0000] {dagbag.py:545} INFO - Filling up the DagBag from /opt/airflow/dags/berlin_mss_pipeline.py
[2026-05-25T16:05:32.234+0000] {processor.py:840} INFO - DAG(s) 'berlin_social_atlas' retrieved from /opt/airflow/dags/berlin_mss_pipeline.py
[2026-05-25T16:05:32.251+0000] {logging_mixin.py:188} INFO - [2026-05-25T16:05:32.250+0000] {dag.py:3096} INFO - Sync 1 DAGs
[2026-05-25T16:05:32.261+0000] {logging_mixin.py:188} INFO - [2026-05-25T16:05:32.261+0000] {dag.py:3954} INFO - Setting next_dagrun for berlin_social_atlas to 2026-01-01 06:00:00+00:00, run_after=2027-01-01 06:00:00+00:00
[2026-05-25T16:05:32.269+0000] {processor.py:183} INFO - Processing /opt/airflow/dags/berlin_mss_pipeline.py took 0.051 seconds
[2026-05-25T16:06:02.513+0000] {processor.py:161} INFO - Started process (PID=1458) to work on /opt/airflow/dags/berlin_mss_pipeline.py
[2026-05-25T16:06:02.514+0000] {processor.py:830} INFO - Processing file /opt/airflow/dags/berlin_mss_pipeline.py for tasks to queue
[2026-05-25T16:06:02.516+0000] {logging_mixin.py:188} INFO - [2026-05-25T16:06:02.516+0000] {dagbag.py:545} INFO - Filling up the DagBag from /opt/airflow/dags/berlin_mss_pipeline.py
[2026-05-25T16:06:02.528+0000] {processor.py:840} INFO - DAG(s) 'berlin_social_atlas' retrieved from /opt/airflow/dags/berlin_mss_pipeline.py
[2026-05-25T16:06:02.553+0000] {logging_mixin.py:188} INFO - [2026-05-25T16:06:02.553+0000] {dag.py:3096} INFO - Sync 1 DAGs
[2026-05-25T16:06:02.566+0000] {logging_mixin.py:188} INFO - [2026-05-25T16:06:02.565+0000] {dag.py:3954} INFO - Setting next_dagrun for berlin_social_atlas to 2026-01-01 06:00:00+00:00, run_after=2027-01-01 06:00:00+00:00
[2026-05-25T16:06:02.577+0000] {processor.py:183} INFO - Processing /opt/airflow/dags/berlin_mss_pipeline.py took 0.070 seconds
[2026-05-25T16:06:32.842+0000] {processor.py:161} INFO - Started process (PID=1463) to work on /opt/airflow/dags/berlin_mss_pipeline.py
[2026-05-25T16:06:32.843+0000] {processor.py:830} INFO - Processing file /opt/airflow/dags/berlin_mss_pipeline.py for tasks to queue
[2026-05-25T16:06:32.845+0000] {logging_mixin.py:188} INFO - [2026-05-25T16:06:32.845+0000] {dagbag.py:545} INFO - Filling up the DagBag from /opt/airflow/dags/berlin_mss_pipeline.py
[2026-05-25T16:06:32.856+0000] {processor.py:840} INFO - DAG(s) 'berlin_social_atlas' retrieved from /opt/airflow/dags/berlin_mss_pipeline.py
[2026-05-25T16:06:32.879+0000] {logging_mixin.py:188} INFO - [2026-05-25T16:06:32.879+0000] {dag.py:3096} INFO - Sync 1 DAGs
[2026-05-25T16:06:32.892+0000] {logging_mixin.py:188} INFO - [2026-05-25T16:06:32.892+0000] {dag.py:3954} INFO - Setting next_dagrun for berlin_social_atlas to 2026-01-01 06:00:00+00:00, run_after=2027-01-01 06:00:00+00:00
[2026-05-25T16:06:32.900+0000] {processor.py:183} INFO - Processing /opt/airflow/dags/berlin_mss_pipeline.py took 0.063 seconds
[2026-05-25T16:07:03.161+0000] {processor.py:161} INFO - Started process (PID=1468) to work on /opt/airflow/dags/berlin_mss_pipeline.py
[2026-05-25T16:07:03.162+0000] {processor.py:830} INFO - Processing file /opt/airflow/dags/berlin_mss_pipeline.py for tasks to queue
[2026-05-25T16:07:03.164+0000] {logging_mixin.py:188} INFO - [2026-05-25T16:07:03.164+0000] {dagbag.py:545} INFO - Filling up the DagBag from /opt/airflow/dags/berlin_mss_pipeline.py
[2026-05-25T16:07:03.176+0000] {processor.py:840} INFO - DAG(s) 'berlin_social_atlas' retrieved from /opt/airflow/dags/berlin_mss_pipeline.py
[2026-05-25T16:07:03.200+0000] {logging_mixin.py:188} INFO - [2026-05-25T16:07:03.200+0000] {dag.py:3096} INFO - Sync 1 DAGs
[2026-05-25T16:07:03.213+0000] {logging_mixin.py:188} INFO - [2026-05-25T16:07:03.213+0000] {dag.py:3954} INFO - Setting next_dagrun for berlin_social_atlas to 2026-01-01 06:00:00+00:00, run_after=2027-01-01 06:00:00+00:00
[2026-05-25T16:07:03.222+0000] {processor.py:183} INFO - Processing /opt/airflow/dags/berlin_mss_pipeline.py took 0.067 seconds
[2026-05-25T16:07:33.535+0000] {processor.py:161} INFO - Started process (PID=1473) to work on /opt/airflow/dags/berlin_mss_pipeline.py
[2026-05-25T16:07:33.536+0000] {processor.py:830} INFO - Processing file /opt/airflow/dags/berlin_mss_pipeline.py for tasks to queue
[2026-05-25T16:07:33.538+0000] {logging_mixin.py:188} INFO - [2026-05-25T16:07:33.538+0000] {dagbag.py:545} INFO - Filling up the DagBag from /opt/airflow/dags/berlin_mss_pipeline.py
[2026-05-25T16:07:33.549+0000] {processor.py:840} INFO - DAG(s) 'berlin_social_atlas' retrieved from /opt/airflow/dags/berlin_mss_pipeline.py
[2026-05-25T16:07:33.572+0000] {logging_mixin.py:188} INFO - [2026-05-25T16:07:33.572+0000] {dag.py:3096} INFO - Sync 1 DAGs
[2026-05-25T16:07:33.586+0000] {logging_mixin.py:188} INFO - [2026-05-25T16:07:33.585+0000] {dag.py:3954} INFO - Setting next_dagrun for berlin_social_atlas to 2026-01-01 06:00:00+00:00, run_after=2027-01-01 06:00:00+00:00
[2026-05-25T16:07:33.594+0000] {processor.py:183} INFO - Processing /opt/airflow/dags/berlin_mss_pipeline.py took 0.065 seconds
[2026-05-25T16:08:03.816+0000] {processor.py:161} INFO - Started process (PID=1478) to work on /opt/airflow/dags/berlin_mss_pipeline.py
[2026-05-25T16:08:03.817+0000] {processor.py:830} INFO - Processing file /opt/airflow/dags/berlin_mss_pipeline.py for tasks to queue
[2026-05-25T16:08:03.819+0000] {logging_mixin.py:188} INFO - [2026-05-25T16:08:03.819+0000] {dagbag.py:545} INFO - Filling up the DagBag from /opt/airflow/dags/berlin_mss_pipeline.py
[2026-05-25T16:08:03.830+0000] {processor.py:840} INFO - DAG(s) 'berlin_social_atlas' retrieved from /opt/airflow/dags/berlin_mss_pipeline.py
[2026-05-25T16:08:03.855+0000] {logging_mixin.py:188} INFO - [2026-05-25T16:08:03.855+0000] {dag.py:3096} INFO - Sync 1 DAGs
[2026-05-25T16:08:03.867+0000] {logging_mixin.py:188} INFO - [2026-05-25T16:08:03.867+0000] {dag.py:3954} INFO - Setting next_dagrun for berlin_social_atlas to 2026-01-01 06:00:00+00:00, run_after=2027-01-01 06:00:00+00:00
[2026-05-25T16:08:03.877+0000] {processor.py:183} INFO - Processing /opt/airflow/dags/berlin_mss_pipeline.py took 0.066 seconds
[2026-05-25T16:08:34.127+0000] {processor.py:161} INFO - Started process (PID=1483) to work on /opt/airflow/dags/berlin_mss_pipeline.py
[2026-05-25T16:08:34.128+0000] {processor.py:830} INFO - Processing file /opt/airflow/dags/berlin_mss_pipeline.py for tasks to queue
[2026-05-25T16:08:34.130+0000] {logging_mixin.py:188} INFO - [2026-05-25T16:08:34.130+0000] {dagbag.py:545} INFO - Filling up the DagBag from /opt/airflow/dags/berlin_mss_pipeline.py
[2026-05-25T16:08:34.141+0000] {processor.py:840} INFO - DAG(s) 'berlin_social_atlas' retrieved from /opt/airflow/dags/berlin_mss_pipeline.py
[2026-05-25T16:08:34.165+0000] {logging_mixin.py:188} INFO - [2026-05-25T16:08:34.164+0000] {dag.py:3096} INFO - Sync 1 DAGs
[2026-05-25T16:08:34.177+0000] {logging_mixin.py:188} INFO - [2026-05-25T16:08:34.176+0000] {dag.py:3954} INFO - Setting next_dagrun for berlin_social_atlas to 2026-01-01 06:00:00+00:00, run_after=2027-01-01 06:00:00+00:00
[2026-05-25T16:08:34.186+0000] {processor.py:183} INFO - Processing /opt/airflow/dags/berlin_mss_pipeline.py took 0.065 seconds
[2026-05-25T16:15:05.851+0000] {processor.py:161} INFO - Started process (PID=1488) to work on /opt/airflow/dags/berlin_mss_pipeline.py
[2026-05-25T16:15:05.852+0000] {processor.py:830} INFO - Processing file /opt/airflow/dags/berlin_mss_pipeline.py for tasks to queue
[2026-05-25T16:15:05.854+0000] {logging_mixin.py:188} INFO - [2026-05-25T16:15:05.854+0000] {dagbag.py:545} INFO - Filling up the DagBag from /opt/airflow/dags/berlin_mss_pipeline.py
[2026-05-25T16:15:05.870+0000] {processor.py:840} INFO - DAG(s) 'berlin_social_atlas' retrieved from /opt/airflow/dags/berlin_mss_pipeline.py
[2026-05-25T16:15:05.895+0000] {logging_mixin.py:188} INFO - [2026-05-25T16:15:05.895+0000] {dag.py:3096} INFO - Sync 1 DAGs
[2026-05-25T16:15:05.910+0000] {logging_mixin.py:188} INFO - [2026-05-25T16:15:05.910+0000] {dag.py:3954} INFO - Setting next_dagrun for berlin_social_atlas to 2026-01-01 06:00:00+00:00, run_after=2027-01-01 06:00:00+00:00
[2026-05-25T16:15:05.919+0000] {processor.py:183} INFO - Processing /opt/airflow/dags/berlin_mss_pipeline.py took 0.076 seconds
[2026-05-25T16:15:36.169+0000] {processor.py:161} INFO - Started process (PID=1493) to work on /opt/airflow/dags/berlin_mss_pipeline.py
[2026-05-25T16:15:36.170+0000] {processor.py:830} INFO - Processing file /opt/airflow/dags/berlin_mss_pipeline.py for tasks to queue
[2026-05-25T16:15:36.171+0000] {logging_mixin.py:188} INFO - [2026-05-25T16:15:36.170+0000] {dagbag.py:545} INFO - Filling up the DagBag from /opt/airflow/dags/berlin_mss_pipeline.py
[2026-05-25T16:15:36.178+0000] {processor.py:840} INFO - DAG(s) 'berlin_social_atlas' retrieved from /opt/airflow/dags/berlin_mss_pipeline.py
[2026-05-25T16:15:36.196+0000] {logging_mixin.py:188} INFO - [2026-05-25T16:15:36.195+0000] {dag.py:3096} INFO - Sync 1 DAGs
[2026-05-25T16:15:36.207+0000] {logging_mixin.py:188} INFO - [2026-05-25T16:15:36.207+0000] {dag.py:3954} INFO - Setting next_dagrun for berlin_social_atlas to 2026-01-01 06:00:00+00:00, run_after=2027-01-01 06:00:00+00:00
[2026-05-25T16:15:36.217+0000] {processor.py:183} INFO - Processing /opt/airflow/dags/berlin_mss_pipeline.py took 0.053 seconds
[2026-05-25T16:16:06.473+0000] {processor.py:161} INFO - Started process (PID=1498) to work on /opt/airflow/dags/berlin_mss_pipeline.py
[2026-05-25T16:16:06.474+0000] {processor.py:830} INFO - Processing file /opt/airflow/dags/berlin_mss_pipeline.py for tasks to queue
[2026-05-25T16:16:06.476+0000] {logging_mixin.py:188} INFO - [2026-05-25T16:16:06.476+0000] {dagbag.py:545} INFO - Filling up the DagBag from /opt/airflow/dags/berlin_mss_pipeline.py
[2026-05-25T16:16:06.488+0000] {processor.py:840} INFO - DAG(s) 'berlin_social_atlas' retrieved from /opt/airflow/dags/berlin_mss_pipeline.py
[2026-05-25T16:16:06.512+0000] {logging_mixin.py:188} INFO - [2026-05-25T16:16:06.512+0000] {dag.py:3096} INFO - Sync 1 DAGs
[2026-05-25T16:16:06.526+0000] {logging_mixin.py:188} INFO - [2026-05-25T16:16:06.525+0000] {dag.py:3954} INFO - Setting next_dagrun for berlin_social_atlas to 2026-01-01 06:00:00+00:00, run_after=2027-01-01 06:00:00+00:00
[2026-05-25T16:16:06.535+0000] {processor.py:183} INFO - Processing /opt/airflow/dags/berlin_mss_pipeline.py took 0.068 seconds
[2026-05-25T16:16:36.773+0000] {processor.py:161} INFO - Started process (PID=1503) to work on /opt/airflow/dags/berlin_mss_pipeline.py
[2026-05-25T16:16:36.774+0000] {processor.py:830} INFO - Processing file /opt/airflow/dags/berlin_mss_pipeline.py for tasks to queue
[2026-05-25T16:16:36.776+0000] {logging_mixin.py:188} INFO - [2026-05-25T16:16:36.775+0000] {dagbag.py:545} INFO - Filling up the DagBag from /opt/airflow/dags/berlin_mss_pipeline.py
[2026-05-25T16:16:36.783+0000] {processor.py:840} INFO - DAG(s) 'berlin_social_atlas' retrieved from /opt/airflow/dags/berlin_mss_pipeline.py
[2026-05-25T16:16:36.804+0000] {logging_mixin.py:188} INFO - [2026-05-25T16:16:36.804+0000] {dag.py:3096} INFO - Sync 1 DAGs
[2026-05-25T16:16:36.830+0000] {logging_mixin.py:188} INFO - [2026-05-25T16:16:36.830+0000] {dag.py:3954} INFO - Setting next_dagrun for berlin_social_atlas to 2026-01-01 06:00:00+00:00, run_after=2027-01-01 06:00:00+00:00
[2026-05-25T16:16:36.845+0000] {processor.py:183} INFO - Processing /opt/airflow/dags/berlin_mss_pipeline.py took 0.077 seconds
[2026-05-25T16:17:07.038+0000] {processor.py:161} INFO - Started process (PID=1508) to work on /opt/airflow/dags/berlin_mss_pipeline.py
[2026-05-25T16:17:07.039+0000] {processor.py:830} INFO - Processing file /opt/airflow/dags/berlin_mss_pipeline.py for tasks to queue
[2026-05-25T16:17:07.040+0000] {logging_mixin.py:188} INFO - [2026-05-25T16:17:07.040+0000] {dagbag.py:545} INFO - Filling up the DagBag from /opt/airflow/dags/berlin_mss_pipeline.py
[2026-05-25T16:17:07.054+0000] {processor.py:840} INFO - DAG(s) 'berlin_social_atlas' retrieved from /opt/airflow/dags/berlin_mss_pipeline.py
[2026-05-25T16:17:07.076+0000] {logging_mixin.py:188} INFO - [2026-05-25T16:17:07.076+0000] {dag.py:3096} INFO - Sync 1 DAGs
[2026-05-25T16:17:07.088+0000] {logging_mixin.py:188} INFO - [2026-05-25T16:17:07.088+0000] {dag.py:3954} INFO - Setting next_dagrun for berlin_social_atlas to 2026-01-01 06:00:00+00:00, run_after=2027-01-01 06:00:00+00:00
[2026-05-25T16:17:07.100+0000] {processor.py:183} INFO - Processing /opt/airflow/dags/berlin_mss_pipeline.py took 0.069 seconds
[2026-05-25T16:17:37.329+0000] {processor.py:161} INFO - Started process (PID=1513) to work on /opt/airflow/dags/berlin_mss_pipeline.py
[2026-05-25T16:17:37.330+0000] {processor.py:830} INFO - Processing file /opt/airflow/dags/berlin_mss_pipeline.py for tasks to queue
[2026-05-25T16:17:37.333+0000] {logging_mixin.py:188} INFO - [2026-05-25T16:17:37.332+0000] {dagbag.py:545} INFO - Filling up the DagBag from /opt/airflow/dags/berlin_mss_pipeline.py
[2026-05-25T16:17:37.350+0000] {processor.py:840} INFO - DAG(s) 'berlin_social_atlas' retrieved from /opt/airflow/dags/berlin_mss_pipeline.py
[2026-05-25T16:17:37.370+0000] {logging_mixin.py:188} INFO - [2026-05-25T16:17:37.370+0000] {dag.py:3096} INFO - Sync 1 DAGs
[2026-05-25T16:17:37.381+0000] {logging_mixin.py:188} INFO - [2026-05-25T16:17:37.381+0000] {dag.py:3954} INFO - Setting next_dagrun for berlin_social_atlas to 2026-01-01 06:00:00+00:00, run_after=2027-01-01 06:00:00+00:00
[2026-05-25T16:17:37.389+0000] {processor.py:183} INFO - Processing /opt/airflow/dags/berlin_mss_pipeline.py took 0.070 seconds
[2026-05-25T16:18:07.612+0000] {processor.py:161} INFO - Started process (PID=1518) to work on /opt/airflow/dags/berlin_mss_pipeline.py
[2026-05-25T16:18:07.613+0000] {processor.py:830} INFO - Processing file /opt/airflow/dags/berlin_mss_pipeline.py for tasks to queue
[2026-05-25T16:18:07.615+0000] {logging_mixin.py:188} INFO - [2026-05-25T16:18:07.615+0000] {dagbag.py:545} INFO - Filling up the DagBag from /opt/airflow/dags/berlin_mss_pipeline.py
[2026-05-25T16:18:07.627+0000] {processor.py:840} INFO - DAG(s) 'berlin_social_atlas' retrieved from /opt/airflow/dags/berlin_mss_pipeline.py
[2026-05-25T16:18:07.649+0000] {logging_mixin.py:188} INFO - [2026-05-25T16:18:07.649+0000] {dag.py:3096} INFO - Sync 1 DAGs
[2026-05-25T16:18:07.661+0000] {logging_mixin.py:188} INFO - [2026-05-25T16:18:07.661+0000] {dag.py:3954} INFO - Setting next_dagrun for berlin_social_atlas to 2026-01-01 06:00:00+00:00, run_after=2027-01-01 06:00:00+00:00
[2026-05-25T16:18:07.669+0000] {processor.py:183} INFO - Processing /opt/airflow/dags/berlin_mss_pipeline.py took 0.063 seconds
[2026-05-25T16:18:37.894+0000] {processor.py:161} INFO - Started process (PID=1523) to work on /opt/airflow/dags/berlin_mss_pipeline.py
[2026-05-25T16:18:37.895+0000] {processor.py:830} INFO - Processing file /opt/airflow/dags/berlin_mss_pipeline.py for tasks to queue
[2026-05-25T16:18:37.896+0000] {logging_mixin.py:188} INFO - [2026-05-25T16:18:37.896+0000] {dagbag.py:545} INFO - Filling up the DagBag from /opt/airflow/dags/berlin_mss_pipeline.py
[2026-05-25T16:18:37.903+0000] {processor.py:840} INFO - DAG(s) 'berlin_social_atlas' retrieved from /opt/airflow/dags/berlin_mss_pipeline.py
[2026-05-25T16:18:37.919+0000] {logging_mixin.py:188} INFO - [2026-05-25T16:18:37.919+0000] {dag.py:3096} INFO - Sync 1 DAGs
[2026-05-25T16:18:37.931+0000] {logging_mixin.py:188} INFO - [2026-05-25T16:18:37.931+0000] {dag.py:3954} INFO - Setting next_dagrun for berlin_social_atlas to 2026-01-01 06:00:00+00:00, run_after=2027-01-01 06:00:00+00:00
[2026-05-25T16:18:37.938+0000] {processor.py:183} INFO - Processing /opt/airflow/dags/berlin_mss_pipeline.py took 0.047 seconds
[2026-05-25T16:19:08.210+0000] {processor.py:161} INFO - Started process (PID=1528) to work on /opt/airflow/dags/berlin_mss_pipeline.py
[2026-05-25T16:19:08.211+0000] {processor.py:830} INFO - Processing file /opt/airflow/dags/berlin_mss_pipeline.py for tasks to queue
[2026-05-25T16:19:08.212+0000] {logging_mixin.py:188} INFO - [2026-05-25T16:19:08.212+0000] {dagbag.py:545} INFO - Filling up the DagBag from /opt/airflow/dags/berlin_mss_pipeline.py
[2026-05-25T16:19:08.223+0000] {processor.py:840} INFO - DAG(s) 'berlin_social_atlas' retrieved from /opt/airflow/dags/berlin_mss_pipeline.py
[2026-05-25T16:19:08.243+0000] {logging_mixin.py:188} INFO - [2026-05-25T16:19:08.243+0000] {dag.py:3096} INFO - Sync 1 DAGs
[2026-05-25T16:19:08.257+0000] {logging_mixin.py:188} INFO - [2026-05-25T16:19:08.256+0000] {dag.py:3954} INFO - Setting next_dagrun for berlin_social_atlas to 2026-01-01 06:00:00+00:00, run_after=2027-01-01 06:00:00+00:00
[2026-05-25T16:19:08.265+0000] {processor.py:183} INFO - Processing /opt/airflow/dags/berlin_mss_pipeline.py took 0.061 seconds
[2026-05-25T16:19:38.485+0000] {processor.py:161} INFO - Started process (PID=1533) to work on /opt/airflow/dags/berlin_mss_pipeline.py
[2026-05-25T16:19:38.486+0000] {processor.py:830} INFO - Processing file /opt/airflow/dags/berlin_mss_pipeline.py for tasks to queue
[2026-05-25T16:19:38.487+0000] {logging_mixin.py:188} INFO - [2026-05-25T16:19:38.487+0000] {dagbag.py:545} INFO - Filling up the DagBag from /opt/airflow/dags/berlin_mss_pipeline.py
[2026-05-25T16:19:38.497+0000] {processor.py:840} INFO - DAG(s) 'berlin_social_atlas' retrieved from /opt/airflow/dags/berlin_mss_pipeline.py
[2026-05-25T16:19:38.530+0000] {logging_mixin.py:188} INFO - [2026-05-25T16:19:38.529+0000] {dag.py:3096} INFO - Sync 1 DAGs
[2026-05-25T16:19:38.549+0000] {logging_mixin.py:188} INFO - [2026-05-25T16:19:38.549+0000] {dag.py:3954} INFO - Setting next_dagrun for berlin_social_atlas to 2026-01-01 06:00:00+00:00, run_after=2027-01-01 06:00:00+00:00
[2026-05-25T16:19:38.560+0000] {processor.py:183} INFO - Processing /opt/airflow/dags/berlin_mss_pipeline.py took 0.080 seconds
[2026-05-25T16:20:08.793+0000] {processor.py:161} INFO - Started process (PID=1538) to work on /opt/airflow/dags/berlin_mss_pipeline.py
[2026-05-25T16:20:08.794+0000] {processor.py:830} INFO - Processing file /opt/airflow/dags/berlin_mss_pipeline.py for tasks to queue
[2026-05-25T16:20:08.795+0000] {logging_mixin.py:188} INFO - [2026-05-25T16:20:08.795+0000] {dagbag.py:545} INFO - Filling up the DagBag from /opt/airflow/dags/berlin_mss_pipeline.py
[2026-05-25T16:20:08.807+0000] {processor.py:840} INFO - DAG(s) 'berlin_social_atlas' retrieved from /opt/airflow/dags/berlin_mss_pipeline.py
[2026-05-25T16:20:08.831+0000] {logging_mixin.py:188} INFO - [2026-05-25T16:20:08.830+0000] {dag.py:3096} INFO - Sync 1 DAGs
[2026-05-25T16:20:08.844+0000] {logging_mixin.py:188} INFO - [2026-05-25T16:20:08.844+0000] {dag.py:3954} INFO - Setting next_dagrun for berlin_social_atlas to 2026-01-01 06:00:00+00:00, run_after=2027-01-01 06:00:00+00:00
[2026-05-25T16:20:08.853+0000] {processor.py:183} INFO - Processing /opt/airflow/dags/berlin_mss_pipeline.py took 0.066 seconds
[2026-05-25T16:20:39.105+0000] {processor.py:161} INFO - Started process (PID=1543) to work on /opt/airflow/dags/berlin_mss_pipeline.py
[2026-05-25T16:20:39.106+0000] {processor.py:830} INFO - Processing file /opt/airflow/dags/berlin_mss_pipeline.py for tasks to queue
[2026-05-25T16:20:39.109+0000] {logging_mixin.py:188} INFO - [2026-05-25T16:20:39.109+0000] {dagbag.py:545} INFO - Filling up the DagBag from /opt/airflow/dags/berlin_mss_pipeline.py
[2026-05-25T16:20:39.126+0000] {processor.py:840} INFO - DAG(s) 'berlin_social_atlas' retrieved from /opt/airflow/dags/berlin_mss_pipeline.py
[2026-05-25T16:20:39.148+0000] {logging_mixin.py:188} INFO - [2026-05-25T16:20:39.148+0000] {dag.py:3096} INFO - Sync 1 DAGs
[2026-05-25T16:20:39.159+0000] {logging_mixin.py:188} INFO - [2026-05-25T16:20:39.159+0000] {dag.py:3954} INFO - Setting next_dagrun for berlin_social_atlas to 2026-01-01 06:00:00+00:00, run_after=2027-01-01 06:00:00+00:00
[2026-05-25T16:20:39.167+0000] {processor.py:183} INFO - Processing /opt/airflow/dags/berlin_mss_pipeline.py took 0.073 seconds
[2026-05-25T16:21:09.347+0000] {processor.py:161} INFO - Started process (PID=1548) to work on /opt/airflow/dags/berlin_mss_pipeline.py
[2026-05-25T16:21:09.348+0000] {processor.py:830} INFO - Processing file /opt/airflow/dags/berlin_mss_pipeline.py for tasks to queue
[2026-05-25T16:21:09.350+0000] {logging_mixin.py:188} INFO - [2026-05-25T16:21:09.350+0000] {dagbag.py:545} INFO - Filling up the DagBag from /opt/airflow/dags/berlin_mss_pipeline.py
[2026-05-25T16:21:09.362+0000] {processor.py:840} INFO - DAG(s) 'berlin_social_atlas' retrieved from /opt/airflow/dags/berlin_mss_pipeline.py
[2026-05-25T16:21:09.396+0000] {logging_mixin.py:188} INFO - [2026-05-25T16:21:09.396+0000] {dag.py:3096} INFO - Sync 1 DAGs
[2026-05-25T16:21:09.416+0000] {logging_mixin.py:188} INFO - [2026-05-25T16:21:09.416+0000] {dag.py:3954} INFO - Setting next_dagrun for berlin_social_atlas to 2026-01-01 06:00:00+00:00, run_after=2027-01-01 06:00:00+00:00
[2026-05-25T16:21:09.426+0000] {processor.py:183} INFO - Processing /opt/airflow/dags/berlin_mss_pipeline.py took 0.085 seconds
[2026-05-25T16:21:39.621+0000] {processor.py:161} INFO - Started process (PID=1553) to work on /opt/airflow/dags/berlin_mss_pipeline.py
[2026-05-25T16:21:39.623+0000] {processor.py:830} INFO - Processing file /opt/airflow/dags/berlin_mss_pipeline.py for tasks to queue
[2026-05-25T16:21:39.625+0000] {logging_mixin.py:188} INFO - [2026-05-25T16:21:39.625+0000] {dagbag.py:545} INFO - Filling up the DagBag from /opt/airflow/dags/berlin_mss_pipeline.py
[2026-05-25T16:21:39.642+0000] {processor.py:840} INFO - DAG(s) 'berlin_social_atlas' retrieved from /opt/airflow/dags/berlin_mss_pipeline.py
[2026-05-25T16:21:39.664+0000] {logging_mixin.py:188} INFO - [2026-05-25T16:21:39.664+0000] {dag.py:3096} INFO - Sync 1 DAGs
[2026-05-25T16:21:39.678+0000] {logging_mixin.py:188} INFO - [2026-05-25T16:21:39.678+0000] {dag.py:3954} INFO - Setting next_dagrun for berlin_social_atlas to 2026-01-01 06:00:00+00:00, run_after=2027-01-01 06:00:00+00:00
[2026-05-25T16:21:39.686+0000] {processor.py:183} INFO - Processing /opt/airflow/dags/berlin_mss_pipeline.py took 0.073 seconds
[2026-05-25T16:22:09.873+0000] {processor.py:161} INFO - Started process (PID=1558) to work on /opt/airflow/dags/berlin_mss_pipeline.py
[2026-05-25T16:22:09.874+0000] {processor.py:830} INFO - Processing file /opt/airflow/dags/berlin_mss_pipeline.py for tasks to queue
[2026-05-25T16:22:09.875+0000] {logging_mixin.py:188} INFO - [2026-05-25T16:22:09.874+0000] {dagbag.py:545} INFO - Filling up the DagBag from /opt/airflow/dags/berlin_mss_pipeline.py
[2026-05-25T16:22:09.882+0000] {processor.py:840} INFO - DAG(s) 'berlin_social_atlas' retrieved from /opt/airflow/dags/berlin_mss_pipeline.py
[2026-05-25T16:22:09.898+0000] {logging_mixin.py:188} INFO - [2026-05-25T16:22:09.898+0000] {dag.py:3096} INFO - Sync 1 DAGs
[2026-05-25T16:22:09.913+0000] {logging_mixin.py:188} INFO - [2026-05-25T16:22:09.913+0000] {dag.py:3954} INFO - Setting next_dagrun for berlin_social_atlas to 2026-01-01 06:00:00+00:00, run_after=2027-01-01 06:00:00+00:00
[2026-05-25T16:22:09.922+0000] {processor.py:183} INFO - Processing /opt/airflow/dags/berlin_mss_pipeline.py took 0.052 seconds
[2026-05-25T16:22:40.165+0000] {processor.py:161} INFO - Started process (PID=1563) to work on /opt/airflow/dags/berlin_mss_pipeline.py
[2026-05-25T16:22:40.166+0000] {processor.py:830} INFO - Processing file /opt/airflow/dags/berlin_mss_pipeline.py for tasks to queue
[2026-05-25T16:22:40.168+0000] {logging_mixin.py:188} INFO - [2026-05-25T16:22:40.167+0000] {dagbag.py:545} INFO - Filling up the DagBag from /opt/airflow/dags/berlin_mss_pipeline.py
[2026-05-25T16:22:40.179+0000] {processor.py:840} INFO - DAG(s) 'berlin_social_atlas' retrieved from /opt/airflow/dags/berlin_mss_pipeline.py
[2026-05-25T16:22:40.202+0000] {logging_mixin.py:188} INFO - [2026-05-25T16:22:40.202+0000] {dag.py:3096} INFO - Sync 1 DAGs
[2026-05-25T16:22:40.216+0000] {logging_mixin.py:188} INFO - [2026-05-25T16:22:40.216+0000] {dag.py:3954} INFO - Setting next_dagrun for berlin_social_atlas to 2026-01-01 06:00:00+00:00, run_after=2027-01-01 06:00:00+00:00
[2026-05-25T16:22:40.225+0000] {processor.py:183} INFO - Processing /opt/airflow/dags/berlin_mss_pipeline.py took 0.066 seconds
[2026-05-25T16:23:10.454+0000] {processor.py:161} INFO - Started process (PID=1568) to work on /opt/airflow/dags/berlin_mss_pipeline.py
[2026-05-25T16:23:10.454+0000] {processor.py:830} INFO - Processing file /opt/airflow/dags/berlin_mss_pipeline.py for tasks to queue
[2026-05-25T16:23:10.456+0000] {logging_mixin.py:188} INFO - [2026-05-25T16:23:10.455+0000] {dagbag.py:545} INFO - Filling up the DagBag from /opt/airflow/dags/berlin_mss_pipeline.py
[2026-05-25T16:23:10.467+0000] {processor.py:840} INFO - DAG(s) 'berlin_social_atlas' retrieved from /opt/airflow/dags/berlin_mss_pipeline.py
[2026-05-25T16:23:10.495+0000] {logging_mixin.py:188} INFO - [2026-05-25T16:23:10.494+0000] {dag.py:3096} INFO - Sync 1 DAGs
[2026-05-25T16:23:10.510+0000] {logging_mixin.py:188} INFO - [2026-05-25T16:23:10.510+0000] {dag.py:3954} INFO - Setting next_dagrun for berlin_social_atlas to 2026-01-01 06:00:00+00:00, run_after=2027-01-01 06:00:00+00:00
[2026-05-25T16:23:10.519+0000] {processor.py:183} INFO - Processing /opt/airflow/dags/berlin_mss_pipeline.py took 0.071 seconds
[2026-05-25T16:23:40.739+0000] {processor.py:161} INFO - Started process (PID=1573) to work on /opt/airflow/dags/berlin_mss_pipeline.py
[2026-05-25T16:23:40.740+0000] {processor.py:830} INFO - Processing file /opt/airflow/dags/berlin_mss_pipeline.py for tasks to queue
[2026-05-25T16:23:40.743+0000] {logging_mixin.py:188} INFO - [2026-05-25T16:23:40.742+0000] {dagbag.py:545} INFO - Filling up the DagBag from /opt/airflow/dags/berlin_mss_pipeline.py
[2026-05-25T16:23:40.760+0000] {processor.py:840} INFO - DAG(s) 'berlin_social_atlas' retrieved from /opt/airflow/dags/berlin_mss_pipeline.py
[2026-05-25T16:23:40.783+0000] {logging_mixin.py:188} INFO - [2026-05-25T16:23:40.783+0000] {dag.py:3096} INFO - Sync 1 DAGs
[2026-05-25T16:23:40.799+0000] {logging_mixin.py:188} INFO - [2026-05-25T16:23:40.799+0000] {dag.py:3954} INFO - Setting next_dagrun for berlin_social_atlas to 2026-01-01 06:00:00+00:00, run_after=2027-01-01 06:00:00+00:00
[2026-05-25T16:23:40.813+0000] {processor.py:183} INFO - Processing /opt/airflow/dags/berlin_mss_pipeline.py took 0.083 seconds
[2026-05-25T16:24:11.003+0000] {processor.py:161} INFO - Started process (PID=1578) to work on /opt/airflow/dags/berlin_mss_pipeline.py
[2026-05-25T16:24:11.004+0000] {processor.py:830} INFO - Processing file /opt/airflow/dags/berlin_mss_pipeline.py for tasks to queue
[2026-05-25T16:24:11.006+0000] {logging_mixin.py:188} INFO - [2026-05-25T16:24:11.005+0000] {dagbag.py:545} INFO - Filling up the DagBag from /opt/airflow/dags/berlin_mss_pipeline.py
[2026-05-25T16:24:11.017+0000] {processor.py:840} INFO - DAG(s) 'berlin_social_atlas' retrieved from /opt/airflow/dags/berlin_mss_pipeline.py
[2026-05-25T16:24:11.039+0000] {logging_mixin.py:188} INFO - [2026-05-25T16:24:11.039+0000] {dag.py:3096} INFO - Sync 1 DAGs
[2026-05-25T16:24:11.055+0000] {logging_mixin.py:188} INFO - [2026-05-25T16:24:11.055+0000] {dag.py:3954} INFO - Setting next_dagrun for berlin_social_atlas to 2026-01-01 06:00:00+00:00, run_after=2027-01-01 06:00:00+00:00
[2026-05-25T16:24:11.066+0000] {processor.py:183} INFO - Processing /opt/airflow/dags/berlin_mss_pipeline.py took 0.069 seconds
[2026-05-25T16:24:41.255+0000] {processor.py:161} INFO - Started process (PID=1583) to work on /opt/airflow/dags/berlin_mss_pipeline.py
[2026-05-25T16:24:41.255+0000] {processor.py:830} INFO - Processing file /opt/airflow/dags/berlin_mss_pipeline.py for tasks to queue
[2026-05-25T16:24:41.256+0000] {logging_mixin.py:188} INFO - [2026-05-25T16:24:41.256+0000] {dagbag.py:545} INFO - Filling up the DagBag from /opt/airflow/dags/berlin_mss_pipeline.py
[2026-05-25T16:24:41.268+0000] {processor.py:840} INFO - DAG(s) 'berlin_social_atlas' retrieved from /opt/airflow/dags/berlin_mss_pipeline.py
[2026-05-25T16:24:41.302+0000] {logging_mixin.py:188} INFO - [2026-05-25T16:24:41.302+0000] {dag.py:3096} INFO - Sync 1 DAGs
[2026-05-25T16:24:41.318+0000] {logging_mixin.py:188} INFO - [2026-05-25T16:24:41.318+0000] {dag.py:3954} INFO - Setting next_dagrun for berlin_social_atlas to 2026-01-01 06:00:00+00:00, run_after=2027-01-01 06:00:00+00:00
[2026-05-25T16:24:41.329+0000] {processor.py:183} INFO - Processing /opt/airflow/dags/berlin_mss_pipeline.py took 0.080 seconds
[2026-05-25T16:25:11.581+0000] {processor.py:161} INFO - Started process (PID=1588) to work on /opt/airflow/dags/berlin_mss_pipeline.py
[2026-05-25T16:25:11.582+0000] {processor.py:830} INFO - Processing file /opt/airflow/dags/berlin_mss_pipeline.py for tasks to queue
[2026-05-25T16:25:11.584+0000] {logging_mixin.py:188} INFO - [2026-05-25T16:25:11.583+0000] {dagbag.py:545} INFO - Filling up the DagBag from /opt/airflow/dags/berlin_mss_pipeline.py
[2026-05-25T16:25:11.596+0000] {processor.py:840} INFO - DAG(s) 'berlin_social_atlas' retrieved from /opt/airflow/dags/berlin_mss_pipeline.py
[2026-05-25T16:25:11.619+0000] {logging_mixin.py:188} INFO - [2026-05-25T16:25:11.619+0000] {dag.py:3096} INFO - Sync 1 DAGs
[2026-05-25T16:25:11.632+0000] {logging_mixin.py:188} INFO - [2026-05-25T16:25:11.632+0000] {dag.py:3954} INFO - Setting next_dagrun for berlin_social_atlas to 2026-01-01 06:00:00+00:00, run_after=2027-01-01 06:00:00+00:00
[2026-05-25T16:25:11.641+0000] {processor.py:183} INFO - Processing /opt/airflow/dags/berlin_mss_pipeline.py took 0.066 seconds
[2026-05-25T16:25:41.865+0000] {processor.py:161} INFO - Started process (PID=1593) to work on /opt/airflow/dags/berlin_mss_pipeline.py
[2026-05-25T16:25:41.866+0000] {processor.py:830} INFO - Processing file /opt/airflow/dags/berlin_mss_pipeline.py for tasks to queue
[2026-05-25T16:25:41.868+0000] {logging_mixin.py:188} INFO - [2026-05-25T16:25:41.867+0000] {dagbag.py:545} INFO - Filling up the DagBag from /opt/airflow/dags/berlin_mss_pipeline.py
[2026-05-25T16:25:41.879+0000] {processor.py:840} INFO - DAG(s) 'berlin_social_atlas' retrieved from /opt/airflow/dags/berlin_mss_pipeline.py
[2026-05-25T16:25:41.904+0000] {logging_mixin.py:188} INFO - [2026-05-25T16:25:41.904+0000] {dag.py:3096} INFO - Sync 1 DAGs
[2026-05-25T16:25:41.917+0000] {logging_mixin.py:188} INFO - [2026-05-25T16:25:41.917+0000] {dag.py:3954} INFO - Setting next_dagrun for berlin_social_atlas to 2026-01-01 06:00:00+00:00, run_after=2027-01-01 06:00:00+00:00
[2026-05-25T16:25:41.926+0000] {processor.py:183} INFO - Processing /opt/airflow/dags/berlin_mss_pipeline.py took 0.067 seconds
[2026-05-25T16:26:12.160+0000] {processor.py:161} INFO - Started process (PID=1598) to work on /opt/airflow/dags/berlin_mss_pipeline.py
[2026-05-25T16:26:12.162+0000] {processor.py:830} INFO - Processing file /opt/airflow/dags/berlin_mss_pipeline.py for tasks to queue
[2026-05-25T16:26:12.165+0000] {logging_mixin.py:188} INFO - [2026-05-25T16:26:12.165+0000] {dagbag.py:545} INFO - Filling up the DagBag from /opt/airflow/dags/berlin_mss_pipeline.py
[2026-05-25T16:26:12.182+0000] {processor.py:840} INFO - DAG(s) 'berlin_social_atlas' retrieved from /opt/airflow/dags/berlin_mss_pipeline.py
[2026-05-25T16:26:12.207+0000] {logging_mixin.py:188} INFO - [2026-05-25T16:26:12.207+0000] {dag.py:3096} INFO - Sync 1 DAGs
[2026-05-25T16:26:12.223+0000] {logging_mixin.py:188} INFO - [2026-05-25T16:26:12.223+0000] {dag.py:3954} INFO - Setting next_dagrun for berlin_social_atlas to 2026-01-01 06:00:00+00:00, run_after=2027-01-01 06:00:00+00:00
[2026-05-25T16:26:12.235+0000] {processor.py:183} INFO - Processing /opt/airflow/dags/berlin_mss_pipeline.py took 0.085 seconds
[2026-05-25T16:26:42.409+0000] {processor.py:161} INFO - Started process (PID=1603) to work on /opt/airflow/dags/berlin_mss_pipeline.py
[2026-05-25T16:26:42.410+0000] {processor.py:830} INFO - Processing file /opt/airflow/dags/berlin_mss_pipeline.py for tasks to queue
[2026-05-25T16:26:42.413+0000] {logging_mixin.py:188} INFO - [2026-05-25T16:26:42.412+0000] {dagbag.py:545} INFO - Filling up the DagBag from /opt/airflow/dags/berlin_mss_pipeline.py
[2026-05-25T16:26:42.426+0000] {processor.py:840} INFO - DAG(s) 'berlin_social_atlas' retrieved from /opt/airflow/dags/berlin_mss_pipeline.py
[2026-05-25T16:26:42.457+0000] {logging_mixin.py:188} INFO - [2026-05-25T16:26:42.457+0000] {dag.py:3096} INFO - Sync 1 DAGs
[2026-05-25T16:26:42.481+0000] {logging_mixin.py:188} INFO - [2026-05-25T16:26:42.480+0000] {dag.py:3954} INFO - Setting next_dagrun for berlin_social_atlas to 2026-01-01 06:00:00+00:00, run_after=2027-01-01 06:00:00+00:00
[2026-05-25T16:26:42.493+0000] {processor.py:183} INFO - Processing /opt/airflow/dags/berlin_mss_pipeline.py took 0.092 seconds
[2026-05-25T16:27:12.745+0000] {processor.py:161} INFO - Started process (PID=1608) to work on /opt/airflow/dags/berlin_mss_pipeline.py
[2026-05-25T16:27:12.746+0000] {processor.py:830} INFO - Processing file /opt/airflow/dags/berlin_mss_pipeline.py for tasks to queue
[2026-05-25T16:27:12.748+0000] {logging_mixin.py:188} INFO - [2026-05-25T16:27:12.748+0000] {dagbag.py:545} INFO - Filling up the DagBag from /opt/airflow/dags/berlin_mss_pipeline.py
[2026-05-25T16:27:12.759+0000] {processor.py:840} INFO - DAG(s) 'berlin_social_atlas' retrieved from /opt/airflow/dags/berlin_mss_pipeline.py
[2026-05-25T16:27:12.787+0000] {logging_mixin.py:188} INFO - [2026-05-25T16:27:12.787+0000] {dag.py:3096} INFO - Sync 1 DAGs
[2026-05-25T16:27:12.808+0000] {logging_mixin.py:188} INFO - [2026-05-25T16:27:12.808+0000] {dag.py:3954} INFO - Setting next_dagrun for berlin_social_atlas to 2026-01-01 06:00:00+00:00, run_after=2027-01-01 06:00:00+00:00
[2026-05-25T16:27:12.823+0000] {processor.py:183} INFO - Processing /opt/airflow/dags/berlin_mss_pipeline.py took 0.083 seconds
[2026-05-25T16:27:42.936+0000] {processor.py:161} INFO - Started process (PID=1613) to work on /opt/airflow/dags/berlin_mss_pipeline.py
[2026-05-25T16:27:42.936+0000] {processor.py:830} INFO - Processing file /opt/airflow/dags/berlin_mss_pipeline.py for tasks to queue
[2026-05-25T16:27:42.937+0000] {logging_mixin.py:188} INFO - [2026-05-25T16:27:42.937+0000] {dagbag.py:545} INFO - Filling up the DagBag from /opt/airflow/dags/berlin_mss_pipeline.py
[2026-05-25T16:27:42.945+0000] {processor.py:840} INFO - DAG(s) 'berlin_social_atlas' retrieved from /opt/airflow/dags/berlin_mss_pipeline.py
[2026-05-25T16:27:42.961+0000] {logging_mixin.py:188} INFO - [2026-05-25T16:27:42.961+0000] {dag.py:3096} INFO - Sync 1 DAGs
[2026-05-25T16:27:42.971+0000] {logging_mixin.py:188} INFO - [2026-05-25T16:27:42.971+0000] {dag.py:3954} INFO - Setting next_dagrun for berlin_social_atlas to 2026-01-01 06:00:00+00:00, run_after=2027-01-01 06:00:00+00:00
[2026-05-25T16:27:42.979+0000] {processor.py:183} INFO - Processing /opt/airflow/dags/berlin_mss_pipeline.py took 0.047 seconds
[2026-05-25T16:28:13.164+0000] {processor.py:161} INFO - Started process (PID=1618) to work on /opt/airflow/dags/berlin_mss_pipeline.py
[2026-05-25T16:28:13.165+0000] {processor.py:830} INFO - Processing file /opt/airflow/dags/berlin_mss_pipeline.py for tasks to queue
[2026-05-25T16:28:13.167+0000] {logging_mixin.py:188} INFO - [2026-05-25T16:28:13.166+0000] {dagbag.py:545} INFO - Filling up the DagBag from /opt/airflow/dags/berlin_mss_pipeline.py
[2026-05-25T16:28:13.180+0000] {processor.py:840} INFO - DAG(s) 'berlin_social_atlas' retrieved from /opt/airflow/dags/berlin_mss_pipeline.py
[2026-05-25T16:28:13.197+0000] {logging_mixin.py:188} INFO - [2026-05-25T16:28:13.197+0000] {dag.py:3096} INFO - Sync 1 DAGs
[2026-05-25T16:28:13.212+0000] {logging_mixin.py:188} INFO - [2026-05-25T16:28:13.212+0000] {dag.py:3954} INFO - Setting next_dagrun for berlin_social_atlas to 2026-01-01 06:00:00+00:00, run_after=2027-01-01 06:00:00+00:00
[2026-05-25T16:28:13.222+0000] {processor.py:183} INFO - Processing /opt/airflow/dags/berlin_mss_pipeline.py took 0.063 seconds
[2026-05-25T16:28:43.435+0000] {processor.py:161} INFO - Started process (PID=1623) to work on /opt/airflow/dags/berlin_mss_pipeline.py
[2026-05-25T16:28:43.436+0000] {processor.py:830} INFO - Processing file /opt/airflow/dags/berlin_mss_pipeline.py for tasks to queue
[2026-05-25T16:28:43.437+0000] {logging_mixin.py:188} INFO - [2026-05-25T16:28:43.437+0000] {dagbag.py:545} INFO - Filling up the DagBag from /opt/airflow/dags/berlin_mss_pipeline.py
[2026-05-25T16:28:43.447+0000] {processor.py:840} INFO - DAG(s) 'berlin_social_atlas' retrieved from /opt/airflow/dags/berlin_mss_pipeline.py
[2026-05-25T16:28:43.473+0000] {logging_mixin.py:188} INFO - [2026-05-25T16:28:43.473+0000] {dag.py:3096} INFO - Sync 1 DAGs
[2026-05-25T16:28:43.488+0000] {logging_mixin.py:188} INFO - [2026-05-25T16:28:43.488+0000] {dag.py:3954} INFO - Setting next_dagrun for berlin_social_atlas to 2026-01-01 06:00:00+00:00, run_after=2027-01-01 06:00:00+00:00
[2026-05-25T16:28:43.498+0000] {processor.py:183} INFO - Processing /opt/airflow/dags/berlin_mss_pipeline.py took 0.067 seconds
[2026-05-25T16:29:13.710+0000] {processor.py:161} INFO - Started process (PID=1628) to work on /opt/airflow/dags/berlin_mss_pipeline.py
[2026-05-25T16:29:13.711+0000] {processor.py:830} INFO - Processing file /opt/airflow/dags/berlin_mss_pipeline.py for tasks to queue
[2026-05-25T16:29:13.712+0000] {logging_mixin.py:188} INFO - [2026-05-25T16:29:13.712+0000] {dagbag.py:545} INFO - Filling up the DagBag from /opt/airflow/dags/berlin_mss_pipeline.py
[2026-05-25T16:29:13.719+0000] {processor.py:840} INFO - DAG(s) 'berlin_social_atlas' retrieved from /opt/airflow/dags/berlin_mss_pipeline.py
[2026-05-25T16:29:13.736+0000] {logging_mixin.py:188} INFO - [2026-05-25T16:29:13.736+0000] {dag.py:3096} INFO - Sync 1 DAGs
[2026-05-25T16:29:13.747+0000] {logging_mixin.py:188} INFO - [2026-05-25T16:29:13.747+0000] {dag.py:3954} INFO - Setting next_dagrun for berlin_social_atlas to 2026-01-01 06:00:00+00:00, run_after=2027-01-01 06:00:00+00:00
[2026-05-25T16:29:13.755+0000] {processor.py:183} INFO - Processing /opt/airflow/dags/berlin_mss_pipeline.py took 0.049 seconds
[2026-05-25T16:29:44.004+0000] {processor.py:161} INFO - Started process (PID=1633) to work on /opt/airflow/dags/berlin_mss_pipeline.py
[2026-05-25T16:29:44.005+0000] {processor.py:830} INFO - Processing file /opt/airflow/dags/berlin_mss_pipeline.py for tasks to queue
[2026-05-25T16:29:44.007+0000] {logging_mixin.py:188} INFO - [2026-05-25T16:29:44.006+0000] {dagbag.py:545} INFO - Filling up the DagBag from /opt/airflow/dags/berlin_mss_pipeline.py
[2026-05-25T16:29:44.019+0000] {processor.py:840} INFO - DAG(s) 'berlin_social_atlas' retrieved from /opt/airflow/dags/berlin_mss_pipeline.py
[2026-05-25T16:29:44.049+0000] {logging_mixin.py:188} INFO - [2026-05-25T16:29:44.049+0000] {dag.py:3096} INFO - Sync 1 DAGs
[2026-05-25T16:29:44.069+0000] {logging_mixin.py:188} INFO - [2026-05-25T16:29:44.069+0000] {dag.py:3954} INFO - Setting next_dagrun for berlin_social_atlas to 2026-01-01 06:00:00+00:00, run_after=2027-01-01 06:00:00+00:00
[2026-05-25T16:29:44.080+0000] {processor.py:183} INFO - Processing /opt/airflow/dags/berlin_mss_pipeline.py took 0.082 seconds
[2026-05-25T16:30:14.299+0000] {processor.py:161} INFO - Started process (PID=1638) to work on /opt/airflow/dags/berlin_mss_pipeline.py
[2026-05-25T16:30:14.300+0000] {processor.py:830} INFO - Processing file /opt/airflow/dags/berlin_mss_pipeline.py for tasks to queue
[2026-05-25T16:30:14.302+0000] {logging_mixin.py:188} INFO - [2026-05-25T16:30:14.301+0000] {dagbag.py:545} INFO - Filling up the DagBag from /opt/airflow/dags/berlin_mss_pipeline.py
[2026-05-25T16:30:14.313+0000] {processor.py:840} INFO - DAG(s) 'berlin_social_atlas' retrieved from /opt/airflow/dags/berlin_mss_pipeline.py
[2026-05-25T16:30:14.336+0000] {logging_mixin.py:188} INFO - [2026-05-25T16:30:14.336+0000] {dag.py:3096} INFO - Sync 1 DAGs
[2026-05-25T16:30:14.349+0000] {logging_mixin.py:188} INFO - [2026-05-25T16:30:14.349+0000] {dag.py:3954} INFO - Setting next_dagrun for berlin_social_atlas to 2026-01-01 06:00:00+00:00, run_after=2027-01-01 06:00:00+00:00
[2026-05-25T16:30:14.359+0000] {processor.py:183} INFO - Processing /opt/airflow/dags/berlin_mss_pipeline.py took 0.066 seconds
[2026-05-25T16:30:44.584+0000] {processor.py:161} INFO - Started process (PID=1643) to work on /opt/airflow/dags/berlin_mss_pipeline.py
[2026-05-25T16:30:44.584+0000] {processor.py:830} INFO - Processing file /opt/airflow/dags/berlin_mss_pipeline.py for tasks to queue
[2026-05-25T16:30:44.585+0000] {logging_mixin.py:188} INFO - [2026-05-25T16:30:44.585+0000] {dagbag.py:545} INFO - Filling up the DagBag from /opt/airflow/dags/berlin_mss_pipeline.py
[2026-05-25T16:30:44.592+0000] {processor.py:840} INFO - DAG(s) 'berlin_social_atlas' retrieved from /opt/airflow/dags/berlin_mss_pipeline.py
[2026-05-25T16:30:44.614+0000] {logging_mixin.py:188} INFO - [2026-05-25T16:30:44.614+0000] {dag.py:3096} INFO - Sync 1 DAGs
[2026-05-25T16:30:44.631+0000] {logging_mixin.py:188} INFO - [2026-05-25T16:30:44.631+0000] {dag.py:3954} INFO - Setting next_dagrun for berlin_social_atlas to 2026-01-01 06:00:00+00:00, run_after=2027-01-01 06:00:00+00:00
[2026-05-25T16:30:44.643+0000] {processor.py:183} INFO - Processing /opt/airflow/dags/berlin_mss_pipeline.py took 0.062 seconds
[2026-05-25T16:31:14.905+0000] {processor.py:161} INFO - Started process (PID=1648) to work on /opt/airflow/dags/berlin_mss_pipeline.py
[2026-05-25T16:31:14.906+0000] {processor.py:830} INFO - Processing file /opt/airflow/dags/berlin_mss_pipeline.py for tasks to queue
[2026-05-25T16:31:14.908+0000] {logging_mixin.py:188} INFO - [2026-05-25T16:31:14.908+0000] {dagbag.py:545} INFO - Filling up the DagBag from /opt/airflow/dags/berlin_mss_pipeline.py
[2026-05-25T16:31:14.925+0000] {processor.py:840} INFO - DAG(s) 'berlin_social_atlas' retrieved from /opt/airflow/dags/berlin_mss_pipeline.py
[2026-05-25T16:31:14.946+0000] {logging_mixin.py:188} INFO - [2026-05-25T16:31:14.946+0000] {dag.py:3096} INFO - Sync 1 DAGs
[2026-05-25T16:31:14.960+0000] {logging_mixin.py:188} INFO - [2026-05-25T16:31:14.960+0000] {dag.py:3954} INFO - Setting next_dagrun for berlin_social_atlas to 2026-01-01 06:00:00+00:00, run_after=2027-01-01 06:00:00+00:00
[2026-05-25T16:31:14.969+0000] {processor.py:183} INFO - Processing /opt/airflow/dags/berlin_mss_pipeline.py took 0.073 seconds
[2026-05-25T16:31:45.154+0000] {processor.py:161} INFO - Started process (PID=1653) to work on /opt/airflow/dags/berlin_mss_pipeline.py
[2026-05-25T16:31:45.155+0000] {processor.py:830} INFO - Processing file /opt/airflow/dags/berlin_mss_pipeline.py for tasks to queue
[2026-05-25T16:31:45.157+0000] {logging_mixin.py:188} INFO - [2026-05-25T16:31:45.156+0000] {dagbag.py:545} INFO - Filling up the DagBag from /opt/airflow/dags/berlin_mss_pipeline.py
[2026-05-25T16:31:45.170+0000] {processor.py:840} INFO - DAG(s) 'berlin_social_atlas' retrieved from /opt/airflow/dags/berlin_mss_pipeline.py
[2026-05-25T16:31:45.209+0000] {logging_mixin.py:188} INFO - [2026-05-25T16:31:45.208+0000] {dag.py:3096} INFO - Sync 1 DAGs
[2026-05-25T16:31:45.231+0000] {logging_mixin.py:188} INFO - [2026-05-25T16:31:45.231+0000] {dag.py:3954} INFO - Setting next_dagrun for berlin_social_atlas to 2026-01-01 06:00:00+00:00, run_after=2027-01-01 06:00:00+00:00
[2026-05-25T16:31:45.244+0000] {processor.py:183} INFO - Processing /opt/airflow/dags/berlin_mss_pipeline.py took 0.098 seconds
[2026-05-25T16:32:15.527+0000] {processor.py:161} INFO - Started process (PID=1658) to work on /opt/airflow/dags/berlin_mss_pipeline.py
[2026-05-25T16:32:15.528+0000] {processor.py:830} INFO - Processing file /opt/airflow/dags/berlin_mss_pipeline.py for tasks to queue
[2026-05-25T16:32:15.531+0000] {logging_mixin.py:188} INFO - [2026-05-25T16:32:15.530+0000] {dagbag.py:545} INFO - Filling up the DagBag from /opt/airflow/dags/berlin_mss_pipeline.py
[2026-05-25T16:32:15.547+0000] {processor.py:840} INFO - DAG(s) 'berlin_social_atlas' retrieved from /opt/airflow/dags/berlin_mss_pipeline.py
[2026-05-25T16:32:15.564+0000] {logging_mixin.py:188} INFO - [2026-05-25T16:32:15.564+0000] {dag.py:3096} INFO - Sync 1 DAGs
[2026-05-25T16:32:15.577+0000] {logging_mixin.py:188} INFO - [2026-05-25T16:32:15.577+0000] {dag.py:3954} INFO - Setting next_dagrun for berlin_social_atlas to 2026-01-01 06:00:00+00:00, run_after=2027-01-01 06:00:00+00:00
[2026-05-25T16:32:15.585+0000] {processor.py:183} INFO - Processing /opt/airflow/dags/berlin_mss_pipeline.py took 0.065 seconds
[2026-05-25T16:32:45.797+0000] {processor.py:161} INFO - Started process (PID=1663) to work on /opt/airflow/dags/berlin_mss_pipeline.py
[2026-05-25T16:32:45.798+0000] {processor.py:830} INFO - Processing file /opt/airflow/dags/berlin_mss_pipeline.py for tasks to queue
[2026-05-25T16:32:45.799+0000] {logging_mixin.py:188} INFO - [2026-05-25T16:32:45.799+0000] {dagbag.py:545} INFO - Filling up the DagBag from /opt/airflow/dags/berlin_mss_pipeline.py
[2026-05-25T16:32:45.809+0000] {processor.py:840} INFO - DAG(s) 'berlin_social_atlas' retrieved from /opt/airflow/dags/berlin_mss_pipeline.py
[2026-05-25T16:32:45.842+0000] {logging_mixin.py:188} INFO - [2026-05-25T16:32:45.842+0000] {dag.py:3096} INFO - Sync 1 DAGs
[2026-05-25T16:32:45.866+0000] {logging_mixin.py:188} INFO - [2026-05-25T16:32:45.865+0000] {dag.py:3954} INFO - Setting next_dagrun for berlin_social_atlas to 2026-01-01 06:00:00+00:00, run_after=2027-01-01 06:00:00+00:00
[2026-05-25T16:32:45.879+0000] {processor.py:183} INFO - Processing /opt/airflow/dags/berlin_mss_pipeline.py took 0.086 seconds
[2026-05-25T16:33:16.046+0000] {processor.py:161} INFO - Started process (PID=1668) to work on /opt/airflow/dags/berlin_mss_pipeline.py
[2026-05-25T16:33:16.047+0000] {processor.py:830} INFO - Processing file /opt/airflow/dags/berlin_mss_pipeline.py for tasks to queue
[2026-05-25T16:33:16.048+0000] {logging_mixin.py:188} INFO - [2026-05-25T16:33:16.048+0000] {dagbag.py:545} INFO - Filling up the DagBag from /opt/airflow/dags/berlin_mss_pipeline.py
[2026-05-25T16:33:16.059+0000] {processor.py:840} INFO - DAG(s) 'berlin_social_atlas' retrieved from /opt/airflow/dags/berlin_mss_pipeline.py
[2026-05-25T16:33:16.079+0000] {logging_mixin.py:188} INFO - [2026-05-25T16:33:16.079+0000] {dag.py:3096} INFO - Sync 1 DAGs
[2026-05-25T16:33:16.097+0000] {logging_mixin.py:188} INFO - [2026-05-25T16:33:16.097+0000] {dag.py:3954} INFO - Setting next_dagrun for berlin_social_atlas to 2026-01-01 06:00:00+00:00, run_after=2027-01-01 06:00:00+00:00
[2026-05-25T16:33:16.108+0000] {processor.py:183} INFO - Processing /opt/airflow/dags/berlin_mss_pipeline.py took 0.069 seconds
[2026-05-25T16:39:25.641+0000] {processor.py:161} INFO - Started process (PID=1673) to work on /opt/airflow/dags/berlin_mss_pipeline.py
[2026-05-25T16:39:25.642+0000] {processor.py:830} INFO - Processing file /opt/airflow/dags/berlin_mss_pipeline.py for tasks to queue
[2026-05-25T16:39:25.645+0000] {logging_mixin.py:188} INFO - [2026-05-25T16:39:25.644+0000] {dagbag.py:545} INFO - Filling up the DagBag from /opt/airflow/dags/berlin_mss_pipeline.py
[2026-05-25T16:39:25.662+0000] {processor.py:840} INFO - DAG(s) 'berlin_social_atlas' retrieved from /opt/airflow/dags/berlin_mss_pipeline.py
[2026-05-25T16:39:25.708+0000] {logging_mixin.py:188} INFO - [2026-05-25T16:39:25.707+0000] {dag.py:3096} INFO - Sync 1 DAGs
[2026-05-25T16:39:25.737+0000] {logging_mixin.py:188} INFO - [2026-05-25T16:39:25.737+0000] {dag.py:3954} INFO - Setting next_dagrun for berlin_social_atlas to 2026-01-01 06:00:00+00:00, run_after=2027-01-01 06:00:00+00:00
[2026-05-25T16:39:25.755+0000] {processor.py:183} INFO - Processing /opt/airflow/dags/berlin_mss_pipeline.py took 0.123 seconds
[2026-05-25T16:39:55.880+0000] {processor.py:161} INFO - Started process (PID=1678) to work on /opt/airflow/dags/berlin_mss_pipeline.py
[2026-05-25T16:39:55.882+0000] {processor.py:830} INFO - Processing file /opt/airflow/dags/berlin_mss_pipeline.py for tasks to queue
[2026-05-25T16:39:55.884+0000] {logging_mixin.py:188} INFO - [2026-05-25T16:39:55.883+0000] {dagbag.py:545} INFO - Filling up the DagBag from /opt/airflow/dags/berlin_mss_pipeline.py
[2026-05-25T16:39:55.895+0000] {processor.py:840} INFO - DAG(s) 'berlin_social_atlas' retrieved from /opt/airflow/dags/berlin_mss_pipeline.py
[2026-05-25T16:39:55.917+0000] {logging_mixin.py:188} INFO - [2026-05-25T16:39:55.917+0000] {dag.py:3096} INFO - Sync 1 DAGs
[2026-05-25T16:39:55.930+0000] {logging_mixin.py:188} INFO - [2026-05-25T16:39:55.930+0000] {dag.py:3954} INFO - Setting next_dagrun for berlin_social_atlas to 2026-01-01 06:00:00+00:00, run_after=2027-01-01 06:00:00+00:00
[2026-05-25T16:39:55.943+0000] {processor.py:183} INFO - Processing /opt/airflow/dags/berlin_mss_pipeline.py took 0.068 seconds
[2026-05-25T16:40:26.163+0000] {processor.py:161} INFO - Started process (PID=1683) to work on /opt/airflow/dags/berlin_mss_pipeline.py
[2026-05-25T16:40:26.164+0000] {processor.py:830} INFO - Processing file /opt/airflow/dags/berlin_mss_pipeline.py for tasks to queue
[2026-05-25T16:40:26.167+0000] {logging_mixin.py:188} INFO - [2026-05-25T16:40:26.166+0000] {dagbag.py:545} INFO - Filling up the DagBag from /opt/airflow/dags/berlin_mss_pipeline.py
[2026-05-25T16:40:26.183+0000] {processor.py:840} INFO - DAG(s) 'berlin_social_atlas' retrieved from /opt/airflow/dags/berlin_mss_pipeline.py
[2026-05-25T16:40:26.210+0000] {logging_mixin.py:188} INFO - [2026-05-25T16:40:26.209+0000] {dag.py:3096} INFO - Sync 1 DAGs
[2026-05-25T16:40:26.225+0000] {logging_mixin.py:188} INFO - [2026-05-25T16:40:26.225+0000] {dag.py:3954} INFO - Setting next_dagrun for berlin_social_atlas to 2026-01-01 06:00:00+00:00, run_after=2027-01-01 06:00:00+00:00
[2026-05-25T16:40:26.235+0000] {processor.py:183} INFO - Processing /opt/airflow/dags/berlin_mss_pipeline.py took 0.081 seconds
[2026-05-25T16:40:56.539+0000] {processor.py:161} INFO - Started process (PID=1688) to work on /opt/airflow/dags/berlin_mss_pipeline.py
[2026-05-25T16:40:56.540+0000] {processor.py:830} INFO - Processing file /opt/airflow/dags/berlin_mss_pipeline.py for tasks to queue
[2026-05-25T16:40:56.542+0000] {logging_mixin.py:188} INFO - [2026-05-25T16:40:56.542+0000] {dagbag.py:545} INFO - Filling up the DagBag from /opt/airflow/dags/berlin_mss_pipeline.py
[2026-05-25T16:40:56.555+0000] {processor.py:840} INFO - DAG(s) 'berlin_social_atlas' retrieved from /opt/airflow/dags/berlin_mss_pipeline.py
[2026-05-25T16:40:56.581+0000] {logging_mixin.py:188} INFO - [2026-05-25T16:40:56.581+0000] {dag.py:3096} INFO - Sync 1 DAGs
[2026-05-25T16:40:56.594+0000] {logging_mixin.py:188} INFO - [2026-05-25T16:40:56.594+0000] {dag.py:3954} INFO - Setting next_dagrun for berlin_social_atlas to 2026-01-01 06:00:00+00:00, run_after=2027-01-01 06:00:00+00:00
[2026-05-25T16:40:56.602+0000] {processor.py:183} INFO - Processing /opt/airflow/dags/berlin_mss_pipeline.py took 0.072 seconds
[2026-05-25T16:41:26.849+0000] {processor.py:161} INFO - Started process (PID=1720) to work on /opt/airflow/dags/berlin_mss_pipeline.py
[2026-05-25T16:41:26.850+0000] {processor.py:830} INFO - Processing file /opt/airflow/dags/berlin_mss_pipeline.py for tasks to queue
[2026-05-25T16:41:26.852+0000] {logging_mixin.py:188} INFO - [2026-05-25T16:41:26.852+0000] {dagbag.py:545} INFO - Filling up the DagBag from /opt/airflow/dags/berlin_mss_pipeline.py
[2026-05-25T16:41:26.864+0000] {processor.py:840} INFO - DAG(s) 'berlin_social_atlas' retrieved from /opt/airflow/dags/berlin_mss_pipeline.py
[2026-05-25T16:41:26.884+0000] {logging_mixin.py:188} INFO - [2026-05-25T16:41:26.884+0000] {dag.py:3096} INFO - Sync 1 DAGs
[2026-05-25T16:41:26.896+0000] {logging_mixin.py:188} INFO - [2026-05-25T16:41:26.896+0000] {dag.py:3954} INFO - Setting next_dagrun for berlin_social_atlas to 2026-01-01 06:00:00+00:00, run_after=2027-01-01 06:00:00+00:00
[2026-05-25T16:41:26.904+0000] {processor.py:183} INFO - Processing /opt/airflow/dags/berlin_mss_pipeline.py took 0.061 seconds
[2026-05-25T16:41:57.168+0000] {processor.py:161} INFO - Started process (PID=1725) to work on /opt/airflow/dags/berlin_mss_pipeline.py
[2026-05-25T16:41:57.170+0000] {processor.py:830} INFO - Processing file /opt/airflow/dags/berlin_mss_pipeline.py for tasks to queue
[2026-05-25T16:41:57.172+0000] {logging_mixin.py:188} INFO - [2026-05-25T16:41:57.172+0000] {dagbag.py:545} INFO - Filling up the DagBag from /opt/airflow/dags/berlin_mss_pipeline.py
[2026-05-25T16:41:57.189+0000] {processor.py:840} INFO - DAG(s) 'berlin_social_atlas' retrieved from /opt/airflow/dags/berlin_mss_pipeline.py
[2026-05-25T16:41:57.215+0000] {logging_mixin.py:188} INFO - [2026-05-25T16:41:57.215+0000] {dag.py:3096} INFO - Sync 1 DAGs
[2026-05-25T16:41:57.228+0000] {logging_mixin.py:188} INFO - [2026-05-25T16:41:57.228+0000] {dag.py:3954} INFO - Setting next_dagrun for berlin_social_atlas to 2026-01-01 06:00:00+00:00, run_after=2027-01-01 06:00:00+00:00
[2026-05-25T16:41:57.238+0000] {processor.py:183} INFO - Processing /opt/airflow/dags/berlin_mss_pipeline.py took 0.078 seconds
[2026-05-25T16:42:27.456+0000] {processor.py:161} INFO - Started process (PID=1730) to work on /opt/airflow/dags/berlin_mss_pipeline.py
[2026-05-25T16:42:27.457+0000] {processor.py:830} INFO - Processing file /opt/airflow/dags/berlin_mss_pipeline.py for tasks to queue
[2026-05-25T16:42:27.459+0000] {logging_mixin.py:188} INFO - [2026-05-25T16:42:27.459+0000] {dagbag.py:545} INFO - Filling up the DagBag from /opt/airflow/dags/berlin_mss_pipeline.py
[2026-05-25T16:42:27.471+0000] {processor.py:840} INFO - DAG(s) 'berlin_social_atlas' retrieved from /opt/airflow/dags/berlin_mss_pipeline.py
[2026-05-25T16:42:27.496+0000] {logging_mixin.py:188} INFO - [2026-05-25T16:42:27.496+0000] {dag.py:3096} INFO - Sync 1 DAGs
[2026-05-25T16:42:27.509+0000] {logging_mixin.py:188} INFO - [2026-05-25T16:42:27.509+0000] {dag.py:3954} INFO - Setting next_dagrun for berlin_social_atlas to 2026-01-01 06:00:00+00:00, run_after=2027-01-01 06:00:00+00:00
[2026-05-25T16:42:27.518+0000] {processor.py:183} INFO - Processing /opt/airflow/dags/berlin_mss_pipeline.py took 0.068 seconds
[2026-05-25T16:42:57.776+0000] {processor.py:161} INFO - Started process (PID=1735) to work on /opt/airflow/dags/berlin_mss_pipeline.py
[2026-05-25T16:42:57.777+0000] {processor.py:830} INFO - Processing file /opt/airflow/dags/berlin_mss_pipeline.py for tasks to queue
[2026-05-25T16:42:57.780+0000] {logging_mixin.py:188} INFO - [2026-05-25T16:42:57.779+0000] {dagbag.py:545} INFO - Filling up the DagBag from /opt/airflow/dags/berlin_mss_pipeline.py
[2026-05-25T16:42:57.794+0000] {processor.py:840} INFO - DAG(s) 'berlin_social_atlas' retrieved from /opt/airflow/dags/berlin_mss_pipeline.py
[2026-05-25T16:42:57.822+0000] {logging_mixin.py:188} INFO - [2026-05-25T16:42:57.821+0000] {dag.py:3096} INFO - Sync 1 DAGs
[2026-05-25T16:42:57.834+0000] {logging_mixin.py:188} INFO - [2026-05-25T16:42:57.834+0000] {dag.py:3954} INFO - Setting next_dagrun for berlin_social_atlas to 2026-01-01 06:00:00+00:00, run_after=2027-01-01 06:00:00+00:00
[2026-05-25T16:42:57.843+0000] {processor.py:183} INFO - Processing /opt/airflow/dags/berlin_mss_pipeline.py took 0.076 seconds
[2026-05-25T16:43:28.116+0000] {processor.py:161} INFO - Started process (PID=1740) to work on /opt/airflow/dags/berlin_mss_pipeline.py
[2026-05-25T16:43:28.118+0000] {processor.py:830} INFO - Processing file /opt/airflow/dags/berlin_mss_pipeline.py for tasks to queue
[2026-05-25T16:43:28.121+0000] {logging_mixin.py:188} INFO - [2026-05-25T16:43:28.120+0000] {dagbag.py:545} INFO - Filling up the DagBag from /opt/airflow/dags/berlin_mss_pipeline.py
[2026-05-25T16:43:28.139+0000] {processor.py:840} INFO - DAG(s) 'berlin_social_atlas' retrieved from /opt/airflow/dags/berlin_mss_pipeline.py
[2026-05-25T16:43:28.165+0000] {logging_mixin.py:188} INFO - [2026-05-25T16:43:28.165+0000] {dag.py:3096} INFO - Sync 1 DAGs
[2026-05-25T16:43:28.182+0000] {logging_mixin.py:188} INFO - [2026-05-25T16:43:28.182+0000] {dag.py:3954} INFO - Setting next_dagrun for berlin_social_atlas to 2026-01-01 06:00:00+00:00, run_after=2027-01-01 06:00:00+00:00
[2026-05-25T16:43:28.193+0000] {processor.py:183} INFO - Processing /opt/airflow/dags/berlin_mss_pipeline.py took 0.088 seconds
[2026-05-25T16:43:58.409+0000] {processor.py:161} INFO - Started process (PID=1745) to work on /opt/airflow/dags/berlin_mss_pipeline.py
[2026-05-25T16:43:58.410+0000] {processor.py:830} INFO - Processing file /opt/airflow/dags/berlin_mss_pipeline.py for tasks to queue
[2026-05-25T16:43:58.412+0000] {logging_mixin.py:188} INFO - [2026-05-25T16:43:58.412+0000] {dagbag.py:545} INFO - Filling up the DagBag from /opt/airflow/dags/berlin_mss_pipeline.py
[2026-05-25T16:43:58.424+0000] {processor.py:840} INFO - DAG(s) 'berlin_social_atlas' retrieved from /opt/airflow/dags/berlin_mss_pipeline.py
[2026-05-25T16:43:58.453+0000] {logging_mixin.py:188} INFO - [2026-05-25T16:43:58.453+0000] {dag.py:3096} INFO - Sync 1 DAGs
[2026-05-25T16:43:58.468+0000] {logging_mixin.py:188} INFO - [2026-05-25T16:43:58.468+0000] {dag.py:3954} INFO - Setting next_dagrun for berlin_social_atlas to 2026-01-01 06:00:00+00:00, run_after=2027-01-01 06:00:00+00:00
[2026-05-25T16:43:58.478+0000] {processor.py:183} INFO - Processing /opt/airflow/dags/berlin_mss_pipeline.py took 0.077 seconds
[2026-05-25T16:44:28.818+0000] {processor.py:161} INFO - Started process (PID=1750) to work on /opt/airflow/dags/berlin_mss_pipeline.py
[2026-05-25T16:44:28.820+0000] {processor.py:830} INFO - Processing file /opt/airflow/dags/berlin_mss_pipeline.py for tasks to queue
[2026-05-25T16:44:28.823+0000] {logging_mixin.py:188} INFO - [2026-05-25T16:44:28.823+0000] {dagbag.py:545} INFO - Filling up the DagBag from /opt/airflow/dags/berlin_mss_pipeline.py
[2026-05-25T16:44:28.842+0000] {processor.py:840} INFO - DAG(s) 'berlin_social_atlas' retrieved from /opt/airflow/dags/berlin_mss_pipeline.py
[2026-05-25T16:44:28.868+0000] {logging_mixin.py:188} INFO - [2026-05-25T16:44:28.868+0000] {dag.py:3096} INFO - Sync 1 DAGs
[2026-05-25T16:44:28.883+0000] {logging_mixin.py:188} INFO - [2026-05-25T16:44:28.883+0000] {dag.py:3954} INFO - Setting next_dagrun for berlin_social_atlas to 2026-01-01 06:00:00+00:00, run_after=2027-01-01 06:00:00+00:00
[2026-05-25T16:44:28.892+0000] {processor.py:183} INFO - Processing /opt/airflow/dags/berlin_mss_pipeline.py took 0.086 seconds
[2026-05-25T16:44:59.111+0000] {processor.py:161} INFO - Started process (PID=1755) to work on /opt/airflow/dags/berlin_mss_pipeline.py
[2026-05-25T16:44:59.112+0000] {processor.py:830} INFO - Processing file /opt/airflow/dags/berlin_mss_pipeline.py for tasks to queue
[2026-05-25T16:44:59.116+0000] {logging_mixin.py:188} INFO - [2026-05-25T16:44:59.115+0000] {dagbag.py:545} INFO - Filling up the DagBag from /opt/airflow/dags/berlin_mss_pipeline.py
[2026-05-25T16:44:59.132+0000] {processor.py:840} INFO - DAG(s) 'berlin_social_atlas' retrieved from /opt/airflow/dags/berlin_mss_pipeline.py
[2026-05-25T16:44:59.157+0000] {logging_mixin.py:188} INFO - [2026-05-25T16:44:59.157+0000] {dag.py:3096} INFO - Sync 1 DAGs
[2026-05-25T16:44:59.171+0000] {logging_mixin.py:188} INFO - [2026-05-25T16:44:59.171+0000] {dag.py:3954} INFO - Setting next_dagrun for berlin_social_atlas to 2026-01-01 06:00:00+00:00, run_after=2027-01-01 06:00:00+00:00
[2026-05-25T16:44:59.180+0000] {processor.py:183} INFO - Processing /opt/airflow/dags/berlin_mss_pipeline.py took 0.083 seconds
[2026-05-25T16:45:29.360+0000] {processor.py:161} INFO - Started process (PID=1760) to work on /opt/airflow/dags/berlin_mss_pipeline.py
[2026-05-25T16:45:29.361+0000] {processor.py:830} INFO - Processing file /opt/airflow/dags/berlin_mss_pipeline.py for tasks to queue
[2026-05-25T16:45:29.363+0000] {logging_mixin.py:188} INFO - [2026-05-25T16:45:29.363+0000] {dagbag.py:545} INFO - Filling up the DagBag from /opt/airflow/dags/berlin_mss_pipeline.py
[2026-05-25T16:45:29.376+0000] {processor.py:840} INFO - DAG(s) 'berlin_social_atlas' retrieved from /opt/airflow/dags/berlin_mss_pipeline.py
[2026-05-25T16:45:29.408+0000] {logging_mixin.py:188} INFO - [2026-05-25T16:45:29.408+0000] {dag.py:3096} INFO - Sync 1 DAGs
[2026-05-25T16:45:29.423+0000] {logging_mixin.py:188} INFO - [2026-05-25T16:45:29.423+0000] {dag.py:3954} INFO - Setting next_dagrun for berlin_social_atlas to 2026-01-01 06:00:00+00:00, run_after=2027-01-01 06:00:00+00:00
[2026-05-25T16:45:29.431+0000] {processor.py:183} INFO - Processing /opt/airflow/dags/berlin_mss_pipeline.py took 0.076 seconds
[2026-05-25T16:45:59.668+0000] {processor.py:161} INFO - Started process (PID=1765) to work on /opt/airflow/dags/berlin_mss_pipeline.py
[2026-05-25T16:45:59.669+0000] {processor.py:830} INFO - Processing file /opt/airflow/dags/berlin_mss_pipeline.py for tasks to queue
[2026-05-25T16:45:59.672+0000] {logging_mixin.py:188} INFO - [2026-05-25T16:45:59.671+0000] {dagbag.py:545} INFO - Filling up the DagBag from /opt/airflow/dags/berlin_mss_pipeline.py
[2026-05-25T16:45:59.692+0000] {processor.py:840} INFO - DAG(s) 'berlin_social_atlas' retrieved from /opt/airflow/dags/berlin_mss_pipeline.py
[2026-05-25T16:45:59.728+0000] {logging_mixin.py:188} INFO - [2026-05-25T16:45:59.728+0000] {dag.py:3096} INFO - Sync 1 DAGs
[2026-05-25T16:45:59.743+0000] {logging_mixin.py:188} INFO - [2026-05-25T16:45:59.743+0000] {dag.py:3954} INFO - Setting next_dagrun for berlin_social_atlas to 2026-01-01 06:00:00+00:00, run_after=2027-01-01 06:00:00+00:00
[2026-05-25T16:45:59.753+0000] {processor.py:183} INFO - Processing /opt/airflow/dags/berlin_mss_pipeline.py took 0.095 seconds
[2026-05-25T16:46:29.981+0000] {processor.py:161} INFO - Started process (PID=1781) to work on /opt/airflow/dags/berlin_mss_pipeline.py
[2026-05-25T16:46:29.983+0000] {processor.py:830} INFO - Processing file /opt/airflow/dags/berlin_mss_pipeline.py for tasks to queue
[2026-05-25T16:46:29.985+0000] {logging_mixin.py:188} INFO - [2026-05-25T16:46:29.985+0000] {dagbag.py:545} INFO - Filling up the DagBag from /opt/airflow/dags/berlin_mss_pipeline.py
[2026-05-25T16:46:29.997+0000] {processor.py:840} INFO - DAG(s) 'berlin_social_atlas' retrieved from /opt/airflow/dags/berlin_mss_pipeline.py
[2026-05-25T16:46:30.020+0000] {logging_mixin.py:188} INFO - [2026-05-25T16:46:30.020+0000] {dag.py:3096} INFO - Sync 1 DAGs
[2026-05-25T16:46:30.033+0000] {logging_mixin.py:188} INFO - [2026-05-25T16:46:30.033+0000] {dag.py:3954} INFO - Setting next_dagrun for berlin_social_atlas to 2026-01-01 06:00:00+00:00, run_after=2027-01-01 06:00:00+00:00
[2026-05-25T16:46:30.042+0000] {processor.py:183} INFO - Processing /opt/airflow/dags/berlin_mss_pipeline.py took 0.068 seconds
[2026-05-25T16:47:00.316+0000] {processor.py:161} INFO - Started process (PID=1786) to work on /opt/airflow/dags/berlin_mss_pipeline.py
[2026-05-25T16:47:00.317+0000] {processor.py:830} INFO - Processing file /opt/airflow/dags/berlin_mss_pipeline.py for tasks to queue
[2026-05-25T16:47:00.321+0000] {logging_mixin.py:188} INFO - [2026-05-25T16:47:00.320+0000] {dagbag.py:545} INFO - Filling up the DagBag from /opt/airflow/dags/berlin_mss_pipeline.py
[2026-05-25T16:47:00.341+0000] {processor.py:840} INFO - DAG(s) 'berlin_social_atlas' retrieved from /opt/airflow/dags/berlin_mss_pipeline.py
[2026-05-25T16:47:00.370+0000] {logging_mixin.py:188} INFO - [2026-05-25T16:47:00.370+0000] {dag.py:3096} INFO - Sync 1 DAGs
[2026-05-25T16:47:00.384+0000] {logging_mixin.py:188} INFO - [2026-05-25T16:47:00.384+0000] {dag.py:3954} INFO - Setting next_dagrun for berlin_social_atlas to 2026-01-01 06:00:00+00:00, run_after=2027-01-01 06:00:00+00:00
[2026-05-25T16:47:00.393+0000] {processor.py:183} INFO - Processing /opt/airflow/dags/berlin_mss_pipeline.py took 0.088 seconds
[2026-05-25T16:47:30.618+0000] {processor.py:161} INFO - Started process (PID=1791) to work on /opt/airflow/dags/berlin_mss_pipeline.py
[2026-05-25T16:47:30.620+0000] {processor.py:830} INFO - Processing file /opt/airflow/dags/berlin_mss_pipeline.py for tasks to queue
[2026-05-25T16:47:30.622+0000] {logging_mixin.py:188} INFO - [2026-05-25T16:47:30.621+0000] {dagbag.py:545} INFO - Filling up the DagBag from /opt/airflow/dags/berlin_mss_pipeline.py
[2026-05-25T16:47:30.634+0000] {processor.py:840} INFO - DAG(s) 'berlin_social_atlas' retrieved from /opt/airflow/dags/berlin_mss_pipeline.py
[2026-05-25T16:47:30.656+0000] {logging_mixin.py:188} INFO - [2026-05-25T16:47:30.655+0000] {dag.py:3096} INFO - Sync 1 DAGs
[2026-05-25T16:47:30.669+0000] {logging_mixin.py:188} INFO - [2026-05-25T16:47:30.669+0000] {dag.py:3954} INFO - Setting next_dagrun for berlin_social_atlas to 2026-01-01 06:00:00+00:00, run_after=2027-01-01 06:00:00+00:00
[2026-05-25T16:47:30.678+0000] {processor.py:183} INFO - Processing /opt/airflow/dags/berlin_mss_pipeline.py took 0.067 seconds
[2026-05-25T16:48:00.964+0000] {processor.py:161} INFO - Started process (PID=1796) to work on /opt/airflow/dags/berlin_mss_pipeline.py
[2026-05-25T16:48:00.966+0000] {processor.py:830} INFO - Processing file /opt/airflow/dags/berlin_mss_pipeline.py for tasks to queue
[2026-05-25T16:48:00.969+0000] {logging_mixin.py:188} INFO - [2026-05-25T16:48:00.968+0000] {dagbag.py:545} INFO - Filling up the DagBag from /opt/airflow/dags/berlin_mss_pipeline.py
[2026-05-25T16:48:00.988+0000] {processor.py:840} INFO - DAG(s) 'berlin_social_atlas' retrieved from /opt/airflow/dags/berlin_mss_pipeline.py
[2026-05-25T16:48:01.016+0000] {logging_mixin.py:188} INFO - [2026-05-25T16:48:01.016+0000] {dag.py:3096} INFO - Sync 1 DAGs
[2026-05-25T16:48:01.031+0000] {logging_mixin.py:188} INFO - [2026-05-25T16:48:01.030+0000] {dag.py:3954} INFO - Setting next_dagrun for berlin_social_atlas to 2026-01-01 06:00:00+00:00, run_after=2027-01-01 06:00:00+00:00
[2026-05-25T16:48:01.040+0000] {processor.py:183} INFO - Processing /opt/airflow/dags/berlin_mss_pipeline.py took 0.086 seconds
