[0m16:29:29.059407 [debug] [MainThread]: Sending event: {'category': 'dbt', 'action': 'invocation', 'label': 'start', 'context': [<snowplow_tracker.self_describing_json.SelfDescribingJson object at 0xffff84724fe0>, <snowplow_tracker.self_describing_json.SelfDescribingJson object at 0xffff84724b30>, <snowplow_tracker.self_describing_json.SelfDescribingJson object at 0xffff8388e2a0>]}
[0m16:29:29.059409 [debug] [MainThread]: Sending event: {'category': 'dbt', 'action': 'invocation', 'label': 'start', 'context': [<snowplow_tracker.self_describing_json.SelfDescribingJson object at 0xffffa44a3260>, <snowplow_tracker.self_describing_json.SelfDescribingJson object at 0xffffa2d34470>, <snowplow_tracker.self_describing_json.SelfDescribingJson object at 0xffffa4a78e90>]}


============================== 16:29:29.071498 | 7586455a-7ada-42b5-877f-4a61051ad1c1 ==============================
[0m16:29:29.071498 [info ] [MainThread]: Running with dbt=1.12.0-b1


============================== 16:29:29.071711 | f831232e-d4cb-4282-b988-b0f36d826ed1 ==============================
[0m16:29:29.071711 [info ] [MainThread]: Running with dbt=1.12.0-b1
[0m16:29:29.073080 [debug] [MainThread]: running dbt with arguments {'log_path': '/opt/airflow/dbt/logs', 'invocation_command': 'dbt run --profiles-dir .', 'version_check': 'True', 'partial_parse': 'True', 'cache_selected_only': 'False', 'introspect': 'True', 'log_format': 'default', 'target_path': 'None', 'no_print': 'None', 'debug': 'False', 'printer_width': '80', 'use_experimental_parser': 'False', 'log_cache_events': 'False', 'use_colors': 'True', 'warn_error': 'None', 'send_anonymous_usage_stats': 'True', 'write_json': 'True', 'warn_error_options': 'WarnErrorOptionsV2(error=[], warn=[], silence=[])', 'empty': 'False', 'static_parser': 'True', 'profiles_dir': '.', 'quiet': 'False', 'indirect_selection': 'eager', 'fail_fast': 'False'}
[0m16:29:29.073446 [debug] [MainThread]: running dbt with arguments {'log_format': 'default', 'send_anonymous_usage_stats': 'True', 'warn_error_options': 'WarnErrorOptionsV2(error=[], warn=[], silence=[])', 'profiles_dir': '.', 'partial_parse': 'True', 'quiet': 'False', 'indirect_selection': 'eager', 'warn_error': 'None', 'no_print': 'None', 'introspect': 'True', 'debug': 'False', 'fail_fast': 'False', 'use_experimental_parser': 'False', 'log_cache_events': 'False', 'target_path': 'None', 'write_json': 'True', 'version_check': 'True', 'invocation_command': 'dbt run --profiles-dir .', 'use_colors': 'True', 'printer_width': '80', 'cache_selected_only': 'False', 'static_parser': 'True', 'empty': 'False', 'log_path': '/opt/airflow/dbt/logs'}
[0m16:29:29.329222 [debug] [MainThread]: Sending event: {'category': 'dbt', 'action': 'project_id', 'label': 'f831232e-d4cb-4282-b988-b0f36d826ed1', 'context': [<snowplow_tracker.self_describing_json.SelfDescribingJson object at 0xffffa4b47140>]}
[0m16:29:29.329220 [debug] [MainThread]: Sending event: {'category': 'dbt', 'action': 'project_id', 'label': '7586455a-7ada-42b5-877f-4a61051ad1c1', 'context': [<snowplow_tracker.self_describing_json.SelfDescribingJson object at 0xffff82fb2ba0>]}
[0m16:29:29.392579 [debug] [MainThread]: Sending event: {'category': 'dbt', 'action': 'adapter_info', 'label': 'f831232e-d4cb-4282-b988-b0f36d826ed1', 'context': [<snowplow_tracker.self_describing_json.SelfDescribingJson object at 0xffffa32d9cd0>]}
[0m16:29:29.393162 [debug] [MainThread]: Sending event: {'category': 'dbt', 'action': 'adapter_info', 'label': '7586455a-7ada-42b5-877f-4a61051ad1c1', 'context': [<snowplow_tracker.self_describing_json.SelfDescribingJson object at 0xffff83716300>]}
[0m16:29:29.394027 [info ] [MainThread]: Registered adapter: postgres=1.10.0
[0m16:29:29.394436 [info ] [MainThread]: Registered adapter: postgres=1.10.0
[0m16:29:29.459007 [error] [MainThread]: [[31mERROR[0m]: Encountered an error:
Compilation Error
  dbt expects 1 package(s) based on packages specified in packages.yml, but found only 0 package(s) installed in dbt_packages. Run "dbt deps" to install package dependencies.
[0m16:29:29.459133 [error] [MainThread]: [[31mERROR[0m]: Encountered an error:
Compilation Error
  dbt expects 1 package(s) based on packages specified in packages.yml, but found only 0 package(s) installed in dbt_packages. Run "dbt deps" to install package dependencies.
[0m16:29:29.460859 [debug] [MainThread]: Resource report: {"command_name": "run", "command_success": false, "command_wall_clock_time": 0.5391069, "process_in_blocks": "0", "process_kernel_time": 0.239117, "process_mem_max_rss": "109712", "process_out_blocks": "1900", "process_user_time": 2.893424}
[0m16:29:29.461327 [debug] [MainThread]: Resource report: {"command_name": "run", "command_success": false, "command_wall_clock_time": 0.5396946, "process_in_blocks": "0", "process_kernel_time": 0.224342, "process_mem_max_rss": "109772", "process_out_blocks": "1908", "process_user_time": 2.916449}
[0m16:29:29.461610 [debug] [MainThread]: Command `dbt run` failed at 16:29:29.461511 after 0.54 seconds
[0m16:29:29.462125 [debug] [MainThread]: Command `dbt run` failed at 16:29:29.462007 after 0.54 seconds
[0m16:29:29.462246 [debug] [MainThread]: Sending event: {'category': 'dbt', 'action': 'invocation', 'label': 'end', 'context': [<snowplow_tracker.self_describing_json.SelfDescribingJson object at 0xffff830f71a0>, <snowplow_tracker.self_describing_json.SelfDescribingJson object at 0xffff82a570e0>, <snowplow_tracker.self_describing_json.SelfDescribingJson object at 0xffff829a8260>]}
[0m16:29:29.462799 [debug] [MainThread]: Sending event: {'category': 'dbt', 'action': 'invocation', 'label': 'end', 'context': [<snowplow_tracker.self_describing_json.SelfDescribingJson object at 0xffffa24b02f0>, <snowplow_tracker.self_describing_json.SelfDescribingJson object at 0xffffa24a3b60>, <snowplow_tracker.self_describing_json.SelfDescribingJson object at 0xffffa284e330>]}
[0m16:29:29.462863 [debug] [MainThread]: Flushing usage events
[0m16:29:29.463483 [debug] [MainThread]: Flushing usage events
[0m16:29:30.009087 [debug] [MainThread]: An error was encountered while trying to flush usage events
[0m16:29:30.012259 [debug] [MainThread]: An error was encountered while trying to flush usage events
[0m16:32:51.639355 [debug] [MainThread]: Sending event: {'category': 'dbt', 'action': 'invocation', 'label': 'start', 'context': [<snowplow_tracker.self_describing_json.SelfDescribingJson object at 0xffff7e3cf860>, <snowplow_tracker.self_describing_json.SelfDescribingJson object at 0xffff7e526c00>, <snowplow_tracker.self_describing_json.SelfDescribingJson object at 0xffff7e30cbf0>]}


============================== 16:32:51.646519 | fe89e004-a640-4f16-a945-5cc7a9ba8aca ==============================
[0m16:32:51.646519 [info ] [MainThread]: Running with dbt=1.12.0-b1
[0m16:32:51.647807 [debug] [MainThread]: running dbt with arguments {'quiet': 'False', 'debug': 'False', 'invocation_command': 'dbt deps --profiles-dir .', 'introspect': 'True', 'partial_parse': 'True', 'warn_error': 'None', 'warn_error_options': 'WarnErrorOptionsV2(error=[], warn=[], silence=[])', 'use_colors': 'True', 'empty': 'None', 'target_path': 'None', 'printer_width': '80', 'version_check': 'True', 'use_experimental_parser': 'False', 'fail_fast': 'False', 'send_anonymous_usage_stats': 'True', 'cache_selected_only': 'False', 'write_json': 'True', 'log_format': 'default', 'no_print': 'None', 'static_parser': 'True', 'log_path': '/opt/airflow/dbt/logs', 'profiles_dir': '.', 'indirect_selection': 'eager', 'log_cache_events': 'False'}
[0m16:32:51.765571 [debug] [MainThread]: Sending event: {'category': 'dbt', 'action': 'project_id', 'label': 'fe89e004-a640-4f16-a945-5cc7a9ba8aca', 'context': [<snowplow_tracker.self_describing_json.SelfDescribingJson object at 0xffff7ebe9430>]}
[0m16:32:51.777696 [debug] [MainThread]: Set downloads directory='/tmp/dbt-downloads-pfu4ecc1'
[0m16:32:51.778533 [debug] [MainThread]: Making package index registry request: GET https://hub.getdbt.com/api/v1/index.json
[0m16:32:51.936120 [debug] [MainThread]: Response from registry index: GET https://hub.getdbt.com/api/v1/index.json 200
[0m16:32:51.937818 [debug] [MainThread]: Making package registry request: GET https://hub.getdbt.com/api/v1/dbt-labs/dbt_utils.json
[0m16:32:52.041792 [debug] [MainThread]: Response from registry: GET https://hub.getdbt.com/api/v1/dbt-labs/dbt_utils.json 200
[0m16:32:52.055453 [info ] [MainThread]: Updating lock file in file path: /opt/airflow/dbt/package-lock.yml
[0m16:32:52.058789 [debug] [MainThread]: Set downloads directory='/tmp/dbt-downloads-s44j0lij'
[0m16:32:52.062152 [info ] [MainThread]: Installing dbt-labs/dbt_utils
[0m16:32:52.639218 [info ] [MainThread]: Installed from version 1.3.3
[0m16:32:52.640118 [info ] [MainThread]: Up to date!
[0m16:32:52.640781 [debug] [MainThread]: Sending event: {'category': 'dbt', 'action': 'package', 'label': 'fe89e004-a640-4f16-a945-5cc7a9ba8aca', 'property_': 'install', 'context': [<snowplow_tracker.self_describing_json.SelfDescribingJson object at 0xffff7df3b1a0>, <snowplow_tracker.self_describing_json.SelfDescribingJson object at 0xffff7e195f40>]}
[0m16:32:52.642336 [debug] [MainThread]: Resource report: {"command_name": "deps", "command_success": true, "command_wall_clock_time": 1.0604218, "process_in_blocks": "0", "process_kernel_time": 0.229215, "process_mem_max_rss": "105360", "process_out_blocks": "726", "process_user_time": 2.069}
[0m16:32:52.642983 [debug] [MainThread]: Command `dbt deps` succeeded at 16:32:52.642867 after 1.06 seconds
[0m16:32:52.643489 [debug] [MainThread]: Sending event: {'category': 'dbt', 'action': 'invocation', 'label': 'end', 'context': [<snowplow_tracker.self_describing_json.SelfDescribingJson object at 0xffff805cf650>, <snowplow_tracker.self_describing_json.SelfDescribingJson object at 0xffff7f1847a0>, <snowplow_tracker.self_describing_json.SelfDescribingJson object at 0xffff7e464710>]}
[0m16:32:52.643976 [debug] [MainThread]: Flushing usage events
[0m16:32:53.152345 [debug] [MainThread]: An error was encountered while trying to flush usage events
[0m16:32:55.809234 [debug] [MainThread]: Sending event: {'category': 'dbt', 'action': 'invocation', 'label': 'start', 'context': [<snowplow_tracker.self_describing_json.SelfDescribingJson object at 0xffffa5d3eb10>, <snowplow_tracker.self_describing_json.SelfDescribingJson object at 0xffffa68c3ad0>, <snowplow_tracker.self_describing_json.SelfDescribingJson object at 0xffffa51d55b0>]}


============================== 16:32:55.815365 | f44cfb0c-c8f8-4713-bd42-ae0c5b44fe10 ==============================
[0m16:32:55.815365 [info ] [MainThread]: Running with dbt=1.12.0-b1
[0m16:32:55.816419 [debug] [MainThread]: running dbt with arguments {'log_cache_events': 'False', 'warn_error_options': 'WarnErrorOptionsV2(error=[], warn=[], silence=[])', 'indirect_selection': 'eager', 'write_json': 'True', 'use_colors': 'True', 'no_print': 'None', 'use_experimental_parser': 'False', 'invocation_command': 'dbt run --profiles-dir .', 'printer_width': '80', 'log_path': '/opt/airflow/dbt/logs', 'quiet': 'False', 'target_path': 'None', 'debug': 'False', 'static_parser': 'True', 'profiles_dir': '.', 'partial_parse': 'True', 'log_format': 'default', 'send_anonymous_usage_stats': 'True', 'introspect': 'True', 'warn_error': 'None', 'empty': 'False', 'fail_fast': 'False', 'version_check': 'True', 'cache_selected_only': 'False'}
[0m16:32:55.970349 [debug] [MainThread]: Sending event: {'category': 'dbt', 'action': 'project_id', 'label': 'f44cfb0c-c8f8-4713-bd42-ae0c5b44fe10', 'context': [<snowplow_tracker.self_describing_json.SelfDescribingJson object at 0xffffa49d5fa0>]}
[0m16:32:56.023140 [debug] [MainThread]: Sending event: {'category': 'dbt', 'action': 'adapter_info', 'label': 'f44cfb0c-c8f8-4713-bd42-ae0c5b44fe10', 'context': [<snowplow_tracker.self_describing_json.SelfDescribingJson object at 0xffffa6b3a600>]}
[0m16:32:56.024398 [info ] [MainThread]: Registered adapter: postgres=1.10.0
[0m16:32:56.088108 [debug] [MainThread]: checksum: 6927119f54d004ffd263b094d7bce97ebbdd1c00adedbbdda88e818b9bb3a551, vars: {}, profile: berlin_social_atlas, target: dev, version: 1.12.0b1
[0m16:32:56.089482 [info ] [MainThread]: Unable to do partial parsing because saved manifest not found. Starting full parse.
[0m16:32:56.090350 [debug] [MainThread]: Sending event: {'category': 'dbt', 'action': 'partial_parser', 'label': 'f44cfb0c-c8f8-4713-bd42-ae0c5b44fe10', 'context': [<snowplow_tracker.self_describing_json.SelfDescribingJson object at 0xffffa3ca4c50>]}
[0m16:32:57.319779 [warn ] [MainThread]: [[33mWARNING[0m][MissingArgumentsPropertyInGenericTestDeprecation]: Deprecated
functionality
Found top-level arguments to test `dbt_utils.accepted_range` defined on
'stg_berlin_mss' in package 'berlin_social_atlas' (models/schema.yml). Arguments
to generic tests should be nested under the `arguments` property.
[0m16:32:57.321105 [debug] [MainThread]: Sending event: {'category': 'dbt', 'action': 'deprecation', 'label': 'f44cfb0c-c8f8-4713-bd42-ae0c5b44fe10', 'property_': 'warn', 'context': [<snowplow_tracker.self_describing_json.SelfDescribingJson object at 0xffffa3b256a0>]}
[0m16:32:57.430928 [debug] [MainThread]: Sending event: {'category': 'dbt', 'action': 'load_project', 'label': 'f44cfb0c-c8f8-4713-bd42-ae0c5b44fe10', 'context': [<snowplow_tracker.self_describing_json.SelfDescribingJson object at 0xffffa27f6750>]}
[0m16:32:57.525869 [debug] [MainThread]: Wrote artifact WritableManifest to /opt/airflow/dbt/target/manifest.json
[0m16:32:57.528596 [debug] [MainThread]: Wrote artifact SemanticManifest to /opt/airflow/dbt/target/semantic_manifest.json
[0m16:32:57.544710 [debug] [MainThread]: Sending event: {'category': 'dbt', 'action': 'resource_counts', 'label': 'f44cfb0c-c8f8-4713-bd42-ae0c5b44fe10', 'context': [<snowplow_tracker.self_describing_json.SelfDescribingJson object at 0xffffa271c5c0>]}
[0m16:32:57.545397 [info ] [MainThread]: Found 2 models, 12 data tests, 591 macros
[0m16:32:57.546351 [debug] [MainThread]: Sending event: {'category': 'dbt', 'action': 'runnable_timing', 'label': 'f44cfb0c-c8f8-4713-bd42-ae0c5b44fe10', 'context': [<snowplow_tracker.self_describing_json.SelfDescribingJson object at 0xffffa397f080>]}
[0m16:32:57.548696 [info ] [MainThread]: 
[0m16:32:57.549658 [info ] [MainThread]: Concurrency: 2 threads (target='dev')
[0m16:32:57.550241 [info ] [MainThread]: 
[0m16:32:57.550843 [debug] [MainThread]: Acquiring new postgres connection 'master'
[0m16:32:57.554428 [debug] [ThreadPool]: Acquiring new postgres connection 'list_airflow'
[0m16:32:57.584876 [debug] [ThreadPool]: Using postgres connection "list_airflow"
[0m16:32:57.585526 [debug] [ThreadPool]: On list_airflow: /* {"app": "dbt", "dbt_version": "1.12.0b1", "profile_name": "berlin_social_atlas", "target_name": "dev", "connection_name": "list_airflow"} */

    select distinct nspname from pg_namespace
  
[0m16:32:57.586034 [debug] [ThreadPool]: Opening a new connection, currently in state init
[0m16:32:57.587089 [debug] [ThreadPool]: Postgres adapter: Got a retryable error when attempting to open a postgres connection.
1 attempts remaining. Retrying in 0 seconds.
Error:
connection to server at "localhost" (::1), port 5432 failed: Connection refused
	Is the server running on that host and accepting TCP/IP connections?
connection to server at "localhost" (127.0.0.1), port 5432 failed: Connection refused
	Is the server running on that host and accepting TCP/IP connections?

[0m16:32:57.589116 [debug] [ThreadPool]: Postgres adapter: Error running SQL: /* {"app": "dbt", "dbt_version": "1.12.0b1", "profile_name": "berlin_social_atlas", "target_name": "dev", "connection_name": "list_airflow"} */

    select distinct nspname from pg_namespace
  
[0m16:32:57.589572 [debug] [ThreadPool]: Postgres adapter: Rolling back transaction.
[0m16:32:57.590030 [debug] [ThreadPool]: Postgres adapter: Error running SQL: macro list_schemas
[0m16:32:57.590426 [debug] [ThreadPool]: Postgres adapter: Rolling back transaction.
[0m16:32:57.590860 [debug] [ThreadPool]: On list_airflow: No close available on handle
[0m16:32:57.591633 [debug] [MainThread]: Connection 'master' was properly closed.
[0m16:32:57.592050 [debug] [MainThread]: Connection 'list_airflow' was properly closed.
[0m16:32:57.592479 [info ] [MainThread]: 
[0m16:32:57.593249 [info ] [MainThread]: Finished running  in 0 hours 0 minutes and 0.04 seconds (0.04s).
[0m16:32:57.594008 [error] [MainThread]: [[31mERROR[0m]: Encountered an error:
Database Error
  connection to server at "localhost" (::1), port 5432 failed: Connection refused
  	Is the server running on that host and accepting TCP/IP connections?
  connection to server at "localhost" (127.0.0.1), port 5432 failed: Connection refused
  	Is the server running on that host and accepting TCP/IP connections?
  
[0m16:32:57.594770 [warn ] [MainThread]: [[33mWARNING[0m][DeprecationsSummary]: Deprecated functionality
Summary of encountered deprecations:
- MissingArgumentsPropertyInGenericTestDeprecation: 3 occurrences
To see all deprecation instances instead of just the first occurrence of each,
run command again with the `--show-all-deprecations` flag. You may also need to
run with `--no-partial-parse` as some deprecations are only encountered during
parsing.
[0m16:32:57.595786 [debug] [MainThread]: Resource report: {"command_name": "run", "command_success": false, "command_wall_clock_time": 1.8454453, "process_in_blocks": "0", "process_kernel_time": 0.193462, "process_mem_max_rss": "126112", "process_out_blocks": "2606", "process_user_time": 3.955802}
[0m16:32:57.596361 [debug] [MainThread]: Command `dbt run` failed at 16:32:57.596278 after 1.85 seconds
[0m16:32:57.596856 [debug] [MainThread]: Sending event: {'category': 'dbt', 'action': 'invocation', 'label': 'end', 'context': [<snowplow_tracker.self_describing_json.SelfDescribingJson object at 0xffffa5230800>, <snowplow_tracker.self_describing_json.SelfDescribingJson object at 0xffffa3c7b440>, <snowplow_tracker.self_describing_json.SelfDescribingJson object at 0xffffa397f080>]}
[0m16:32:57.597366 [debug] [MainThread]: Flushing usage events
[0m16:32:58.086295 [debug] [MainThread]: An error was encountered while trying to flush usage events
[0m16:34:33.478308 [debug] [MainThread]: Sending event: {'category': 'dbt', 'action': 'invocation', 'label': 'start', 'context': [<snowplow_tracker.self_describing_json.SelfDescribingJson object at 0xffff98222240>, <snowplow_tracker.self_describing_json.SelfDescribingJson object at 0xffff96292840>, <snowplow_tracker.self_describing_json.SelfDescribingJson object at 0xffff95d2b7a0>]}
[0m16:34:33.478921 [debug] [MainThread]: Sending event: {'category': 'dbt', 'action': 'invocation', 'label': 'start', 'context': [<snowplow_tracker.self_describing_json.SelfDescribingJson object at 0xffff93949a00>, <snowplow_tracker.self_describing_json.SelfDescribingJson object at 0xffff92e67bc0>, <snowplow_tracker.self_describing_json.SelfDescribingJson object at 0xffff94cbb830>]}


============================== 16:34:33.486760 | a6b974b5-a0a6-4e74-b5d0-95a601654e96 ==============================
[0m16:34:33.486760 [info ] [MainThread]: Running with dbt=1.12.0-b1


============================== 16:34:33.486882 | 93bce725-412a-4a3f-8b5f-35d31c31281c ==============================
[0m16:34:33.486882 [info ] [MainThread]: Running with dbt=1.12.0-b1
[0m16:34:33.487703 [debug] [MainThread]: running dbt with arguments {'version_check': 'True', 'warn_error_options': 'WarnErrorOptionsV2(error=[], warn=[], silence=[])', 'static_parser': 'True', 'cache_selected_only': 'False', 'debug': 'False', 'target_path': 'None', 'quiet': 'False', 'use_experimental_parser': 'False', 'invocation_command': 'dbt deps --profiles-dir .', 'no_print': 'None', 'empty': 'None', 'write_json': 'True', 'send_anonymous_usage_stats': 'True', 'introspect': 'True', 'profiles_dir': '.', 'warn_error': 'None', 'log_format': 'default', 'printer_width': '80', 'partial_parse': 'True', 'use_colors': 'True', 'log_cache_events': 'False', 'fail_fast': 'False', 'indirect_selection': 'eager', 'log_path': '/opt/airflow/dbt/logs'}
[0m16:34:33.487873 [debug] [MainThread]: running dbt with arguments {'target_path': 'None', 'cache_selected_only': 'False', 'printer_width': '80', 'log_cache_events': 'False', 'debug': 'False', 'use_colors': 'True', 'static_parser': 'True', 'quiet': 'False', 'log_format': 'default', 'profiles_dir': '.', 'indirect_selection': 'eager', 'warn_error_options': 'WarnErrorOptionsV2(error=[], warn=[], silence=[])', 'send_anonymous_usage_stats': 'True', 'introspect': 'True', 'version_check': 'True', 'use_experimental_parser': 'False', 'warn_error': 'None', 'fail_fast': 'False', 'invocation_command': 'dbt deps --profiles-dir .', 'no_print': 'None', 'empty': 'None', 'partial_parse': 'True', 'log_path': '/opt/airflow/dbt/logs', 'write_json': 'True'}
[0m16:34:33.695513 [debug] [MainThread]: Sending event: {'category': 'dbt', 'action': 'project_id', 'label': 'a6b974b5-a0a6-4e74-b5d0-95a601654e96', 'context': [<snowplow_tracker.self_describing_json.SelfDescribingJson object at 0xffff95c0a030>]}
[0m16:34:33.695558 [debug] [MainThread]: Sending event: {'category': 'dbt', 'action': 'project_id', 'label': '93bce725-412a-4a3f-8b5f-35d31c31281c', 'context': [<snowplow_tracker.self_describing_json.SelfDescribingJson object at 0xffff94736c00>]}
[0m16:34:33.726767 [error] [MainThread]: [[31mERROR[0m]: Encountered an error:
[Errno 2] No such file or directory: 'run_functional_test.sh'
[0m16:34:33.731869 [error] [MainThread]: Traceback (most recent call last):
  File "/home/airflow/.local/lib/python3.12/site-packages/dbt/cli/requires.py", line 184, in wrapper
    result, success = func(*args, **kwargs)
                      ^^^^^^^^^^^^^^^^^^^^^
  File "/home/airflow/.local/lib/python3.12/site-packages/dbt/cli/requires.py", line 130, in wrapper
    return func(*args, **kwargs)
           ^^^^^^^^^^^^^^^^^^^^^
  File "/home/airflow/.local/lib/python3.12/site-packages/dbt/cli/requires.py", line 263, in wrapper
    return func(*args, **kwargs)
           ^^^^^^^^^^^^^^^^^^^^^
  File "/home/airflow/.local/lib/python3.12/site-packages/dbt/cli/requires.py", line 326, in wrapper
    return func(*args, **kwargs)
           ^^^^^^^^^^^^^^^^^^^^^
  File "/home/airflow/.local/lib/python3.12/site-packages/dbt/cli/main.py", line 476, in deps
    results = task.run()
              ^^^^^^^^^^
  File "/home/airflow/.local/lib/python3.12/site-packages/dbt/task/deps.py", line 305, in run
    system.rmtree(self.project.packages_install_path)
  File "/home/airflow/.local/lib/python3.12/site-packages/dbt_common/clients/system.py", line 729, in rmtree
    return shutil.rmtree(path, onerror=chmod_and_retry)
           ^^^^^^^^^^^^^^^^^^^^^^^^^^^^^^^^^^^^^^^^^^^^
  File "/usr/local/lib/python3.12/shutil.py", line 785, in rmtree
    _rmtree_safe_fd(fd, path, onexc)
  File "/usr/local/lib/python3.12/shutil.py", line 686, in _rmtree_safe_fd
    _rmtree_safe_fd(dirfd, fullname, onexc)
  File "/usr/local/lib/python3.12/shutil.py", line 717, in _rmtree_safe_fd
    onexc(os.unlink, fullname, err)
  File "/usr/local/lib/python3.12/shutil.py", line 764, in onexc
    return onerror(func, path, exc_info)
           ^^^^^^^^^^^^^^^^^^^^^^^^^^^^^
  File "/usr/local/lib/python3.12/shutil.py", line 715, in _rmtree_safe_fd
    os.unlink(entry.name, dir_fd=topfd)
FileNotFoundError: [Errno 2] No such file or directory: 'run_functional_test.sh'

[0m16:34:33.733942 [debug] [MainThread]: Resource report: {"command_name": "deps", "command_success": false, "command_wall_clock_time": 0.32614687, "process_in_blocks": "0", "process_kernel_time": 0.231361, "process_mem_max_rss": "103948", "process_out_blocks": "7", "process_user_time": 2.371455}
[0m16:34:33.735336 [debug] [MainThread]: Command `dbt deps` failed at 16:34:33.735166 after 0.33 seconds
[0m16:34:33.736475 [debug] [MainThread]: Sending event: {'category': 'dbt', 'action': 'invocation', 'label': 'end', 'context': [<snowplow_tracker.self_describing_json.SelfDescribingJson object at 0xffff922dfaa0>, <snowplow_tracker.self_describing_json.SelfDescribingJson object at 0xffff91cf21e0>, <snowplow_tracker.self_describing_json.SelfDescribingJson object at 0xffff91e65790>]}
[0m16:34:33.737940 [debug] [MainThread]: Flushing usage events
[0m16:34:33.845480 [debug] [MainThread]: Set downloads directory='/tmp/dbt-downloads-h7zx9gwk'
[0m16:34:33.846350 [debug] [MainThread]: Making package index registry request: GET https://hub.getdbt.com/api/v1/index.json
[0m16:34:34.023963 [debug] [MainThread]: Response from registry index: GET https://hub.getdbt.com/api/v1/index.json 200
[0m16:34:34.025925 [debug] [MainThread]: Making package registry request: GET https://hub.getdbt.com/api/v1/dbt-labs/dbt_utils.json
[0m16:34:34.131849 [debug] [MainThread]: Response from registry: GET https://hub.getdbt.com/api/v1/dbt-labs/dbt_utils.json 200
[0m16:34:34.139876 [info ] [MainThread]: Installing dbt-labs/dbt_utils
[0m16:34:34.259750 [debug] [MainThread]: An error was encountered while trying to flush usage events
[0m16:34:34.741391 [info ] [MainThread]: Installed from version 1.3.3
[0m16:34:34.742360 [info ] [MainThread]: Up to date!
[0m16:34:34.743467 [debug] [MainThread]: Sending event: {'category': 'dbt', 'action': 'package', 'label': 'a6b974b5-a0a6-4e74-b5d0-95a601654e96', 'property_': 'install', 'context': [<snowplow_tracker.self_describing_json.SelfDescribingJson object at 0xffff9568de80>, <snowplow_tracker.self_describing_json.SelfDescribingJson object at 0xffff95cfde20>]}
[0m16:34:34.744929 [debug] [MainThread]: Resource report: {"command_name": "deps", "command_success": true, "command_wall_clock_time": 1.3372256, "process_in_blocks": "0", "process_kernel_time": 0.272916, "process_mem_max_rss": "105312", "process_out_blocks": "726", "process_user_time": 2.58444}
[0m16:34:34.745514 [debug] [MainThread]: Command `dbt deps` succeeded at 16:34:34.745393 after 1.34 seconds
[0m16:34:34.745972 [debug] [MainThread]: Sending event: {'category': 'dbt', 'action': 'invocation', 'label': 'end', 'context': [<snowplow_tracker.self_describing_json.SelfDescribingJson object at 0xffff964bb830>, <snowplow_tracker.self_describing_json.SelfDescribingJson object at 0xffff95896510>, <snowplow_tracker.self_describing_json.SelfDescribingJson object at 0xffff956e3c50>]}
[0m16:34:34.746370 [debug] [MainThread]: Flushing usage events
[0m16:34:35.228188 [debug] [MainThread]: An error was encountered while trying to flush usage events
[0m16:34:37.710696 [debug] [MainThread]: Sending event: {'category': 'dbt', 'action': 'invocation', 'label': 'start', 'context': [<snowplow_tracker.self_describing_json.SelfDescribingJson object at 0xffff9ecb6a80>, <snowplow_tracker.self_describing_json.SelfDescribingJson object at 0xffff9da872c0>, <snowplow_tracker.self_describing_json.SelfDescribingJson object at 0xffff9e2b17f0>]}


============================== 16:34:37.717076 | 07329110-9c14-4233-91a9-9517db8f8931 ==============================
[0m16:34:37.717076 [info ] [MainThread]: Running with dbt=1.12.0-b1
[0m16:34:37.718059 [debug] [MainThread]: running dbt with arguments {'profiles_dir': '.', 'write_json': 'True', 'quiet': 'False', 'warn_error': 'None', 'log_cache_events': 'False', 'partial_parse': 'True', 'invocation_command': 'dbt run --profiles-dir .', 'printer_width': '80', 'log_path': '/opt/airflow/dbt/logs', 'warn_error_options': 'WarnErrorOptionsV2(error=[], warn=[], silence=[])', 'cache_selected_only': 'False', 'send_anonymous_usage_stats': 'True', 'version_check': 'True', 'fail_fast': 'False', 'target_path': 'None', 'log_format': 'default', 'empty': 'False', 'no_print': 'None', 'static_parser': 'True', 'indirect_selection': 'eager', 'introspect': 'True', 'use_colors': 'True', 'use_experimental_parser': 'False', 'debug': 'False'}
[0m16:34:37.863179 [debug] [MainThread]: Sending event: {'category': 'dbt', 'action': 'project_id', 'label': '07329110-9c14-4233-91a9-9517db8f8931', 'context': [<snowplow_tracker.self_describing_json.SelfDescribingJson object at 0xffff9e6b8800>]}
[0m16:34:37.917566 [debug] [MainThread]: Sending event: {'category': 'dbt', 'action': 'adapter_info', 'label': '07329110-9c14-4233-91a9-9517db8f8931', 'context': [<snowplow_tracker.self_describing_json.SelfDescribingJson object at 0xffff9df97a70>]}
[0m16:34:37.918809 [info ] [MainThread]: Registered adapter: postgres=1.10.0
[0m16:34:37.983820 [debug] [MainThread]: checksum: 6927119f54d004ffd263b094d7bce97ebbdd1c00adedbbdda88e818b9bb3a551, vars: {}, profile: berlin_social_atlas, target: dev, version: 1.12.0b1
[0m16:34:38.108432 [debug] [MainThread]: Partial parsing enabled: 0 files deleted, 0 files added, 0 files changed.
[0m16:34:38.108963 [debug] [MainThread]: Nothing changed, skipping partial parsing.
[0m16:34:38.109368 [debug] [MainThread]: Partial parsing enabled, no changes found, skipping parsing
[0m16:34:38.142402 [debug] [MainThread]: Sending event: {'category': 'dbt', 'action': 'load_project', 'label': '07329110-9c14-4233-91a9-9517db8f8931', 'context': [<snowplow_tracker.self_describing_json.SelfDescribingJson object at 0xffff9d7e9a90>]}
[0m16:34:38.224480 [debug] [MainThread]: Wrote artifact WritableManifest to /opt/airflow/dbt/target/manifest.json
[0m16:34:38.226900 [debug] [MainThread]: Wrote artifact SemanticManifest to /opt/airflow/dbt/target/semantic_manifest.json
[0m16:34:38.240325 [debug] [MainThread]: Sending event: {'category': 'dbt', 'action': 'resource_counts', 'label': '07329110-9c14-4233-91a9-9517db8f8931', 'context': [<snowplow_tracker.self_describing_json.SelfDescribingJson object at 0xffff9ca0a630>]}
[0m16:34:38.240897 [info ] [MainThread]: Found 2 models, 12 data tests, 591 macros
[0m16:34:38.241607 [debug] [MainThread]: Sending event: {'category': 'dbt', 'action': 'runnable_timing', 'label': '07329110-9c14-4233-91a9-9517db8f8931', 'context': [<snowplow_tracker.self_describing_json.SelfDescribingJson object at 0xffff9c9eae10>]}
[0m16:34:38.243226 [info ] [MainThread]: 
[0m16:34:38.243824 [info ] [MainThread]: Concurrency: 2 threads (target='dev')
[0m16:34:38.244369 [info ] [MainThread]: 
[0m16:34:38.245011 [debug] [MainThread]: Acquiring new postgres connection 'master'
[0m16:34:38.248239 [debug] [ThreadPool]: Acquiring new postgres connection 'list_airflow'
[0m16:34:38.278688 [debug] [ThreadPool]: Using postgres connection "list_airflow"
[0m16:34:38.279278 [debug] [ThreadPool]: On list_airflow: /* {"app": "dbt", "dbt_version": "1.12.0b1", "profile_name": "berlin_social_atlas", "target_name": "dev", "connection_name": "list_airflow"} */

    select distinct nspname from pg_namespace
  
[0m16:34:38.279749 [debug] [ThreadPool]: Opening a new connection, currently in state init
[0m16:34:38.280753 [debug] [ThreadPool]: Postgres adapter: Got a retryable error when attempting to open a postgres connection.
1 attempts remaining. Retrying in 0 seconds.
Error:
connection to server at "localhost" (::1), port 5432 failed: Connection refused
	Is the server running on that host and accepting TCP/IP connections?
connection to server at "localhost" (127.0.0.1), port 5432 failed: Connection refused
	Is the server running on that host and accepting TCP/IP connections?

[0m16:34:38.281941 [debug] [ThreadPool]: Postgres adapter: Error running SQL: /* {"app": "dbt", "dbt_version": "1.12.0b1", "profile_name": "berlin_social_atlas", "target_name": "dev", "connection_name": "list_airflow"} */

    select distinct nspname from pg_namespace
  
[0m16:34:38.282369 [debug] [ThreadPool]: Postgres adapter: Rolling back transaction.
[0m16:34:38.282836 [debug] [ThreadPool]: Postgres adapter: Error running SQL: macro list_schemas
[0m16:34:38.283239 [debug] [ThreadPool]: Postgres adapter: Rolling back transaction.
[0m16:34:38.283669 [debug] [ThreadPool]: On list_airflow: No close available on handle
[0m16:34:38.284394 [debug] [MainThread]: Connection 'master' was properly closed.
[0m16:34:38.284785 [debug] [MainThread]: Connection 'list_airflow' was properly closed.
[0m16:34:38.285151 [info ] [MainThread]: 
[0m16:34:38.285846 [info ] [MainThread]: Finished running  in 0 hours 0 minutes and 0.04 seconds (0.04s).
[0m16:34:38.286602 [error] [MainThread]: [[31mERROR[0m]: Encountered an error:
Database Error
  connection to server at "localhost" (::1), port 5432 failed: Connection refused
  	Is the server running on that host and accepting TCP/IP connections?
  connection to server at "localhost" (127.0.0.1), port 5432 failed: Connection refused
  	Is the server running on that host and accepting TCP/IP connections?
  
[0m16:34:38.287686 [debug] [MainThread]: Resource report: {"command_name": "run", "command_success": false, "command_wall_clock_time": 0.633809, "process_in_blocks": "0", "process_kernel_time": 0.163181, "process_mem_max_rss": "119432", "process_out_blocks": "1344", "process_user_time": 2.601604}
[0m16:34:38.288439 [debug] [MainThread]: Command `dbt run` failed at 16:34:38.288357 after 0.63 seconds
[0m16:34:38.289198 [debug] [MainThread]: Sending event: {'category': 'dbt', 'action': 'invocation', 'label': 'end', 'context': [<snowplow_tracker.self_describing_json.SelfDescribingJson object at 0xffff9f7c60f0>, <snowplow_tracker.self_describing_json.SelfDescribingJson object at 0xffff9c9ebcb0>, <snowplow_tracker.self_describing_json.SelfDescribingJson object at 0xffff9bd09e80>]}
[0m16:34:38.289772 [debug] [MainThread]: Flushing usage events
[0m16:34:38.776548 [debug] [MainThread]: An error was encountered while trying to flush usage events
[0m16:35:53.651284 [debug] [MainThread]: Sending event: {'category': 'dbt', 'action': 'invocation', 'label': 'start', 'context': [<snowplow_tracker.self_describing_json.SelfDescribingJson object at 0xffff99f98ce0>, <snowplow_tracker.self_describing_json.SelfDescribingJson object at 0xffff9a087980>, <snowplow_tracker.self_describing_json.SelfDescribingJson object at 0xffff9989fa40>]}


============================== 16:35:53.658472 | 67ca5c37-a42b-4098-a13c-13fdf09502cb ==============================
[0m16:35:53.658472 [info ] [MainThread]: Running with dbt=1.12.0-b1
[0m16:35:53.659761 [debug] [MainThread]: running dbt with arguments {'fail_fast': 'False', 'profiles_dir': '.', 'partial_parse': 'True', 'empty': 'None', 'log_path': '/opt/airflow/dbt/logs', 'use_colors': 'True', 'cache_selected_only': 'False', 'printer_width': '80', 'static_parser': 'True', 'indirect_selection': 'eager', 'introspect': 'True', 'no_print': 'None', 'log_cache_events': 'False', 'quiet': 'False', 'use_experimental_parser': 'False', 'warn_error': 'None', 'write_json': 'True', 'send_anonymous_usage_stats': 'True', 'version_check': 'True', 'debug': 'False', 'invocation_command': 'dbt deps --profiles-dir .', 'log_format': 'default', 'warn_error_options': 'WarnErrorOptionsV2(error=[], warn=[], silence=[])', 'target_path': 'None'}
[0m16:35:53.786217 [debug] [MainThread]: Sending event: {'category': 'dbt', 'action': 'project_id', 'label': '67ca5c37-a42b-4098-a13c-13fdf09502cb', 'context': [<snowplow_tracker.self_describing_json.SelfDescribingJson object at 0xffff9984b980>]}
[0m16:35:53.866185 [debug] [MainThread]: Set downloads directory='/tmp/dbt-downloads-_tb8b2ve'
[0m16:35:53.866959 [debug] [MainThread]: Making package index registry request: GET https://hub.getdbt.com/api/v1/index.json
[0m16:35:54.021492 [debug] [MainThread]: Response from registry index: GET https://hub.getdbt.com/api/v1/index.json 200
[0m16:35:54.023153 [debug] [MainThread]: Making package registry request: GET https://hub.getdbt.com/api/v1/dbt-labs/dbt_utils.json
[0m16:35:54.127773 [debug] [MainThread]: Response from registry: GET https://hub.getdbt.com/api/v1/dbt-labs/dbt_utils.json 200
[0m16:35:54.133276 [info ] [MainThread]: Installing dbt-labs/dbt_utils
[0m16:35:54.680152 [info ] [MainThread]: Installed from version 1.3.3
[0m16:35:54.680836 [info ] [MainThread]: Up to date!
[0m16:35:54.681781 [debug] [MainThread]: Sending event: {'category': 'dbt', 'action': 'package', 'label': '67ca5c37-a42b-4098-a13c-13fdf09502cb', 'property_': 'install', 'context': [<snowplow_tracker.self_describing_json.SelfDescribingJson object at 0xffff99cde3f0>, <snowplow_tracker.self_describing_json.SelfDescribingJson object at 0xffff99297500>]}
[0m16:35:54.683133 [debug] [MainThread]: Resource report: {"command_name": "deps", "command_success": true, "command_wall_clock_time": 1.1223822, "process_in_blocks": "0", "process_kernel_time": 0.260625, "process_mem_max_rss": "105360", "process_out_blocks": "726", "process_user_time": 2.273629}
[0m16:35:54.683753 [debug] [MainThread]: Command `dbt deps` succeeded at 16:35:54.683652 after 1.12 seconds
[0m16:35:54.684230 [debug] [MainThread]: Sending event: {'category': 'dbt', 'action': 'invocation', 'label': 'end', 'context': [<snowplow_tracker.self_describing_json.SelfDescribingJson object at 0xffff9a569dc0>, <snowplow_tracker.self_describing_json.SelfDescribingJson object at 0xffff990e8770>, <snowplow_tracker.self_describing_json.SelfDescribingJson object at 0xffff990e9340>]}
[0m16:35:54.684796 [debug] [MainThread]: Flushing usage events
[0m16:35:55.211941 [debug] [MainThread]: An error was encountered while trying to flush usage events
[0m16:35:57.291811 [debug] [MainThread]: Sending event: {'category': 'dbt', 'action': 'invocation', 'label': 'start', 'context': [<snowplow_tracker.self_describing_json.SelfDescribingJson object at 0xffff8828dbb0>, <snowplow_tracker.self_describing_json.SelfDescribingJson object at 0xffff84cb6c00>, <snowplow_tracker.self_describing_json.SelfDescribingJson object at 0xffff8463fd10>]}


============================== 16:35:57.298039 | 7090a830-3bf4-4319-b616-5d3a51787355 ==============================
[0m16:35:57.298039 [info ] [MainThread]: Running with dbt=1.12.0-b1
[0m16:35:57.298967 [debug] [MainThread]: running dbt with arguments {'debug': 'False', 'warn_error': 'None', 'use_colors': 'True', 'send_anonymous_usage_stats': 'True', 'version_check': 'True', 'indirect_selection': 'eager', 'write_json': 'True', 'introspect': 'True', 'cache_selected_only': 'False', 'no_print': 'None', 'warn_error_options': 'WarnErrorOptionsV2(error=[], warn=[], silence=[])', 'partial_parse': 'True', 'invocation_command': 'dbt run --profiles-dir .', 'printer_width': '80', 'fail_fast': 'False', 'profiles_dir': '.', 'target_path': 'None', 'log_format': 'default', 'quiet': 'False', 'log_path': '/opt/airflow/dbt/logs', 'log_cache_events': 'False', 'use_experimental_parser': 'False', 'empty': 'False', 'static_parser': 'True'}
[0m16:35:57.451613 [debug] [MainThread]: Sending event: {'category': 'dbt', 'action': 'project_id', 'label': '7090a830-3bf4-4319-b616-5d3a51787355', 'context': [<snowplow_tracker.self_describing_json.SelfDescribingJson object at 0xffff836dac30>]}
[0m16:35:57.508020 [debug] [MainThread]: Sending event: {'category': 'dbt', 'action': 'adapter_info', 'label': '7090a830-3bf4-4319-b616-5d3a51787355', 'context': [<snowplow_tracker.self_describing_json.SelfDescribingJson object at 0xffff842f6f30>]}
[0m16:35:57.509233 [info ] [MainThread]: Registered adapter: postgres=1.10.0
[0m16:35:57.574670 [debug] [MainThread]: checksum: 6927119f54d004ffd263b094d7bce97ebbdd1c00adedbbdda88e818b9bb3a551, vars: {}, profile: berlin_social_atlas, target: dev, version: 1.12.0b1
[0m16:35:57.679627 [info ] [MainThread]: Unable to do partial parsing because profile has changed
[0m16:35:57.680411 [debug] [MainThread]: Sending event: {'category': 'dbt', 'action': 'partial_parser', 'label': '7090a830-3bf4-4319-b616-5d3a51787355', 'context': [<snowplow_tracker.self_describing_json.SelfDescribingJson object at 0xffff832936e0>]}
[0m16:35:58.824105 [warn ] [MainThread]: [[33mWARNING[0m][MissingArgumentsPropertyInGenericTestDeprecation]: Deprecated
functionality
Found top-level arguments to test `dbt_utils.accepted_range` defined on
'stg_berlin_mss' in package 'berlin_social_atlas' (models/schema.yml). Arguments
to generic tests should be nested under the `arguments` property.
[0m16:35:58.824998 [debug] [MainThread]: Sending event: {'category': 'dbt', 'action': 'deprecation', 'label': '7090a830-3bf4-4319-b616-5d3a51787355', 'property_': 'warn', 'context': [<snowplow_tracker.self_describing_json.SelfDescribingJson object at 0xffff8205d6a0>]}
[0m16:35:58.932731 [debug] [MainThread]: Sending event: {'category': 'dbt', 'action': 'load_project', 'label': '7090a830-3bf4-4319-b616-5d3a51787355', 'context': [<snowplow_tracker.self_describing_json.SelfDescribingJson object at 0xffff8224f8f0>]}
[0m16:35:59.017785 [debug] [MainThread]: Wrote artifact WritableManifest to /opt/airflow/dbt/target/manifest.json
[0m16:35:59.020312 [debug] [MainThread]: Wrote artifact SemanticManifest to /opt/airflow/dbt/target/semantic_manifest.json
[0m16:35:59.034759 [debug] [MainThread]: Sending event: {'category': 'dbt', 'action': 'resource_counts', 'label': '7090a830-3bf4-4319-b616-5d3a51787355', 'context': [<snowplow_tracker.self_describing_json.SelfDescribingJson object at 0xffff81f5cfe0>]}
[0m16:35:59.035370 [info ] [MainThread]: Found 2 models, 12 data tests, 591 macros
[0m16:35:59.036076 [debug] [MainThread]: Sending event: {'category': 'dbt', 'action': 'runnable_timing', 'label': '7090a830-3bf4-4319-b616-5d3a51787355', 'context': [<snowplow_tracker.self_describing_json.SelfDescribingJson object at 0xffff82216270>]}
[0m16:35:59.037804 [info ] [MainThread]: 
[0m16:35:59.038412 [info ] [MainThread]: Concurrency: 2 threads (target='dev')
[0m16:35:59.038951 [info ] [MainThread]: 
[0m16:35:59.039563 [debug] [MainThread]: Acquiring new postgres connection 'master'
[0m16:35:59.042946 [debug] [ThreadPool]: Acquiring new postgres connection 'list_airflow'
[0m16:35:59.071771 [debug] [ThreadPool]: Using postgres connection "list_airflow"
[0m16:35:59.072354 [debug] [ThreadPool]: On list_airflow: /* {"app": "dbt", "dbt_version": "1.12.0b1", "profile_name": "berlin_social_atlas", "target_name": "dev", "connection_name": "list_airflow"} */

    select distinct nspname from pg_namespace
  
[0m16:35:59.072813 [debug] [ThreadPool]: Opening a new connection, currently in state init
[0m16:35:59.079854 [debug] [ThreadPool]: SQL status: SELECT 10 in 0.007 seconds
[0m16:35:59.081164 [debug] [ThreadPool]: On list_airflow: Close
[0m16:35:59.082475 [debug] [ThreadPool]: Re-using an available connection from the pool (formerly list_airflow, now list_airflow_staging)
[0m16:35:59.087677 [debug] [ThreadPool]: Using postgres connection "list_airflow_staging"
[0m16:35:59.088180 [debug] [ThreadPool]: On list_airflow_staging: /* {"app": "dbt", "dbt_version": "1.12.0b1", "profile_name": "berlin_social_atlas", "target_name": "dev", "connection_name": "list_airflow_staging"} */
select
      'airflow' as database,
      tablename as name,
      schemaname as schema,
      'table' as type
    from pg_tables
    where schemaname ilike 'staging'
    union all
    select
      'airflow' as database,
      viewname as name,
      schemaname as schema,
      'view' as type
    from pg_views
    where schemaname ilike 'staging'
    union all
    select
      'airflow' as database,
      matviewname as name,
      schemaname as schema,
      'materialized_view' as type
    from pg_matviews
    where schemaname ilike 'staging'
  
[0m16:35:59.088664 [debug] [ThreadPool]: Opening a new connection, currently in state closed
[0m16:35:59.097570 [debug] [ThreadPool]: SQL status: SELECT 0 in 0.009 seconds
[0m16:35:59.098878 [debug] [ThreadPool]: On list_airflow_staging: ROLLBACK
[0m16:35:59.099448 [debug] [ThreadPool]: On list_airflow_staging: Close
[0m16:35:59.104660 [debug] [MainThread]: Using postgres connection "master"
[0m16:35:59.105297 [debug] [MainThread]: On master: /* {"app": "dbt", "dbt_version": "1.12.0b1", "profile_name": "berlin_social_atlas", "target_name": "dev", "connection_name": "master"} */
select distinct
        dependent_namespace.nspname as dependent_schema,
        dependent_class.relname as dependent_name,
        referenced_namespace.nspname as referenced_schema,
        referenced_class.relname as referenced_name

    -- Query for views: views are entries in pg_class with an entry in pg_rewrite, but we avoid
    -- a seq scan on pg_rewrite by leveraging the fact there is an "internal" row in pg_depend for
    -- the view...
    from pg_class as dependent_class
    join pg_namespace as dependent_namespace on dependent_namespace.oid = dependent_class.relnamespace
    join pg_depend as dependent_depend on dependent_depend.refobjid = dependent_class.oid
        and dependent_depend.classid = 'pg_rewrite'::regclass
        and dependent_depend.refclassid = 'pg_class'::regclass
        and dependent_depend.deptype = 'i'

    -- ... and via pg_depend (that has a row per column, hence the need for "distinct" above, and
    -- making sure to exclude the internal row to avoid a view appearing to depend on itself)...
    join pg_depend as joining_depend on joining_depend.objid = dependent_depend.objid
        and joining_depend.classid = 'pg_rewrite'::regclass
        and joining_depend.refclassid = 'pg_class'::regclass
        and joining_depend.refobjid != dependent_depend.refobjid

    -- ... we can find the tables they query from in pg_class, but excluding system tables. Note we
    -- don't need need to exclude _dependent_ system tables, because they only query from other
    -- system tables, and so are automatically excluded by excluding _referenced_ system tables
    join pg_class as referenced_class on referenced_class.oid = joining_depend.refobjid
    join pg_namespace as referenced_namespace on referenced_namespace.oid = referenced_class.relnamespace
        and referenced_namespace.nspname != 'information_schema'
        and referenced_namespace.nspname not like 'pg\_%'

    order by
        dependent_schema, dependent_name, referenced_schema, referenced_name;
[0m16:35:59.105901 [debug] [MainThread]: Opening a new connection, currently in state init
[0m16:35:59.114321 [debug] [MainThread]: SQL status: SELECT 0 in 0.008 seconds
[0m16:35:59.115678 [debug] [MainThread]: Sending event: {'category': 'dbt', 'action': 'runnable_timing', 'label': '7090a830-3bf4-4319-b616-5d3a51787355', 'context': [<snowplow_tracker.self_describing_json.SelfDescribingJson object at 0xffff841a9a90>]}
[0m16:35:59.116277 [debug] [MainThread]: On master: ROLLBACK
[0m16:35:59.116864 [debug] [MainThread]: On master: COMMIT
[0m16:35:59.117308 [debug] [MainThread]: Using postgres connection "master"
[0m16:35:59.117787 [debug] [MainThread]: On master: COMMIT
[0m16:35:59.118412 [debug] [MainThread]: SQL status: COMMIT in 0.000 seconds
[0m16:35:59.118855 [debug] [MainThread]: On master: Close
[0m16:35:59.172665 [debug] [Thread-1 (]: Began running node model.berlin_social_atlas.stg_berlin_mss
[0m16:35:59.173438 [info ] [Thread-1 (]: 1 of 2 START sql view model staging.stg_berlin_mss ............................. [RUN]
[0m16:35:59.174287 [debug] [Thread-1 (]: Re-using an available connection from the pool (formerly list_airflow_staging, now model.berlin_social_atlas.stg_berlin_mss)
[0m16:35:59.174783 [debug] [Thread-1 (]: Began compiling node model.berlin_social_atlas.stg_berlin_mss
[0m16:35:59.180401 [debug] [Thread-1 (]: Writing injected SQL for node "model.berlin_social_atlas.stg_berlin_mss"
[0m16:35:59.183020 [debug] [Thread-1 (]: Began executing node model.berlin_social_atlas.stg_berlin_mss
[0m16:35:59.211432 [debug] [Thread-1 (]: Writing runtime sql for node "model.berlin_social_atlas.stg_berlin_mss"
[0m16:35:59.214220 [debug] [Thread-1 (]: Using postgres connection "model.berlin_social_atlas.stg_berlin_mss"
[0m16:35:59.214753 [debug] [Thread-1 (]: On model.berlin_social_atlas.stg_berlin_mss: /* {"app": "dbt", "dbt_version": "1.12.0b1", "profile_name": "berlin_social_atlas", "target_name": "dev", "node_id": "model.berlin_social_atlas.stg_berlin_mss"} */

  create view "airflow"."staging"."stg_berlin_mss__dbt_tmp"
    
    
  as (
    -- models/staging/stg_berlin_mss.sql
-- Bereinigt und typisiert die raw-Daten

with source as (
    select * from raw.berlin_mss
),

cleaned as (
    select
        lor_key                                     as lor_key,
        lor_name                                    as lor_name,
        bezirk                                      as district,
        year,

        -- Raten als Dezimal normalisieren (falls > 1 = Prozentwert)
        case
            when unemployment_rate > 1
            then unemployment_rate / 100.0
            else unemployment_rate
        end                                         as unemployment_rate,

        case
            when child_poverty_rate > 1
            then child_poverty_rate / 100.0
            else child_poverty_rate
        end                                         as child_poverty_rate,

        case
            when transfer_rate > 1
            then transfer_rate / 100.0
            else transfer_rate
        end                                         as transfer_rate,

        case
            when youth_unemployment > 1
            then youth_unemployment / 100.0
            else youth_unemployment
        end                                         as youth_unemployment_rate,

        geometry,
        ingested_at,
        source_url

    from source
    where lor_key is not null
)

select * from cleaned
  );
[0m16:35:59.215334 [debug] [Thread-1 (]: Opening a new connection, currently in state closed
[0m16:35:59.223976 [debug] [Thread-1 (]: SQL status: CREATE VIEW in 0.009 seconds
[0m16:35:59.229839 [debug] [Thread-1 (]: Using postgres connection "model.berlin_social_atlas.stg_berlin_mss"
[0m16:35:59.230380 [debug] [Thread-1 (]: On model.berlin_social_atlas.stg_berlin_mss: /* {"app": "dbt", "dbt_version": "1.12.0b1", "profile_name": "berlin_social_atlas", "target_name": "dev", "node_id": "model.berlin_social_atlas.stg_berlin_mss"} */
alter table "airflow"."staging"."stg_berlin_mss__dbt_tmp" rename to "stg_berlin_mss"
[0m16:35:59.231364 [debug] [Thread-1 (]: SQL status: ALTER TABLE in 0.000 seconds
[0m16:35:59.245081 [debug] [Thread-1 (]: On model.berlin_social_atlas.stg_berlin_mss: COMMIT
[0m16:35:59.245640 [debug] [Thread-1 (]: Using postgres connection "model.berlin_social_atlas.stg_berlin_mss"
[0m16:35:59.246105 [debug] [Thread-1 (]: On model.berlin_social_atlas.stg_berlin_mss: COMMIT
[0m16:35:59.247837 [debug] [Thread-1 (]: SQL status: COMMIT in 0.001 seconds
[0m16:35:59.253080 [debug] [Thread-1 (]: Applying DROP to: "airflow"."staging"."stg_berlin_mss__dbt_backup"
[0m16:35:59.257202 [debug] [Thread-1 (]: Using postgres connection "model.berlin_social_atlas.stg_berlin_mss"
[0m16:35:59.257703 [debug] [Thread-1 (]: On model.berlin_social_atlas.stg_berlin_mss: /* {"app": "dbt", "dbt_version": "1.12.0b1", "profile_name": "berlin_social_atlas", "target_name": "dev", "node_id": "model.berlin_social_atlas.stg_berlin_mss"} */
drop view if exists "airflow"."staging"."stg_berlin_mss__dbt_backup" cascade
[0m16:35:59.258392 [debug] [Thread-1 (]: SQL status: DROP VIEW in 0.000 seconds
[0m16:35:59.260535 [debug] [Thread-1 (]: On model.berlin_social_atlas.stg_berlin_mss: Close
[0m16:35:59.262112 [debug] [Thread-1 (]: Sending event: {'category': 'dbt', 'action': 'run_model', 'label': '7090a830-3bf4-4319-b616-5d3a51787355', 'context': [<snowplow_tracker.self_describing_json.SelfDescribingJson object at 0xffff86a929f0>]}
[0m16:35:59.262915 [info ] [Thread-1 (]: 1 of 2 OK created sql view model staging.stg_berlin_mss ........................ [[32mCREATE VIEW[0m in 0.09s]
[0m16:35:59.263814 [debug] [Thread-1 (]: Finished running node model.berlin_social_atlas.stg_berlin_mss
[0m16:35:59.264717 [debug] [Thread-2 (]: Began running node model.berlin_social_atlas.mart_district_social_index
[0m16:35:59.265303 [info ] [Thread-2 (]: 2 of 2 START sql table model staging.mart_district_social_index ................ [RUN]
[0m16:35:59.266053 [debug] [Thread-2 (]: Acquiring new postgres connection 'model.berlin_social_atlas.mart_district_social_index'
[0m16:35:59.266525 [debug] [Thread-2 (]: Began compiling node model.berlin_social_atlas.mart_district_social_index
[0m16:35:59.269344 [debug] [Thread-2 (]: Writing injected SQL for node "model.berlin_social_atlas.mart_district_social_index"
[0m16:35:59.271097 [debug] [Thread-2 (]: Began executing node model.berlin_social_atlas.mart_district_social_index
[0m16:35:59.290958 [debug] [Thread-2 (]: Writing runtime sql for node "model.berlin_social_atlas.mart_district_social_index"
[0m16:35:59.292863 [debug] [Thread-2 (]: Using postgres connection "model.berlin_social_atlas.mart_district_social_index"
[0m16:35:59.293430 [debug] [Thread-2 (]: On model.berlin_social_atlas.mart_district_social_index: /* {"app": "dbt", "dbt_version": "1.12.0b1", "profile_name": "berlin_social_atlas", "target_name": "dev", "node_id": "model.berlin_social_atlas.mart_district_social_index"} */

  
    

  create  table "airflow"."staging"."mart_district_social_index__dbt_tmp"
  
  
    as
  
  (
    -- models/marts/mart_district_social_index.sql
-- Aggregiert LOR-Planungsräume auf Bezirksebene
-- → ein Row pro Bezirk mit Durchschnittswerten + sozialem Index

with stg as (
    select * from "airflow"."staging"."stg_berlin_mss"
),

district_agg as (
    select
        district,
        year,
        count(*)                                as lor_count,

        round(avg(unemployment_rate)::numeric, 4)       as avg_unemployment_rate,
        round(avg(child_poverty_rate)::numeric, 4)      as avg_child_poverty_rate,
        round(avg(transfer_rate)::numeric, 4)           as avg_transfer_rate,
        round(avg(youth_unemployment_rate)::numeric, 4) as avg_youth_unemployment_rate,

        -- Einfacher sozialer Belastungsindex: Mittelwert aller 4 Indikatoren
        round(
            (
                avg(unemployment_rate) +
                avg(child_poverty_rate) +
                avg(transfer_rate) +
                avg(youth_unemployment_rate)
            ) / 4.0, 4
        )                                               as social_burden_index

    from stg
    group by district, year
),

ranked as (
    select
        *,
        rank() over (
            partition by year
            order by social_burden_index desc
        )                                       as burden_rank  -- 1 = höchste Belastung
    from district_agg
)

select * from ranked
order by year, burden_rank
  );
  
[0m16:35:59.294050 [debug] [Thread-2 (]: Opening a new connection, currently in state init
[0m16:35:59.306668 [debug] [Thread-2 (]: SQL status: SELECT 0 in 0.013 seconds
[0m16:35:59.312780 [debug] [Thread-2 (]: Using postgres connection "model.berlin_social_atlas.mart_district_social_index"
[0m16:35:59.313300 [debug] [Thread-2 (]: On model.berlin_social_atlas.mart_district_social_index: /* {"app": "dbt", "dbt_version": "1.12.0b1", "profile_name": "berlin_social_atlas", "target_name": "dev", "node_id": "model.berlin_social_atlas.mart_district_social_index"} */
alter table "airflow"."staging"."mart_district_social_index__dbt_tmp" rename to "mart_district_social_index"
[0m16:35:59.314113 [debug] [Thread-2 (]: SQL status: ALTER TABLE in 0.000 seconds
[0m16:35:59.315482 [debug] [Thread-2 (]: On model.berlin_social_atlas.mart_district_social_index: COMMIT
[0m16:35:59.316007 [debug] [Thread-2 (]: Using postgres connection "model.berlin_social_atlas.mart_district_social_index"
[0m16:35:59.316492 [debug] [Thread-2 (]: On model.berlin_social_atlas.mart_district_social_index: COMMIT
[0m16:35:59.317981 [debug] [Thread-2 (]: SQL status: COMMIT in 0.001 seconds
[0m16:35:59.320150 [debug] [Thread-2 (]: Applying DROP to: "airflow"."staging"."mart_district_social_index__dbt_backup"
[0m16:35:59.322833 [debug] [Thread-2 (]: Using postgres connection "model.berlin_social_atlas.mart_district_social_index"
[0m16:35:59.323332 [debug] [Thread-2 (]: On model.berlin_social_atlas.mart_district_social_index: /* {"app": "dbt", "dbt_version": "1.12.0b1", "profile_name": "berlin_social_atlas", "target_name": "dev", "node_id": "model.berlin_social_atlas.mart_district_social_index"} */
drop table if exists "airflow"."staging"."mart_district_social_index__dbt_backup" cascade
[0m16:35:59.323927 [debug] [Thread-2 (]: SQL status: DROP TABLE in 0.000 seconds
[0m16:35:59.325161 [debug] [Thread-2 (]: On model.berlin_social_atlas.mart_district_social_index: Close
[0m16:35:59.325846 [debug] [Thread-2 (]: Sending event: {'category': 'dbt', 'action': 'run_model', 'label': '7090a830-3bf4-4319-b616-5d3a51787355', 'context': [<snowplow_tracker.self_describing_json.SelfDescribingJson object at 0xffff835c0320>]}
[0m16:35:59.328374 [info ] [Thread-2 (]: 2 of 2 OK created sql table model staging.mart_district_social_index ........... [[32mSELECT 0[0m in 0.06s]
[0m16:35:59.329607 [debug] [Thread-2 (]: Finished running node model.berlin_social_atlas.mart_district_social_index
[0m16:35:59.331025 [debug] [MainThread]: On master: COMMIT
[0m16:35:59.331495 [debug] [MainThread]: Using postgres connection "master"
[0m16:35:59.331934 [debug] [MainThread]: On master: COMMIT
[0m16:35:59.332451 [debug] [MainThread]: Opening a new connection, currently in state closed
[0m16:35:59.337773 [debug] [MainThread]: SQL status: COMMIT in 0.005 seconds
[0m16:35:59.338223 [debug] [MainThread]: On master: Close
[0m16:35:59.338736 [debug] [MainThread]: Connection 'master' was properly closed.
[0m16:35:59.339127 [debug] [MainThread]: Connection 'model.berlin_social_atlas.stg_berlin_mss' was properly closed.
[0m16:35:59.339519 [debug] [MainThread]: Connection 'model.berlin_social_atlas.mart_district_social_index' was properly closed.
[0m16:35:59.339966 [info ] [MainThread]: 
[0m16:35:59.340612 [info ] [MainThread]: Finished running 1 table model, 1 view model in 0 hours 0 minutes and 0.30 seconds (0.30s).
[0m16:35:59.341599 [debug] [MainThread]: Command end result
[0m16:35:59.383558 [debug] [MainThread]: Wrote artifact WritableManifest to /opt/airflow/dbt/target/manifest.json
[0m16:35:59.386104 [debug] [MainThread]: Wrote artifact SemanticManifest to /opt/airflow/dbt/target/semantic_manifest.json
[0m16:35:59.392099 [debug] [MainThread]: Wrote artifact RunExecutionResult to /opt/airflow/dbt/target/run_results.json
[0m16:35:59.392493 [info ] [MainThread]: 
[0m16:35:59.393189 [info ] [MainThread]: [32mCompleted successfully[0m
[0m16:35:59.393739 [info ] [MainThread]: 
[0m16:35:59.394228 [info ] [MainThread]: Done. PASS=2 WARN=0 ERROR=0 SKIP=0 NO-OP=0 TOTAL=2
[0m16:35:59.394799 [warn ] [MainThread]: [[33mWARNING[0m][DeprecationsSummary]: Deprecated functionality
Summary of encountered deprecations:
- MissingArgumentsPropertyInGenericTestDeprecation: 3 occurrences
To see all deprecation instances instead of just the first occurrence of each,
run command again with the `--show-all-deprecations` flag. You may also need to
run with `--no-partial-parse` as some deprecations are only encountered during
parsing.
[0m16:35:59.396195 [debug] [MainThread]: Resource report: {"command_name": "run", "command_success": true, "command_wall_clock_time": 2.1606753, "process_in_blocks": "0", "process_kernel_time": 0.170975, "process_mem_max_rss": "131632", "process_out_blocks": "3956", "process_user_time": 3.657471}
[0m16:35:59.396796 [debug] [MainThread]: Command `dbt run` succeeded at 16:35:59.396689 after 2.16 seconds
[0m16:35:59.397262 [debug] [MainThread]: Sending event: {'category': 'dbt', 'action': 'invocation', 'label': 'end', 'context': [<snowplow_tracker.self_describing_json.SelfDescribingJson object at 0xffff88a76ff0>, <snowplow_tracker.self_describing_json.SelfDescribingJson object at 0xffff820d3260>, <snowplow_tracker.self_describing_json.SelfDescribingJson object at 0xffff820d0530>]}
[0m16:35:59.397720 [debug] [MainThread]: Flushing usage events
[0m16:35:59.876507 [debug] [MainThread]: An error was encountered while trying to flush usage events
[0m16:36:03.771100 [debug] [MainThread]: Sending event: {'category': 'dbt', 'action': 'invocation', 'label': 'start', 'context': [<snowplow_tracker.self_describing_json.SelfDescribingJson object at 0xffff808ea8a0>, <snowplow_tracker.self_describing_json.SelfDescribingJson object at 0xffff7fd2a7e0>, <snowplow_tracker.self_describing_json.SelfDescribingJson object at 0xffff808858b0>]}


============================== 16:36:03.777252 | d7f768f6-c94a-45ef-8df7-ce6ec5412844 ==============================
[0m16:36:03.777252 [info ] [MainThread]: Running with dbt=1.12.0-b1
[0m16:36:03.778167 [debug] [MainThread]: running dbt with arguments {'profiles_dir': '.', 'log_cache_events': 'False', 'use_colors': 'True', 'empty': 'None', 'partial_parse': 'True', 'version_check': 'True', 'write_json': 'True', 'printer_width': '80', 'cache_selected_only': 'False', 'target_path': 'None', 'quiet': 'False', 'warn_error_options': 'WarnErrorOptionsV2(error=[], warn=[], silence=[])', 'invocation_command': 'dbt test --profiles-dir .', 'log_path': '/opt/airflow/dbt/logs', 'warn_error': 'None', 'send_anonymous_usage_stats': 'True', 'introspect': 'True', 'static_parser': 'True', 'fail_fast': 'False', 'indirect_selection': 'eager', 'no_print': 'None', 'use_experimental_parser': 'False', 'debug': 'False', 'log_format': 'default'}
[0m16:36:03.932878 [debug] [MainThread]: Sending event: {'category': 'dbt', 'action': 'project_id', 'label': 'd7f768f6-c94a-45ef-8df7-ce6ec5412844', 'context': [<snowplow_tracker.self_describing_json.SelfDescribingJson object at 0xffff81d66ab0>]}
[0m16:36:03.989104 [debug] [MainThread]: Sending event: {'category': 'dbt', 'action': 'adapter_info', 'label': 'd7f768f6-c94a-45ef-8df7-ce6ec5412844', 'context': [<snowplow_tracker.self_describing_json.SelfDescribingJson object at 0xffff80845fd0>]}
[0m16:36:03.990366 [info ] [MainThread]: Registered adapter: postgres=1.10.0
[0m16:36:04.055529 [debug] [MainThread]: checksum: 6927119f54d004ffd263b094d7bce97ebbdd1c00adedbbdda88e818b9bb3a551, vars: {}, profile: berlin_social_atlas, target: dev, version: 1.12.0b1
[0m16:36:04.188425 [debug] [MainThread]: Partial parsing enabled: 0 files deleted, 0 files added, 0 files changed.
[0m16:36:04.189027 [debug] [MainThread]: Nothing changed, skipping partial parsing.
[0m16:36:04.189435 [debug] [MainThread]: Partial parsing enabled, no changes found, skipping parsing
[0m16:36:04.224801 [debug] [MainThread]: Sending event: {'category': 'dbt', 'action': 'load_project', 'label': 'd7f768f6-c94a-45ef-8df7-ce6ec5412844', 'context': [<snowplow_tracker.self_describing_json.SelfDescribingJson object at 0xffff7e893410>]}
[0m16:36:04.312985 [debug] [MainThread]: Wrote artifact WritableManifest to /opt/airflow/dbt/target/manifest.json
[0m16:36:04.315470 [debug] [MainThread]: Wrote artifact SemanticManifest to /opt/airflow/dbt/target/semantic_manifest.json
[0m16:36:04.337126 [debug] [MainThread]: Sending event: {'category': 'dbt', 'action': 'resource_counts', 'label': 'd7f768f6-c94a-45ef-8df7-ce6ec5412844', 'context': [<snowplow_tracker.self_describing_json.SelfDescribingJson object at 0xffff7e4fb9e0>]}
[0m16:36:04.337715 [info ] [MainThread]: Found 2 models, 12 data tests, 591 macros
[0m16:36:04.338336 [debug] [MainThread]: Sending event: {'category': 'dbt', 'action': 'runnable_timing', 'label': 'd7f768f6-c94a-45ef-8df7-ce6ec5412844', 'context': [<snowplow_tracker.self_describing_json.SelfDescribingJson object at 0xffff7e687c50>]}
[0m16:36:04.340308 [info ] [MainThread]: 
[0m16:36:04.340829 [info ] [MainThread]: Concurrency: 2 threads (target='dev')
[0m16:36:04.341203 [info ] [MainThread]: 
[0m16:36:04.341724 [debug] [MainThread]: Acquiring new postgres connection 'master'
[0m16:36:04.345697 [debug] [ThreadPool]: Acquiring new postgres connection 'list_airflow_staging'
[0m16:36:04.373093 [debug] [ThreadPool]: Using postgres connection "list_airflow_staging"
[0m16:36:04.373718 [debug] [ThreadPool]: On list_airflow_staging: /* {"app": "dbt", "dbt_version": "1.12.0b1", "profile_name": "berlin_social_atlas", "target_name": "dev", "connection_name": "list_airflow_staging"} */
select
      'airflow' as database,
      tablename as name,
      schemaname as schema,
      'table' as type
    from pg_tables
    where schemaname ilike 'staging'
    union all
    select
      'airflow' as database,
      viewname as name,
      schemaname as schema,
      'view' as type
    from pg_views
    where schemaname ilike 'staging'
    union all
    select
      'airflow' as database,
      matviewname as name,
      schemaname as schema,
      'materialized_view' as type
    from pg_matviews
    where schemaname ilike 'staging'
  
[0m16:36:04.374211 [debug] [ThreadPool]: Opening a new connection, currently in state init
[0m16:36:04.382455 [debug] [ThreadPool]: SQL status: SELECT 2 in 0.008 seconds
[0m16:36:04.383903 [debug] [ThreadPool]: On list_airflow_staging: ROLLBACK
[0m16:36:04.384503 [debug] [ThreadPool]: On list_airflow_staging: Close
[0m16:36:04.388854 [debug] [MainThread]: Using postgres connection "master"
[0m16:36:04.389405 [debug] [MainThread]: On master: /* {"app": "dbt", "dbt_version": "1.12.0b1", "profile_name": "berlin_social_atlas", "target_name": "dev", "connection_name": "master"} */
select distinct
        dependent_namespace.nspname as dependent_schema,
        dependent_class.relname as dependent_name,
        referenced_namespace.nspname as referenced_schema,
        referenced_class.relname as referenced_name

    -- Query for views: views are entries in pg_class with an entry in pg_rewrite, but we avoid
    -- a seq scan on pg_rewrite by leveraging the fact there is an "internal" row in pg_depend for
    -- the view...
    from pg_class as dependent_class
    join pg_namespace as dependent_namespace on dependent_namespace.oid = dependent_class.relnamespace
    join pg_depend as dependent_depend on dependent_depend.refobjid = dependent_class.oid
        and dependent_depend.classid = 'pg_rewrite'::regclass
        and dependent_depend.refclassid = 'pg_class'::regclass
        and dependent_depend.deptype = 'i'

    -- ... and via pg_depend (that has a row per column, hence the need for "distinct" above, and
    -- making sure to exclude the internal row to avoid a view appearing to depend on itself)...
    join pg_depend as joining_depend on joining_depend.objid = dependent_depend.objid
        and joining_depend.classid = 'pg_rewrite'::regclass
        and joining_depend.refclassid = 'pg_class'::regclass
        and joining_depend.refobjid != dependent_depend.refobjid

    -- ... we can find the tables they query from in pg_class, but excluding system tables. Note we
    -- don't need need to exclude _dependent_ system tables, because they only query from other
    -- system tables, and so are automatically excluded by excluding _referenced_ system tables
    join pg_class as referenced_class on referenced_class.oid = joining_depend.refobjid
    join pg_namespace as referenced_namespace on referenced_namespace.oid = referenced_class.relnamespace
        and referenced_namespace.nspname != 'information_schema'
        and referenced_namespace.nspname not like 'pg\_%'

    order by
        dependent_schema, dependent_name, referenced_schema, referenced_name;
[0m16:36:04.390025 [debug] [MainThread]: Opening a new connection, currently in state init
[0m16:36:04.398094 [debug] [MainThread]: SQL status: SELECT 1 in 0.008 seconds
[0m16:36:04.399408 [debug] [MainThread]: Sending event: {'category': 'dbt', 'action': 'runnable_timing', 'label': 'd7f768f6-c94a-45ef-8df7-ce6ec5412844', 'context': [<snowplow_tracker.self_describing_json.SelfDescribingJson object at 0xffff7e4fb830>]}
[0m16:36:04.400016 [debug] [MainThread]: On master: ROLLBACK
[0m16:36:04.400599 [debug] [MainThread]: On master: COMMIT
[0m16:36:04.401044 [debug] [MainThread]: Using postgres connection "master"
[0m16:36:04.401453 [debug] [MainThread]: On master: COMMIT
[0m16:36:04.402077 [debug] [MainThread]: SQL status: COMMIT in 0.000 seconds
[0m16:36:04.402486 [debug] [MainThread]: On master: Close
[0m16:36:04.406064 [debug] [Thread-1 (]: Began running node test.berlin_social_atlas.dbt_utils_accepted_range_mart_district_social_index_social_burden_index__1__0.bf57a762da
[0m16:36:04.406601 [debug] [Thread-2 (]: Began running node test.berlin_social_atlas.dbt_utils_accepted_range_stg_berlin_mss_child_poverty_rate__1__0.7d93ad6634
[0m16:36:04.407096 [info ] [Thread-1 (]: 1 of 12 START test dbt_utils_accepted_range_mart_district_social_index_social_burden_index__1__0  [RUN]
[0m16:36:04.407896 [info ] [Thread-2 (]: 2 of 12 START test dbt_utils_accepted_range_stg_berlin_mss_child_poverty_rate__1__0  [RUN]
[0m16:36:04.408512 [debug] [Thread-1 (]: Re-using an available connection from the pool (formerly list_airflow_staging, now test.berlin_social_atlas.dbt_utils_accepted_range_mart_district_social_index_social_burden_index__1__0.bf57a762da)
[0m16:36:04.409123 [debug] [Thread-2 (]: Acquiring new postgres connection 'test.berlin_social_atlas.dbt_utils_accepted_range_stg_berlin_mss_child_poverty_rate__1__0.7d93ad6634'
[0m16:36:04.409636 [debug] [Thread-1 (]: Began compiling node test.berlin_social_atlas.dbt_utils_accepted_range_mart_district_social_index_social_burden_index__1__0.bf57a762da
[0m16:36:04.410112 [debug] [Thread-2 (]: Began compiling node test.berlin_social_atlas.dbt_utils_accepted_range_stg_berlin_mss_child_poverty_rate__1__0.7d93ad6634
[0m16:36:04.423579 [debug] [Thread-1 (]: Writing injected SQL for node "test.berlin_social_atlas.dbt_utils_accepted_range_mart_district_social_index_social_burden_index__1__0.bf57a762da"
[0m16:36:04.427182 [debug] [Thread-2 (]: Writing injected SQL for node "test.berlin_social_atlas.dbt_utils_accepted_range_stg_berlin_mss_child_poverty_rate__1__0.7d93ad6634"
[0m16:36:04.429133 [debug] [Thread-1 (]: Began executing node test.berlin_social_atlas.dbt_utils_accepted_range_mart_district_social_index_social_burden_index__1__0.bf57a762da
[0m16:36:04.436859 [debug] [Thread-2 (]: Began executing node test.berlin_social_atlas.dbt_utils_accepted_range_stg_berlin_mss_child_poverty_rate__1__0.7d93ad6634
[0m16:36:04.447792 [debug] [Thread-1 (]: Writing runtime sql for node "test.berlin_social_atlas.dbt_utils_accepted_range_mart_district_social_index_social_burden_index__1__0.bf57a762da"
[0m16:36:04.450834 [debug] [Thread-2 (]: Writing runtime sql for node "test.berlin_social_atlas.dbt_utils_accepted_range_stg_berlin_mss_child_poverty_rate__1__0.7d93ad6634"
[0m16:36:04.455095 [debug] [Thread-1 (]: Using postgres connection "test.berlin_social_atlas.dbt_utils_accepted_range_mart_district_social_index_social_burden_index__1__0.bf57a762da"
[0m16:36:04.455581 [debug] [Thread-2 (]: Using postgres connection "test.berlin_social_atlas.dbt_utils_accepted_range_stg_berlin_mss_child_poverty_rate__1__0.7d93ad6634"
[0m16:36:04.456100 [debug] [Thread-1 (]: On test.berlin_social_atlas.dbt_utils_accepted_range_mart_district_social_index_social_burden_index__1__0.bf57a762da: /* {"app": "dbt", "dbt_version": "1.12.0b1", "profile_name": "berlin_social_atlas", "target_name": "dev", "node_id": "test.berlin_social_atlas.dbt_utils_accepted_range_mart_district_social_index_social_burden_index__1__0.bf57a762da"} */

    
    select
      count(*) as failures,
      count(*) != 0 as should_warn,
      count(*) != 0 as should_error
    from (
      
    
  

with meet_condition as(
  select *
  from "airflow"."staging"."mart_district_social_index"
),

validation_errors as (
  select *
  from meet_condition
  where
    -- never true, defaults to an empty result set. Exists to ensure any combo of the `or` clauses below succeeds
    1 = 2
    -- records with a value >= min_value are permitted. The `not` flips this to find records that don't meet the rule.
    or not social_burden_index >= 0
    -- records with a value <= max_value are permitted. The `not` flips this to find records that don't meet the rule.
    or not social_burden_index <= 1
)

select *
from validation_errors


  
  
      
    ) dbt_internal_test
[0m16:36:04.456725 [debug] [Thread-2 (]: On test.berlin_social_atlas.dbt_utils_accepted_range_stg_berlin_mss_child_poverty_rate__1__0.7d93ad6634: /* {"app": "dbt", "dbt_version": "1.12.0b1", "profile_name": "berlin_social_atlas", "target_name": "dev", "node_id": "test.berlin_social_atlas.dbt_utils_accepted_range_stg_berlin_mss_child_poverty_rate__1__0.7d93ad6634"} */

    
    select
      count(*) as failures,
      count(*) != 0 as should_warn,
      count(*) != 0 as should_error
    from (
      
    
  

with meet_condition as(
  select *
  from "airflow"."staging"."stg_berlin_mss"
),

validation_errors as (
  select *
  from meet_condition
  where
    -- never true, defaults to an empty result set. Exists to ensure any combo of the `or` clauses below succeeds
    1 = 2
    -- records with a value >= min_value are permitted. The `not` flips this to find records that don't meet the rule.
    or not child_poverty_rate >= 0
    -- records with a value <= max_value are permitted. The `not` flips this to find records that don't meet the rule.
    or not child_poverty_rate <= 1
)

select *
from validation_errors


  
  
      
    ) dbt_internal_test
[0m16:36:04.458284 [debug] [Thread-1 (]: Opening a new connection, currently in state closed
[0m16:36:04.458831 [debug] [Thread-2 (]: Opening a new connection, currently in state init
[0m16:36:04.465557 [debug] [Thread-1 (]: SQL status: SELECT 1 in 0.007 seconds
[0m16:36:04.469682 [debug] [Thread-1 (]: On test.berlin_social_atlas.dbt_utils_accepted_range_mart_district_social_index_social_burden_index__1__0.bf57a762da: ROLLBACK
[0m16:36:04.470089 [debug] [Thread-2 (]: SQL status: SELECT 1 in 0.011 seconds
[0m16:36:04.470823 [debug] [Thread-1 (]: On test.berlin_social_atlas.dbt_utils_accepted_range_mart_district_social_index_social_burden_index__1__0.bf57a762da: Close
[0m16:36:04.472096 [debug] [Thread-2 (]: On test.berlin_social_atlas.dbt_utils_accepted_range_stg_berlin_mss_child_poverty_rate__1__0.7d93ad6634: ROLLBACK
[0m16:36:04.472874 [info ] [Thread-1 (]: 1 of 12 PASS dbt_utils_accepted_range_mart_district_social_index_social_burden_index__1__0  [[32mPASS[0m in 0.06s]
[0m16:36:04.473640 [debug] [Thread-2 (]: On test.berlin_social_atlas.dbt_utils_accepted_range_stg_berlin_mss_child_poverty_rate__1__0.7d93ad6634: Close
[0m16:36:04.474141 [debug] [Thread-1 (]: Finished running node test.berlin_social_atlas.dbt_utils_accepted_range_mart_district_social_index_social_burden_index__1__0.bf57a762da
[0m16:36:04.474841 [info ] [Thread-2 (]: 2 of 12 PASS dbt_utils_accepted_range_stg_berlin_mss_child_poverty_rate__1__0 .. [[32mPASS[0m in 0.07s]
[0m16:36:04.475372 [debug] [Thread-1 (]: Began running node test.berlin_social_atlas.dbt_utils_accepted_range_stg_berlin_mss_unemployment_rate__1__0.026f926695
[0m16:36:04.475999 [debug] [Thread-2 (]: Finished running node test.berlin_social_atlas.dbt_utils_accepted_range_stg_berlin_mss_child_poverty_rate__1__0.7d93ad6634
[0m16:36:04.476495 [info ] [Thread-1 (]: 3 of 12 START test dbt_utils_accepted_range_stg_berlin_mss_unemployment_rate__1__0  [RUN]
[0m16:36:04.477153 [debug] [Thread-2 (]: Began running node test.berlin_social_atlas.not_null_mart_district_social_index_burden_rank.560800dccd
[0m16:36:04.477684 [debug] [Thread-1 (]: Re-using an available connection from the pool (formerly test.berlin_social_atlas.dbt_utils_accepted_range_mart_district_social_index_social_burden_index__1__0.bf57a762da, now test.berlin_social_atlas.dbt_utils_accepted_range_stg_berlin_mss_unemployment_rate__1__0.026f926695)
[0m16:36:04.478173 [info ] [Thread-2 (]: 4 of 12 START test not_null_mart_district_social_index_burden_rank ............. [RUN]
[0m16:36:04.478735 [debug] [Thread-1 (]: Began compiling node test.berlin_social_atlas.dbt_utils_accepted_range_stg_berlin_mss_unemployment_rate__1__0.026f926695
[0m16:36:04.479238 [debug] [Thread-2 (]: Re-using an available connection from the pool (formerly test.berlin_social_atlas.dbt_utils_accepted_range_stg_berlin_mss_child_poverty_rate__1__0.7d93ad6634, now test.berlin_social_atlas.not_null_mart_district_social_index_burden_rank.560800dccd)
[0m16:36:04.483020 [debug] [Thread-1 (]: Writing injected SQL for node "test.berlin_social_atlas.dbt_utils_accepted_range_stg_berlin_mss_unemployment_rate__1__0.026f926695"
[0m16:36:04.483550 [debug] [Thread-2 (]: Began compiling node test.berlin_social_atlas.not_null_mart_district_social_index_burden_rank.560800dccd
[0m16:36:04.489472 [debug] [Thread-2 (]: Writing injected SQL for node "test.berlin_social_atlas.not_null_mart_district_social_index_burden_rank.560800dccd"
[0m16:36:04.490174 [debug] [Thread-1 (]: Began executing node test.berlin_social_atlas.dbt_utils_accepted_range_stg_berlin_mss_unemployment_rate__1__0.026f926695
[0m16:36:04.492406 [debug] [Thread-1 (]: Writing runtime sql for node "test.berlin_social_atlas.dbt_utils_accepted_range_stg_berlin_mss_unemployment_rate__1__0.026f926695"
[0m16:36:04.493104 [debug] [Thread-2 (]: Began executing node test.berlin_social_atlas.not_null_mart_district_social_index_burden_rank.560800dccd
[0m16:36:04.495493 [debug] [Thread-2 (]: Writing runtime sql for node "test.berlin_social_atlas.not_null_mart_district_social_index_burden_rank.560800dccd"
[0m16:36:04.496496 [debug] [Thread-1 (]: Using postgres connection "test.berlin_social_atlas.dbt_utils_accepted_range_stg_berlin_mss_unemployment_rate__1__0.026f926695"
[0m16:36:04.497164 [debug] [Thread-1 (]: On test.berlin_social_atlas.dbt_utils_accepted_range_stg_berlin_mss_unemployment_rate__1__0.026f926695: /* {"app": "dbt", "dbt_version": "1.12.0b1", "profile_name": "berlin_social_atlas", "target_name": "dev", "node_id": "test.berlin_social_atlas.dbt_utils_accepted_range_stg_berlin_mss_unemployment_rate__1__0.026f926695"} */

    
    select
      count(*) as failures,
      count(*) != 0 as should_warn,
      count(*) != 0 as should_error
    from (
      
    
  

with meet_condition as(
  select *
  from "airflow"."staging"."stg_berlin_mss"
),

validation_errors as (
  select *
  from meet_condition
  where
    -- never true, defaults to an empty result set. Exists to ensure any combo of the `or` clauses below succeeds
    1 = 2
    -- records with a value >= min_value are permitted. The `not` flips this to find records that don't meet the rule.
    or not unemployment_rate >= 0
    -- records with a value <= max_value are permitted. The `not` flips this to find records that don't meet the rule.
    or not unemployment_rate <= 1
)

select *
from validation_errors


  
  
      
    ) dbt_internal_test
[0m16:36:04.497687 [debug] [Thread-2 (]: Using postgres connection "test.berlin_social_atlas.not_null_mart_district_social_index_burden_rank.560800dccd"
[0m16:36:04.498184 [debug] [Thread-1 (]: Opening a new connection, currently in state closed
[0m16:36:04.498735 [debug] [Thread-2 (]: On test.berlin_social_atlas.not_null_mart_district_social_index_burden_rank.560800dccd: /* {"app": "dbt", "dbt_version": "1.12.0b1", "profile_name": "berlin_social_atlas", "target_name": "dev", "node_id": "test.berlin_social_atlas.not_null_mart_district_social_index_burden_rank.560800dccd"} */

    
    select
      count(*) as failures,
      count(*) != 0 as should_warn,
      count(*) != 0 as should_error
    from (
      
    
  
    
    



select burden_rank
from "airflow"."staging"."mart_district_social_index"
where burden_rank is null



  
  
      
    ) dbt_internal_test
[0m16:36:04.499501 [debug] [Thread-2 (]: Opening a new connection, currently in state closed
[0m16:36:04.504944 [debug] [Thread-2 (]: SQL status: SELECT 1 in 0.005 seconds
[0m16:36:04.506540 [debug] [Thread-2 (]: On test.berlin_social_atlas.not_null_mart_district_social_index_burden_rank.560800dccd: ROLLBACK
[0m16:36:04.506926 [debug] [Thread-1 (]: SQL status: SELECT 1 in 0.009 seconds
[0m16:36:04.507524 [debug] [Thread-2 (]: On test.berlin_social_atlas.not_null_mart_district_social_index_burden_rank.560800dccd: Close
[0m16:36:04.508774 [debug] [Thread-1 (]: On test.berlin_social_atlas.dbt_utils_accepted_range_stg_berlin_mss_unemployment_rate__1__0.026f926695: ROLLBACK
[0m16:36:04.509572 [info ] [Thread-2 (]: 4 of 12 PASS not_null_mart_district_social_index_burden_rank ................... [[32mPASS[0m in 0.03s]
[0m16:36:04.510413 [debug] [Thread-1 (]: On test.berlin_social_atlas.dbt_utils_accepted_range_stg_berlin_mss_unemployment_rate__1__0.026f926695: Close
[0m16:36:04.511126 [debug] [Thread-2 (]: Finished running node test.berlin_social_atlas.not_null_mart_district_social_index_burden_rank.560800dccd
[0m16:36:04.511888 [info ] [Thread-1 (]: 3 of 12 PASS dbt_utils_accepted_range_stg_berlin_mss_unemployment_rate__1__0 ... [[32mPASS[0m in 0.03s]
[0m16:36:04.512576 [debug] [Thread-2 (]: Began running node test.berlin_social_atlas.not_null_mart_district_social_index_district.78c0952b54
[0m16:36:04.513370 [debug] [Thread-1 (]: Finished running node test.berlin_social_atlas.dbt_utils_accepted_range_stg_berlin_mss_unemployment_rate__1__0.026f926695
[0m16:36:04.513899 [info ] [Thread-2 (]: 5 of 12 START test not_null_mart_district_social_index_district ................ [RUN]
[0m16:36:04.514647 [debug] [Thread-1 (]: Began running node test.berlin_social_atlas.not_null_mart_district_social_index_social_burden_index.af1b7a1dba
[0m16:36:04.515259 [debug] [Thread-2 (]: Re-using an available connection from the pool (formerly test.berlin_social_atlas.not_null_mart_district_social_index_burden_rank.560800dccd, now test.berlin_social_atlas.not_null_mart_district_social_index_district.78c0952b54)
[0m16:36:04.515841 [info ] [Thread-1 (]: 6 of 12 START test not_null_mart_district_social_index_social_burden_index ..... [RUN]
[0m16:36:04.516500 [debug] [Thread-2 (]: Began compiling node test.berlin_social_atlas.not_null_mart_district_social_index_district.78c0952b54
[0m16:36:04.517182 [debug] [Thread-1 (]: Re-using an available connection from the pool (formerly test.berlin_social_atlas.dbt_utils_accepted_range_stg_berlin_mss_unemployment_rate__1__0.026f926695, now test.berlin_social_atlas.not_null_mart_district_social_index_social_burden_index.af1b7a1dba)
[0m16:36:04.521212 [debug] [Thread-2 (]: Writing injected SQL for node "test.berlin_social_atlas.not_null_mart_district_social_index_district.78c0952b54"
[0m16:36:04.521800 [debug] [Thread-1 (]: Began compiling node test.berlin_social_atlas.not_null_mart_district_social_index_social_burden_index.af1b7a1dba
[0m16:36:04.525453 [debug] [Thread-1 (]: Writing injected SQL for node "test.berlin_social_atlas.not_null_mart_district_social_index_social_burden_index.af1b7a1dba"
[0m16:36:04.526067 [debug] [Thread-2 (]: Began executing node test.berlin_social_atlas.not_null_mart_district_social_index_district.78c0952b54
[0m16:36:04.528336 [debug] [Thread-2 (]: Writing runtime sql for node "test.berlin_social_atlas.not_null_mart_district_social_index_district.78c0952b54"
[0m16:36:04.528970 [debug] [Thread-1 (]: Began executing node test.berlin_social_atlas.not_null_mart_district_social_index_social_burden_index.af1b7a1dba
[0m16:36:04.532440 [debug] [Thread-1 (]: Writing runtime sql for node "test.berlin_social_atlas.not_null_mart_district_social_index_social_burden_index.af1b7a1dba"
[0m16:36:04.532909 [debug] [Thread-2 (]: Using postgres connection "test.berlin_social_atlas.not_null_mart_district_social_index_district.78c0952b54"
[0m16:36:04.533455 [debug] [Thread-2 (]: On test.berlin_social_atlas.not_null_mart_district_social_index_district.78c0952b54: /* {"app": "dbt", "dbt_version": "1.12.0b1", "profile_name": "berlin_social_atlas", "target_name": "dev", "node_id": "test.berlin_social_atlas.not_null_mart_district_social_index_district.78c0952b54"} */

    
    select
      count(*) as failures,
      count(*) != 0 as should_warn,
      count(*) != 0 as should_error
    from (
      
    
  
    
    



select district
from "airflow"."staging"."mart_district_social_index"
where district is null



  
  
      
    ) dbt_internal_test
[0m16:36:04.534300 [debug] [Thread-2 (]: Opening a new connection, currently in state closed
[0m16:36:04.534909 [debug] [Thread-1 (]: Using postgres connection "test.berlin_social_atlas.not_null_mart_district_social_index_social_burden_index.af1b7a1dba"
[0m16:36:04.535637 [debug] [Thread-1 (]: On test.berlin_social_atlas.not_null_mart_district_social_index_social_burden_index.af1b7a1dba: /* {"app": "dbt", "dbt_version": "1.12.0b1", "profile_name": "berlin_social_atlas", "target_name": "dev", "node_id": "test.berlin_social_atlas.not_null_mart_district_social_index_social_burden_index.af1b7a1dba"} */

    
    select
      count(*) as failures,
      count(*) != 0 as should_warn,
      count(*) != 0 as should_error
    from (
      
    
  
    
    



select social_burden_index
from "airflow"."staging"."mart_district_social_index"
where social_burden_index is null



  
  
      
    ) dbt_internal_test
[0m16:36:04.536325 [debug] [Thread-1 (]: Opening a new connection, currently in state closed
[0m16:36:04.541268 [debug] [Thread-2 (]: SQL status: SELECT 1 in 0.007 seconds
[0m16:36:04.542868 [debug] [Thread-2 (]: On test.berlin_social_atlas.not_null_mart_district_social_index_district.78c0952b54: ROLLBACK
[0m16:36:04.543240 [debug] [Thread-1 (]: SQL status: SELECT 1 in 0.007 seconds
[0m16:36:04.543826 [debug] [Thread-2 (]: On test.berlin_social_atlas.not_null_mart_district_social_index_district.78c0952b54: Close
[0m16:36:04.545001 [debug] [Thread-1 (]: On test.berlin_social_atlas.not_null_mart_district_social_index_social_burden_index.af1b7a1dba: ROLLBACK
[0m16:36:04.545818 [info ] [Thread-2 (]: 5 of 12 PASS not_null_mart_district_social_index_district ...................... [[32mPASS[0m in 0.03s]
[0m16:36:04.546696 [debug] [Thread-1 (]: On test.berlin_social_atlas.not_null_mart_district_social_index_social_burden_index.af1b7a1dba: Close
[0m16:36:04.547198 [debug] [Thread-2 (]: Finished running node test.berlin_social_atlas.not_null_mart_district_social_index_district.78c0952b54
[0m16:36:04.547931 [info ] [Thread-1 (]: 6 of 12 PASS not_null_mart_district_social_index_social_burden_index ........... [[32mPASS[0m in 0.03s]
[0m16:36:04.548573 [debug] [Thread-2 (]: Began running node test.berlin_social_atlas.not_null_stg_berlin_mss_child_poverty_rate.c9ed3fcc7e
[0m16:36:04.549249 [debug] [Thread-1 (]: Finished running node test.berlin_social_atlas.not_null_mart_district_social_index_social_burden_index.af1b7a1dba
[0m16:36:04.549748 [info ] [Thread-2 (]: 7 of 12 START test not_null_stg_berlin_mss_child_poverty_rate .................. [RUN]
[0m16:36:04.550315 [debug] [Thread-1 (]: Began running node test.berlin_social_atlas.not_null_stg_berlin_mss_district.529d7706bd
[0m16:36:04.550818 [debug] [Thread-2 (]: Re-using an available connection from the pool (formerly test.berlin_social_atlas.not_null_mart_district_social_index_district.78c0952b54, now test.berlin_social_atlas.not_null_stg_berlin_mss_child_poverty_rate.c9ed3fcc7e)
[0m16:36:04.551292 [info ] [Thread-1 (]: 8 of 12 START test not_null_stg_berlin_mss_district ............................ [RUN]
[0m16:36:04.551827 [debug] [Thread-2 (]: Began compiling node test.berlin_social_atlas.not_null_stg_berlin_mss_child_poverty_rate.c9ed3fcc7e
[0m16:36:04.552288 [debug] [Thread-1 (]: Re-using an available connection from the pool (formerly test.berlin_social_atlas.not_null_mart_district_social_index_social_burden_index.af1b7a1dba, now test.berlin_social_atlas.not_null_stg_berlin_mss_district.529d7706bd)
[0m16:36:04.556183 [debug] [Thread-2 (]: Writing injected SQL for node "test.berlin_social_atlas.not_null_stg_berlin_mss_child_poverty_rate.c9ed3fcc7e"
[0m16:36:04.556786 [debug] [Thread-1 (]: Began compiling node test.berlin_social_atlas.not_null_stg_berlin_mss_district.529d7706bd
[0m16:36:04.560425 [debug] [Thread-1 (]: Writing injected SQL for node "test.berlin_social_atlas.not_null_stg_berlin_mss_district.529d7706bd"
[0m16:36:04.561166 [debug] [Thread-2 (]: Began executing node test.berlin_social_atlas.not_null_stg_berlin_mss_child_poverty_rate.c9ed3fcc7e
[0m16:36:04.563648 [debug] [Thread-2 (]: Writing runtime sql for node "test.berlin_social_atlas.not_null_stg_berlin_mss_child_poverty_rate.c9ed3fcc7e"
[0m16:36:04.564300 [debug] [Thread-1 (]: Began executing node test.berlin_social_atlas.not_null_stg_berlin_mss_district.529d7706bd
[0m16:36:04.566747 [debug] [Thread-1 (]: Writing runtime sql for node "test.berlin_social_atlas.not_null_stg_berlin_mss_district.529d7706bd"
[0m16:36:04.567618 [debug] [Thread-2 (]: Using postgres connection "test.berlin_social_atlas.not_null_stg_berlin_mss_child_poverty_rate.c9ed3fcc7e"
[0m16:36:04.568411 [debug] [Thread-2 (]: On test.berlin_social_atlas.not_null_stg_berlin_mss_child_poverty_rate.c9ed3fcc7e: /* {"app": "dbt", "dbt_version": "1.12.0b1", "profile_name": "berlin_social_atlas", "target_name": "dev", "node_id": "test.berlin_social_atlas.not_null_stg_berlin_mss_child_poverty_rate.c9ed3fcc7e"} */

    
    select
      count(*) as failures,
      count(*) != 0 as should_warn,
      count(*) != 0 as should_error
    from (
      
    
  
    
    



select child_poverty_rate
from "airflow"."staging"."stg_berlin_mss"
where child_poverty_rate is null



  
  
      
    ) dbt_internal_test
[0m16:36:04.569198 [debug] [Thread-2 (]: Opening a new connection, currently in state closed
[0m16:36:04.569564 [debug] [Thread-1 (]: Using postgres connection "test.berlin_social_atlas.not_null_stg_berlin_mss_district.529d7706bd"
[0m16:36:04.570803 [debug] [Thread-1 (]: On test.berlin_social_atlas.not_null_stg_berlin_mss_district.529d7706bd: /* {"app": "dbt", "dbt_version": "1.12.0b1", "profile_name": "berlin_social_atlas", "target_name": "dev", "node_id": "test.berlin_social_atlas.not_null_stg_berlin_mss_district.529d7706bd"} */

    
    select
      count(*) as failures,
      count(*) != 0 as should_warn,
      count(*) != 0 as should_error
    from (
      
    
  
    
    



select district
from "airflow"."staging"."stg_berlin_mss"
where district is null



  
  
      
    ) dbt_internal_test
[0m16:36:04.571489 [debug] [Thread-1 (]: Opening a new connection, currently in state closed
[0m16:36:04.577824 [debug] [Thread-2 (]: SQL status: SELECT 1 in 0.009 seconds
[0m16:36:04.578255 [debug] [Thread-1 (]: SQL status: SELECT 1 in 0.007 seconds
[0m16:36:04.579679 [debug] [Thread-2 (]: On test.berlin_social_atlas.not_null_stg_berlin_mss_child_poverty_rate.c9ed3fcc7e: ROLLBACK
[0m16:36:04.581020 [debug] [Thread-1 (]: On test.berlin_social_atlas.not_null_stg_berlin_mss_district.529d7706bd: ROLLBACK
[0m16:36:04.581794 [debug] [Thread-2 (]: On test.berlin_social_atlas.not_null_stg_berlin_mss_child_poverty_rate.c9ed3fcc7e: Close
[0m16:36:04.582240 [debug] [Thread-1 (]: On test.berlin_social_atlas.not_null_stg_berlin_mss_district.529d7706bd: Close
[0m16:36:04.582792 [info ] [Thread-2 (]: 7 of 12 PASS not_null_stg_berlin_mss_child_poverty_rate ........................ [[32mPASS[0m in 0.03s]
[0m16:36:04.583605 [info ] [Thread-1 (]: 8 of 12 PASS not_null_stg_berlin_mss_district .................................. [[32mPASS[0m in 0.03s]
[0m16:36:04.584167 [debug] [Thread-2 (]: Finished running node test.berlin_social_atlas.not_null_stg_berlin_mss_child_poverty_rate.c9ed3fcc7e
[0m16:36:04.584778 [debug] [Thread-1 (]: Finished running node test.berlin_social_atlas.not_null_stg_berlin_mss_district.529d7706bd
[0m16:36:04.585316 [debug] [Thread-2 (]: Began running node test.berlin_social_atlas.not_null_stg_berlin_mss_lor_key.4a67e7a5ec
[0m16:36:04.585883 [debug] [Thread-1 (]: Began running node test.berlin_social_atlas.not_null_stg_berlin_mss_unemployment_rate.ba478eb887
[0m16:36:04.586398 [info ] [Thread-2 (]: 9 of 12 START test not_null_stg_berlin_mss_lor_key ............................. [RUN]
[0m16:36:04.587040 [info ] [Thread-1 (]: 10 of 12 START test not_null_stg_berlin_mss_unemployment_rate .................. [RUN]
[0m16:36:04.587644 [debug] [Thread-2 (]: Re-using an available connection from the pool (formerly test.berlin_social_atlas.not_null_stg_berlin_mss_child_poverty_rate.c9ed3fcc7e, now test.berlin_social_atlas.not_null_stg_berlin_mss_lor_key.4a67e7a5ec)
[0m16:36:04.588149 [debug] [Thread-1 (]: Re-using an available connection from the pool (formerly test.berlin_social_atlas.not_null_stg_berlin_mss_district.529d7706bd, now test.berlin_social_atlas.not_null_stg_berlin_mss_unemployment_rate.ba478eb887)
[0m16:36:04.588642 [debug] [Thread-2 (]: Began compiling node test.berlin_social_atlas.not_null_stg_berlin_mss_lor_key.4a67e7a5ec
[0m16:36:04.589113 [debug] [Thread-1 (]: Began compiling node test.berlin_social_atlas.not_null_stg_berlin_mss_unemployment_rate.ba478eb887
[0m16:36:04.592857 [debug] [Thread-2 (]: Writing injected SQL for node "test.berlin_social_atlas.not_null_stg_berlin_mss_lor_key.4a67e7a5ec"
[0m16:36:04.596308 [debug] [Thread-1 (]: Writing injected SQL for node "test.berlin_social_atlas.not_null_stg_berlin_mss_unemployment_rate.ba478eb887"
[0m16:36:04.597837 [debug] [Thread-2 (]: Began executing node test.berlin_social_atlas.not_null_stg_berlin_mss_lor_key.4a67e7a5ec
[0m16:36:04.598288 [debug] [Thread-1 (]: Began executing node test.berlin_social_atlas.not_null_stg_berlin_mss_unemployment_rate.ba478eb887
[0m16:36:04.600318 [debug] [Thread-2 (]: Writing runtime sql for node "test.berlin_social_atlas.not_null_stg_berlin_mss_lor_key.4a67e7a5ec"
[0m16:36:04.602506 [debug] [Thread-1 (]: Writing runtime sql for node "test.berlin_social_atlas.not_null_stg_berlin_mss_unemployment_rate.ba478eb887"
[0m16:36:04.603850 [debug] [Thread-2 (]: Using postgres connection "test.berlin_social_atlas.not_null_stg_berlin_mss_lor_key.4a67e7a5ec"
[0m16:36:04.604284 [debug] [Thread-1 (]: Using postgres connection "test.berlin_social_atlas.not_null_stg_berlin_mss_unemployment_rate.ba478eb887"
[0m16:36:04.604641 [debug] [Thread-2 (]: On test.berlin_social_atlas.not_null_stg_berlin_mss_lor_key.4a67e7a5ec: /* {"app": "dbt", "dbt_version": "1.12.0b1", "profile_name": "berlin_social_atlas", "target_name": "dev", "node_id": "test.berlin_social_atlas.not_null_stg_berlin_mss_lor_key.4a67e7a5ec"} */

    
    select
      count(*) as failures,
      count(*) != 0 as should_warn,
      count(*) != 0 as should_error
    from (
      
    
  
    
    



select lor_key
from "airflow"."staging"."stg_berlin_mss"
where lor_key is null



  
  
      
    ) dbt_internal_test
[0m16:36:04.605285 [debug] [Thread-1 (]: On test.berlin_social_atlas.not_null_stg_berlin_mss_unemployment_rate.ba478eb887: /* {"app": "dbt", "dbt_version": "1.12.0b1", "profile_name": "berlin_social_atlas", "target_name": "dev", "node_id": "test.berlin_social_atlas.not_null_stg_berlin_mss_unemployment_rate.ba478eb887"} */

    
    select
      count(*) as failures,
      count(*) != 0 as should_warn,
      count(*) != 0 as should_error
    from (
      
    
  
    
    



select unemployment_rate
from "airflow"."staging"."stg_berlin_mss"
where unemployment_rate is null



  
  
      
    ) dbt_internal_test
[0m16:36:04.606243 [debug] [Thread-2 (]: Opening a new connection, currently in state closed
[0m16:36:04.607149 [debug] [Thread-1 (]: Opening a new connection, currently in state closed
[0m16:36:04.614765 [debug] [Thread-2 (]: SQL status: SELECT 1 in 0.008 seconds
[0m16:36:04.615174 [debug] [Thread-1 (]: SQL status: SELECT 1 in 0.008 seconds
[0m16:36:04.616649 [debug] [Thread-2 (]: On test.berlin_social_atlas.not_null_stg_berlin_mss_lor_key.4a67e7a5ec: ROLLBACK
[0m16:36:04.617904 [debug] [Thread-1 (]: On test.berlin_social_atlas.not_null_stg_berlin_mss_unemployment_rate.ba478eb887: ROLLBACK
[0m16:36:04.618515 [debug] [Thread-2 (]: On test.berlin_social_atlas.not_null_stg_berlin_mss_lor_key.4a67e7a5ec: Close
[0m16:36:04.618950 [debug] [Thread-1 (]: On test.berlin_social_atlas.not_null_stg_berlin_mss_unemployment_rate.ba478eb887: Close
[0m16:36:04.619485 [info ] [Thread-2 (]: 9 of 12 PASS not_null_stg_berlin_mss_lor_key ................................... [[32mPASS[0m in 0.03s]
[0m16:36:04.620336 [info ] [Thread-1 (]: 10 of 12 PASS not_null_stg_berlin_mss_unemployment_rate ........................ [[32mPASS[0m in 0.03s]
[0m16:36:04.621021 [debug] [Thread-2 (]: Finished running node test.berlin_social_atlas.not_null_stg_berlin_mss_lor_key.4a67e7a5ec
[0m16:36:04.621638 [debug] [Thread-1 (]: Finished running node test.berlin_social_atlas.not_null_stg_berlin_mss_unemployment_rate.ba478eb887
[0m16:36:04.622165 [debug] [Thread-2 (]: Began running node test.berlin_social_atlas.unique_mart_district_social_index_district.b2702af270
[0m16:36:04.622746 [debug] [Thread-1 (]: Began running node test.berlin_social_atlas.unique_stg_berlin_mss_lor_key.652316829b
[0m16:36:04.623296 [info ] [Thread-2 (]: 11 of 12 START test unique_mart_district_social_index_district ................. [RUN]
[0m16:36:04.623837 [info ] [Thread-1 (]: 12 of 12 START test unique_stg_berlin_mss_lor_key .............................. [RUN]
[0m16:36:04.624434 [debug] [Thread-2 (]: Re-using an available connection from the pool (formerly test.berlin_social_atlas.not_null_stg_berlin_mss_lor_key.4a67e7a5ec, now test.berlin_social_atlas.unique_mart_district_social_index_district.b2702af270)
[0m16:36:04.624970 [debug] [Thread-1 (]: Re-using an available connection from the pool (formerly test.berlin_social_atlas.not_null_stg_berlin_mss_unemployment_rate.ba478eb887, now test.berlin_social_atlas.unique_stg_berlin_mss_lor_key.652316829b)
[0m16:36:04.625453 [debug] [Thread-2 (]: Began compiling node test.berlin_social_atlas.unique_mart_district_social_index_district.b2702af270
[0m16:36:04.625945 [debug] [Thread-1 (]: Began compiling node test.berlin_social_atlas.unique_stg_berlin_mss_lor_key.652316829b
[0m16:36:04.633030 [debug] [Thread-2 (]: Writing injected SQL for node "test.berlin_social_atlas.unique_mart_district_social_index_district.b2702af270"
[0m16:36:04.681094 [debug] [Thread-1 (]: Writing injected SQL for node "test.berlin_social_atlas.unique_stg_berlin_mss_lor_key.652316829b"
[0m16:36:04.683686 [debug] [Thread-2 (]: Began executing node test.berlin_social_atlas.unique_mart_district_social_index_district.b2702af270
[0m16:36:04.686135 [debug] [Thread-2 (]: Writing runtime sql for node "test.berlin_social_atlas.unique_mart_district_social_index_district.b2702af270"
[0m16:36:04.686489 [debug] [Thread-1 (]: Began executing node test.berlin_social_atlas.unique_stg_berlin_mss_lor_key.652316829b
[0m16:36:04.688828 [debug] [Thread-1 (]: Writing runtime sql for node "test.berlin_social_atlas.unique_stg_berlin_mss_lor_key.652316829b"
[0m16:36:04.689553 [debug] [Thread-2 (]: Using postgres connection "test.berlin_social_atlas.unique_mart_district_social_index_district.b2702af270"
[0m16:36:04.690139 [debug] [Thread-2 (]: On test.berlin_social_atlas.unique_mart_district_social_index_district.b2702af270: /* {"app": "dbt", "dbt_version": "1.12.0b1", "profile_name": "berlin_social_atlas", "target_name": "dev", "node_id": "test.berlin_social_atlas.unique_mart_district_social_index_district.b2702af270"} */

    
    select
      count(*) as failures,
      count(*) != 0 as should_warn,
      count(*) != 0 as should_error
    from (
      
    
  
    
    

select
    district as unique_field,
    count(*) as n_records

from "airflow"."staging"."mart_district_social_index"
where district is not null
group by district
having count(*) > 1



  
  
      
    ) dbt_internal_test
[0m16:36:04.690550 [debug] [Thread-1 (]: Using postgres connection "test.berlin_social_atlas.unique_stg_berlin_mss_lor_key.652316829b"
[0m16:36:04.690991 [debug] [Thread-2 (]: Opening a new connection, currently in state closed
[0m16:36:04.691470 [debug] [Thread-1 (]: On test.berlin_social_atlas.unique_stg_berlin_mss_lor_key.652316829b: /* {"app": "dbt", "dbt_version": "1.12.0b1", "profile_name": "berlin_social_atlas", "target_name": "dev", "node_id": "test.berlin_social_atlas.unique_stg_berlin_mss_lor_key.652316829b"} */

    
    select
      count(*) as failures,
      count(*) != 0 as should_warn,
      count(*) != 0 as should_error
    from (
      
    
  
    
    

select
    lor_key as unique_field,
    count(*) as n_records

from "airflow"."staging"."stg_berlin_mss"
where lor_key is not null
group by lor_key
having count(*) > 1



  
  
      
    ) dbt_internal_test
[0m16:36:04.692247 [debug] [Thread-1 (]: Opening a new connection, currently in state closed
[0m16:36:04.699145 [debug] [Thread-2 (]: SQL status: SELECT 1 in 0.008 seconds
[0m16:36:04.701662 [debug] [Thread-2 (]: On test.berlin_social_atlas.unique_mart_district_social_index_district.b2702af270: ROLLBACK
[0m16:36:04.702119 [debug] [Thread-1 (]: SQL status: SELECT 1 in 0.010 seconds
[0m16:36:04.703638 [debug] [Thread-1 (]: On test.berlin_social_atlas.unique_stg_berlin_mss_lor_key.652316829b: ROLLBACK
[0m16:36:04.703984 [debug] [Thread-2 (]: On test.berlin_social_atlas.unique_mart_district_social_index_district.b2702af270: Close
[0m16:36:04.704561 [debug] [Thread-1 (]: On test.berlin_social_atlas.unique_stg_berlin_mss_lor_key.652316829b: Close
[0m16:36:04.705159 [info ] [Thread-2 (]: 11 of 12 PASS unique_mart_district_social_index_district ....................... [[32mPASS[0m in 0.08s]
[0m16:36:04.706386 [info ] [Thread-1 (]: 12 of 12 PASS unique_stg_berlin_mss_lor_key .................................... [[32mPASS[0m in 0.08s]
[0m16:36:04.707139 [debug] [Thread-2 (]: Finished running node test.berlin_social_atlas.unique_mart_district_social_index_district.b2702af270
[0m16:36:04.707735 [debug] [Thread-1 (]: Finished running node test.berlin_social_atlas.unique_stg_berlin_mss_lor_key.652316829b
[0m16:36:04.709373 [debug] [MainThread]: On master: COMMIT
[0m16:36:04.709876 [debug] [MainThread]: Using postgres connection "master"
[0m16:36:04.710320 [debug] [MainThread]: On master: COMMIT
[0m16:36:04.710752 [debug] [MainThread]: Opening a new connection, currently in state closed
[0m16:36:04.716510 [debug] [MainThread]: SQL status: COMMIT in 0.006 seconds
[0m16:36:04.717277 [debug] [MainThread]: On master: Close
[0m16:36:04.717888 [debug] [MainThread]: Connection 'master' was properly closed.
[0m16:36:04.718340 [debug] [MainThread]: Connection 'test.berlin_social_atlas.unique_stg_berlin_mss_lor_key.652316829b' was properly closed.
[0m16:36:04.718812 [debug] [MainThread]: Connection 'test.berlin_social_atlas.unique_mart_district_social_index_district.b2702af270' was properly closed.
[0m16:36:04.719297 [info ] [MainThread]: 
[0m16:36:04.720013 [info ] [MainThread]: Finished running 12 data tests in 0 hours 0 minutes and 0.38 seconds (0.38s).
[0m16:36:04.721885 [debug] [MainThread]: Command end result
[0m16:36:04.766556 [debug] [MainThread]: Wrote artifact WritableManifest to /opt/airflow/dbt/target/manifest.json
[0m16:36:04.769522 [debug] [MainThread]: Wrote artifact SemanticManifest to /opt/airflow/dbt/target/semantic_manifest.json
[0m16:36:04.776907 [debug] [MainThread]: Wrote artifact RunExecutionResult to /opt/airflow/dbt/target/run_results.json
[0m16:36:04.777370 [info ] [MainThread]: 
[0m16:36:04.778157 [info ] [MainThread]: [32mCompleted successfully[0m
[0m16:36:04.778641 [info ] [MainThread]: 
[0m16:36:04.779310 [info ] [MainThread]: Done. PASS=12 WARN=0 ERROR=0 SKIP=0 NO-OP=0 TOTAL=12
[0m16:36:04.780392 [debug] [MainThread]: Resource report: {"command_name": "test", "command_success": true, "command_wall_clock_time": 1.0642287, "process_in_blocks": "0", "process_kernel_time": 0.154645, "process_mem_max_rss": "125180", "process_out_blocks": "2766", "process_user_time": 2.699267}
[0m16:36:04.781007 [debug] [MainThread]: Command `dbt test` succeeded at 16:36:04.780910 after 1.06 seconds
[0m16:36:04.781462 [debug] [MainThread]: Sending event: {'category': 'dbt', 'action': 'invocation', 'label': 'end', 'context': [<snowplow_tracker.self_describing_json.SelfDescribingJson object at 0xffff7d9c3620>, <snowplow_tracker.self_describing_json.SelfDescribingJson object at 0xffff7e687f80>, <snowplow_tracker.self_describing_json.SelfDescribingJson object at 0xffff7fd81dc0>]}
[0m16:36:04.781930 [debug] [MainThread]: Flushing usage events
[0m16:36:05.272728 [debug] [MainThread]: An error was encountered while trying to flush usage events
[0m16:38:01.430700 [debug] [MainThread]: Sending event: {'category': 'dbt', 'action': 'invocation', 'label': 'start', 'context': [<snowplow_tracker.self_describing_json.SelfDescribingJson object at 0xffff804be9c0>, <snowplow_tracker.self_describing_json.SelfDescribingJson object at 0xffff8187fa70>, <snowplow_tracker.self_describing_json.SelfDescribingJson object at 0xffff7f577380>]}


============================== 16:38:01.437275 | c74a6715-d33b-4dc0-8322-d36bf1b8fd45 ==============================
[0m16:38:01.437275 [info ] [MainThread]: Running with dbt=1.12.0-b1
[0m16:38:01.438272 [debug] [MainThread]: running dbt with arguments {'warn_error_options': 'WarnErrorOptionsV2(error=[], warn=[], silence=[])', 'send_anonymous_usage_stats': 'True', 'printer_width': '80', 'cache_selected_only': 'False', 'debug': 'False', 'version_check': 'True', 'partial_parse': 'True', 'introspect': 'True', 'warn_error': 'None', 'static_parser': 'True', 'no_print': 'None', 'log_format': 'default', 'log_cache_events': 'False', 'use_colors': 'True', 'profiles_dir': '.', 'empty': 'None', 'fail_fast': 'False', 'indirect_selection': 'eager', 'target_path': 'None', 'write_json': 'True', 'quiet': 'False', 'use_experimental_parser': 'False', 'invocation_command': 'dbt deps --profiles-dir .', 'log_path': '/opt/airflow/dbt/logs'}
[0m16:38:01.558793 [debug] [MainThread]: Sending event: {'category': 'dbt', 'action': 'project_id', 'label': 'c74a6715-d33b-4dc0-8322-d36bf1b8fd45', 'context': [<snowplow_tracker.self_describing_json.SelfDescribingJson object at 0xffff818a3110>]}
[0m16:38:01.635982 [debug] [MainThread]: Set downloads directory='/tmp/dbt-downloads-8d3o5qsc'
[0m16:38:01.636584 [debug] [MainThread]: Making package index registry request: GET https://hub.getdbt.com/api/v1/index.json
[0m16:38:01.797250 [debug] [MainThread]: Response from registry index: GET https://hub.getdbt.com/api/v1/index.json 200
[0m16:38:01.799110 [debug] [MainThread]: Making package registry request: GET https://hub.getdbt.com/api/v1/dbt-labs/dbt_utils.json
[0m16:38:01.899331 [debug] [MainThread]: Response from registry: GET https://hub.getdbt.com/api/v1/dbt-labs/dbt_utils.json 200
[0m16:38:01.904792 [info ] [MainThread]: Installing dbt-labs/dbt_utils
[0m16:38:02.468109 [info ] [MainThread]: Installed from version 1.3.3
[0m16:38:02.468775 [info ] [MainThread]: Up to date!
[0m16:38:02.469466 [debug] [MainThread]: Sending event: {'category': 'dbt', 'action': 'package', 'label': 'c74a6715-d33b-4dc0-8322-d36bf1b8fd45', 'property_': 'install', 'context': [<snowplow_tracker.self_describing_json.SelfDescribingJson object at 0xffff7f78c800>, <snowplow_tracker.self_describing_json.SelfDescribingJson object at 0xffff7fe8a7b0>]}
[0m16:38:02.470747 [debug] [MainThread]: Resource report: {"command_name": "deps", "command_success": true, "command_wall_clock_time": 1.0993366, "process_in_blocks": "0", "process_kernel_time": 0.216754, "process_mem_max_rss": "105364", "process_out_blocks": "726", "process_user_time": 2.108068}
[0m16:38:02.471338 [debug] [MainThread]: Command `dbt deps` succeeded at 16:38:02.471225 after 1.10 seconds
[0m16:38:02.471832 [debug] [MainThread]: Sending event: {'category': 'dbt', 'action': 'invocation', 'label': 'end', 'context': [<snowplow_tracker.self_describing_json.SelfDescribingJson object at 0xffff7f577380>, <snowplow_tracker.self_describing_json.SelfDescribingJson object at 0xffff7f025850>, <snowplow_tracker.self_describing_json.SelfDescribingJson object at 0xffff7f0254c0>]}
[0m16:38:02.472292 [debug] [MainThread]: Flushing usage events
[0m16:38:02.992734 [debug] [MainThread]: An error was encountered while trying to flush usage events
[0m16:38:05.216847 [debug] [MainThread]: Sending event: {'category': 'dbt', 'action': 'invocation', 'label': 'start', 'context': [<snowplow_tracker.self_describing_json.SelfDescribingJson object at 0xffffa52deae0>, <snowplow_tracker.self_describing_json.SelfDescribingJson object at 0xffffa3ed6c00>, <snowplow_tracker.self_describing_json.SelfDescribingJson object at 0xffffa470aed0>]}


============================== 16:38:05.223185 | 961cf78c-cd52-4495-a520-7e71d2854536 ==============================
[0m16:38:05.223185 [info ] [MainThread]: Running with dbt=1.12.0-b1
[0m16:38:05.224138 [debug] [MainThread]: running dbt with arguments {'no_print': 'None', 'write_json': 'True', 'partial_parse': 'True', 'empty': 'False', 'send_anonymous_usage_stats': 'True', 'static_parser': 'True', 'profiles_dir': '.', 'log_path': '/opt/airflow/dbt/logs', 'invocation_command': 'dbt run --profiles-dir .', 'version_check': 'True', 'cache_selected_only': 'False', 'log_cache_events': 'False', 'introspect': 'True', 'log_format': 'default', 'debug': 'False', 'warn_error': 'None', 'fail_fast': 'False', 'warn_error_options': 'WarnErrorOptionsV2(error=[], warn=[], silence=[])', 'use_experimental_parser': 'False', 'indirect_selection': 'eager', 'target_path': 'None', 'printer_width': '80', 'use_colors': 'True', 'quiet': 'False'}
[0m16:38:05.375829 [debug] [MainThread]: Sending event: {'category': 'dbt', 'action': 'project_id', 'label': '961cf78c-cd52-4495-a520-7e71d2854536', 'context': [<snowplow_tracker.self_describing_json.SelfDescribingJson object at 0xffffa3306e70>]}
[0m16:38:05.427881 [debug] [MainThread]: Sending event: {'category': 'dbt', 'action': 'adapter_info', 'label': '961cf78c-cd52-4495-a520-7e71d2854536', 'context': [<snowplow_tracker.self_describing_json.SelfDescribingJson object at 0xffffa4cd04d0>]}
[0m16:38:05.429063 [info ] [MainThread]: Registered adapter: postgres=1.10.0
[0m16:38:05.491495 [debug] [MainThread]: checksum: 6927119f54d004ffd263b094d7bce97ebbdd1c00adedbbdda88e818b9bb3a551, vars: {}, profile: berlin_social_atlas, target: dev, version: 1.12.0b1
[0m16:38:05.625223 [debug] [MainThread]: Partial parsing enabled: 0 files deleted, 0 files added, 0 files changed.
[0m16:38:05.625803 [debug] [MainThread]: Nothing changed, skipping partial parsing.
[0m16:38:05.626321 [debug] [MainThread]: Partial parsing enabled, no changes found, skipping parsing
[0m16:38:05.659125 [debug] [MainThread]: Sending event: {'category': 'dbt', 'action': 'load_project', 'label': '961cf78c-cd52-4495-a520-7e71d2854536', 'context': [<snowplow_tracker.self_describing_json.SelfDescribingJson object at 0xffffa3218ad0>]}
[0m16:38:05.753508 [debug] [MainThread]: Wrote artifact WritableManifest to /opt/airflow/dbt/target/manifest.json
[0m16:38:05.756335 [debug] [MainThread]: Wrote artifact SemanticManifest to /opt/airflow/dbt/target/semantic_manifest.json
[0m16:38:05.773283 [debug] [MainThread]: Sending event: {'category': 'dbt', 'action': 'resource_counts', 'label': '961cf78c-cd52-4495-a520-7e71d2854536', 'context': [<snowplow_tracker.self_describing_json.SelfDescribingJson object at 0xffffa30225d0>]}
[0m16:38:05.773960 [info ] [MainThread]: Found 2 models, 12 data tests, 591 macros
[0m16:38:05.774683 [debug] [MainThread]: Sending event: {'category': 'dbt', 'action': 'runnable_timing', 'label': '961cf78c-cd52-4495-a520-7e71d2854536', 'context': [<snowplow_tracker.self_describing_json.SelfDescribingJson object at 0xffffa2fd29c0>]}
[0m16:38:05.776746 [info ] [MainThread]: 
[0m16:38:05.777537 [info ] [MainThread]: Concurrency: 2 threads (target='dev')
[0m16:38:05.778164 [info ] [MainThread]: 
[0m16:38:05.778931 [debug] [MainThread]: Acquiring new postgres connection 'master'
[0m16:38:05.782488 [debug] [ThreadPool]: Acquiring new postgres connection 'list_airflow'
[0m16:38:05.816025 [debug] [ThreadPool]: Using postgres connection "list_airflow"
[0m16:38:05.816689 [debug] [ThreadPool]: On list_airflow: /* {"app": "dbt", "dbt_version": "1.12.0b1", "profile_name": "berlin_social_atlas", "target_name": "dev", "connection_name": "list_airflow"} */

    select distinct nspname from pg_namespace
  
[0m16:38:05.817219 [debug] [ThreadPool]: Opening a new connection, currently in state init
[0m16:38:05.824297 [debug] [ThreadPool]: SQL status: SELECT 10 in 0.007 seconds
[0m16:38:05.825659 [debug] [ThreadPool]: On list_airflow: Close
[0m16:38:05.827032 [debug] [ThreadPool]: Re-using an available connection from the pool (formerly list_airflow, now list_airflow_staging)
[0m16:38:05.832322 [debug] [ThreadPool]: Using postgres connection "list_airflow_staging"
[0m16:38:05.832865 [debug] [ThreadPool]: On list_airflow_staging: /* {"app": "dbt", "dbt_version": "1.12.0b1", "profile_name": "berlin_social_atlas", "target_name": "dev", "connection_name": "list_airflow_staging"} */
select
      'airflow' as database,
      tablename as name,
      schemaname as schema,
      'table' as type
    from pg_tables
    where schemaname ilike 'staging'
    union all
    select
      'airflow' as database,
      viewname as name,
      schemaname as schema,
      'view' as type
    from pg_views
    where schemaname ilike 'staging'
    union all
    select
      'airflow' as database,
      matviewname as name,
      schemaname as schema,
      'materialized_view' as type
    from pg_matviews
    where schemaname ilike 'staging'
  
[0m16:38:05.833358 [debug] [ThreadPool]: Opening a new connection, currently in state closed
[0m16:38:05.841397 [debug] [ThreadPool]: SQL status: SELECT 2 in 0.008 seconds
[0m16:38:05.842807 [debug] [ThreadPool]: On list_airflow_staging: ROLLBACK
[0m16:38:05.843410 [debug] [ThreadPool]: On list_airflow_staging: Close
[0m16:38:05.847736 [debug] [MainThread]: Using postgres connection "master"
[0m16:38:05.848356 [debug] [MainThread]: On master: /* {"app": "dbt", "dbt_version": "1.12.0b1", "profile_name": "berlin_social_atlas", "target_name": "dev", "connection_name": "master"} */
select distinct
        dependent_namespace.nspname as dependent_schema,
        dependent_class.relname as dependent_name,
        referenced_namespace.nspname as referenced_schema,
        referenced_class.relname as referenced_name

    -- Query for views: views are entries in pg_class with an entry in pg_rewrite, but we avoid
    -- a seq scan on pg_rewrite by leveraging the fact there is an "internal" row in pg_depend for
    -- the view...
    from pg_class as dependent_class
    join pg_namespace as dependent_namespace on dependent_namespace.oid = dependent_class.relnamespace
    join pg_depend as dependent_depend on dependent_depend.refobjid = dependent_class.oid
        and dependent_depend.classid = 'pg_rewrite'::regclass
        and dependent_depend.refclassid = 'pg_class'::regclass
        and dependent_depend.deptype = 'i'

    -- ... and via pg_depend (that has a row per column, hence the need for "distinct" above, and
    -- making sure to exclude the internal row to avoid a view appearing to depend on itself)...
    join pg_depend as joining_depend on joining_depend.objid = dependent_depend.objid
        and joining_depend.classid = 'pg_rewrite'::regclass
        and joining_depend.refclassid = 'pg_class'::regclass
        and joining_depend.refobjid != dependent_depend.refobjid

    -- ... we can find the tables they query from in pg_class, but excluding system tables. Note we
    -- don't need need to exclude _dependent_ system tables, because they only query from other
    -- system tables, and so are automatically excluded by excluding _referenced_ system tables
    join pg_class as referenced_class on referenced_class.oid = joining_depend.refobjid
    join pg_namespace as referenced_namespace on referenced_namespace.oid = referenced_class.relnamespace
        and referenced_namespace.nspname != 'information_schema'
        and referenced_namespace.nspname not like 'pg\_%'

    order by
        dependent_schema, dependent_name, referenced_schema, referenced_name;
[0m16:38:05.848912 [debug] [MainThread]: Opening a new connection, currently in state init
[0m16:38:05.858406 [debug] [MainThread]: SQL status: SELECT 1 in 0.009 seconds
[0m16:38:05.859840 [debug] [MainThread]: Sending event: {'category': 'dbt', 'action': 'runnable_timing', 'label': '961cf78c-cd52-4495-a520-7e71d2854536', 'context': [<snowplow_tracker.self_describing_json.SelfDescribingJson object at 0xffffa60da5d0>]}
[0m16:38:05.860412 [debug] [MainThread]: On master: ROLLBACK
[0m16:38:05.860984 [debug] [MainThread]: On master: COMMIT
[0m16:38:05.861380 [debug] [MainThread]: Using postgres connection "master"
[0m16:38:05.861751 [debug] [MainThread]: On master: COMMIT
[0m16:38:05.862354 [debug] [MainThread]: SQL status: COMMIT in 0.000 seconds
[0m16:38:05.862732 [debug] [MainThread]: On master: Close
[0m16:38:05.866514 [debug] [Thread-1 (]: Began running node model.berlin_social_atlas.stg_berlin_mss
[0m16:38:05.867295 [info ] [Thread-1 (]: 1 of 2 START sql view model staging.stg_berlin_mss ............................. [RUN]
[0m16:38:05.868147 [debug] [Thread-1 (]: Re-using an available connection from the pool (formerly list_airflow_staging, now model.berlin_social_atlas.stg_berlin_mss)
[0m16:38:05.868659 [debug] [Thread-1 (]: Began compiling node model.berlin_social_atlas.stg_berlin_mss
[0m16:38:05.874542 [debug] [Thread-1 (]: Writing injected SQL for node "model.berlin_social_atlas.stg_berlin_mss"
[0m16:38:05.876853 [debug] [Thread-1 (]: Began executing node model.berlin_social_atlas.stg_berlin_mss
[0m16:38:05.905983 [debug] [Thread-1 (]: Writing runtime sql for node "model.berlin_social_atlas.stg_berlin_mss"
[0m16:38:05.907566 [debug] [Thread-1 (]: Using postgres connection "model.berlin_social_atlas.stg_berlin_mss"
[0m16:38:05.908289 [debug] [Thread-1 (]: On model.berlin_social_atlas.stg_berlin_mss: /* {"app": "dbt", "dbt_version": "1.12.0b1", "profile_name": "berlin_social_atlas", "target_name": "dev", "node_id": "model.berlin_social_atlas.stg_berlin_mss"} */

  create view "airflow"."staging"."stg_berlin_mss__dbt_tmp"
    
    
  as (
    -- models/staging/stg_berlin_mss.sql
-- Bereinigt und typisiert die raw-Daten

with source as (
    select * from raw.berlin_mss
),

cleaned as (
    select
        lor_key                                     as lor_key,
        lor_name                                    as lor_name,
        bezirk                                      as district,
        year,

        -- Raten als Dezimal normalisieren (falls > 1 = Prozentwert)
        case
            when unemployment_rate > 1
            then unemployment_rate / 100.0
            else unemployment_rate
        end                                         as unemployment_rate,

        case
            when child_poverty_rate > 1
            then child_poverty_rate / 100.0
            else child_poverty_rate
        end                                         as child_poverty_rate,

        case
            when transfer_rate > 1
            then transfer_rate / 100.0
            else transfer_rate
        end                                         as transfer_rate,

        case
            when youth_unemployment > 1
            then youth_unemployment / 100.0
            else youth_unemployment
        end                                         as youth_unemployment_rate,

        geometry,
        ingested_at,
        source_url

    from source
    where lor_key is not null
)

select * from cleaned
  );
[0m16:38:05.908913 [debug] [Thread-1 (]: Opening a new connection, currently in state closed
[0m16:38:05.917429 [debug] [Thread-1 (]: SQL status: CREATE VIEW in 0.008 seconds
[0m16:38:05.923270 [debug] [Thread-1 (]: Using postgres connection "model.berlin_social_atlas.stg_berlin_mss"
[0m16:38:05.923839 [debug] [Thread-1 (]: On model.berlin_social_atlas.stg_berlin_mss: /* {"app": "dbt", "dbt_version": "1.12.0b1", "profile_name": "berlin_social_atlas", "target_name": "dev", "node_id": "model.berlin_social_atlas.stg_berlin_mss"} */
alter table "airflow"."staging"."stg_berlin_mss" rename to "stg_berlin_mss__dbt_backup"
[0m16:38:05.924860 [debug] [Thread-1 (]: SQL status: ALTER TABLE in 0.001 seconds
[0m16:38:05.927591 [debug] [Thread-1 (]: Using postgres connection "model.berlin_social_atlas.stg_berlin_mss"
[0m16:38:05.928104 [debug] [Thread-1 (]: On model.berlin_social_atlas.stg_berlin_mss: /* {"app": "dbt", "dbt_version": "1.12.0b1", "profile_name": "berlin_social_atlas", "target_name": "dev", "node_id": "model.berlin_social_atlas.stg_berlin_mss"} */
alter table "airflow"."staging"."stg_berlin_mss__dbt_tmp" rename to "stg_berlin_mss"
[0m16:38:05.928949 [debug] [Thread-1 (]: SQL status: ALTER TABLE in 0.000 seconds
[0m16:38:05.945124 [debug] [Thread-1 (]: On model.berlin_social_atlas.stg_berlin_mss: COMMIT
[0m16:38:05.945666 [debug] [Thread-1 (]: Using postgres connection "model.berlin_social_atlas.stg_berlin_mss"
[0m16:38:05.946121 [debug] [Thread-1 (]: On model.berlin_social_atlas.stg_berlin_mss: COMMIT
[0m16:38:05.947573 [debug] [Thread-1 (]: SQL status: COMMIT in 0.001 seconds
[0m16:38:05.952943 [debug] [Thread-1 (]: Applying DROP to: "airflow"."staging"."stg_berlin_mss__dbt_backup"
[0m16:38:05.957108 [debug] [Thread-1 (]: Using postgres connection "model.berlin_social_atlas.stg_berlin_mss"
[0m16:38:05.957636 [debug] [Thread-1 (]: On model.berlin_social_atlas.stg_berlin_mss: /* {"app": "dbt", "dbt_version": "1.12.0b1", "profile_name": "berlin_social_atlas", "target_name": "dev", "node_id": "model.berlin_social_atlas.stg_berlin_mss"} */
drop view if exists "airflow"."staging"."stg_berlin_mss__dbt_backup" cascade
[0m16:38:05.959557 [debug] [Thread-1 (]: SQL status: DROP VIEW in 0.001 seconds
[0m16:38:05.961686 [debug] [Thread-1 (]: On model.berlin_social_atlas.stg_berlin_mss: Close
[0m16:38:05.963193 [debug] [Thread-1 (]: Sending event: {'category': 'dbt', 'action': 'run_model', 'label': '961cf78c-cd52-4495-a520-7e71d2854536', 'context': [<snowplow_tracker.self_describing_json.SelfDescribingJson object at 0xffffa01839e0>]}
[0m16:38:05.963956 [info ] [Thread-1 (]: 1 of 2 OK created sql view model staging.stg_berlin_mss ........................ [[32mCREATE VIEW[0m in 0.09s]
[0m16:38:05.964805 [debug] [Thread-1 (]: Finished running node model.berlin_social_atlas.stg_berlin_mss
[0m16:38:05.965691 [debug] [Thread-2 (]: Began running node model.berlin_social_atlas.mart_district_social_index
[0m16:38:05.966304 [info ] [Thread-2 (]: 2 of 2 START sql table model staging.mart_district_social_index ................ [RUN]
[0m16:38:05.967071 [debug] [Thread-2 (]: Acquiring new postgres connection 'model.berlin_social_atlas.mart_district_social_index'
[0m16:38:05.967527 [debug] [Thread-2 (]: Began compiling node model.berlin_social_atlas.mart_district_social_index
[0m16:38:05.970279 [debug] [Thread-2 (]: Writing injected SQL for node "model.berlin_social_atlas.mart_district_social_index"
[0m16:38:05.971636 [debug] [Thread-2 (]: Began executing node model.berlin_social_atlas.mart_district_social_index
[0m16:38:05.989657 [debug] [Thread-2 (]: Writing runtime sql for node "model.berlin_social_atlas.mart_district_social_index"
[0m16:38:05.991102 [debug] [Thread-2 (]: Using postgres connection "model.berlin_social_atlas.mart_district_social_index"
[0m16:38:05.991634 [debug] [Thread-2 (]: On model.berlin_social_atlas.mart_district_social_index: /* {"app": "dbt", "dbt_version": "1.12.0b1", "profile_name": "berlin_social_atlas", "target_name": "dev", "node_id": "model.berlin_social_atlas.mart_district_social_index"} */

  
    

  create  table "airflow"."staging"."mart_district_social_index__dbt_tmp"
  
  
    as
  
  (
    -- models/marts/mart_district_social_index.sql
-- Aggregiert LOR-Planungsräume auf Bezirksebene
-- → ein Row pro Bezirk mit Durchschnittswerten + sozialem Index

with stg as (
    select * from "airflow"."staging"."stg_berlin_mss"
),

district_agg as (
    select
        district,
        year,
        count(*)                                as lor_count,

        round(avg(unemployment_rate)::numeric, 4)       as avg_unemployment_rate,
        round(avg(child_poverty_rate)::numeric, 4)      as avg_child_poverty_rate,
        round(avg(transfer_rate)::numeric, 4)           as avg_transfer_rate,
        round(avg(youth_unemployment_rate)::numeric, 4) as avg_youth_unemployment_rate,

        -- Einfacher sozialer Belastungsindex: Mittelwert aller 4 Indikatoren
        round(
            (
                avg(unemployment_rate) +
                avg(child_poverty_rate) +
                avg(transfer_rate) +
                avg(youth_unemployment_rate)
            ) / 4.0, 4
        )                                               as social_burden_index

    from stg
    group by district, year
),

ranked as (
    select
        *,
        rank() over (
            partition by year
            order by social_burden_index desc
        )                                       as burden_rank  -- 1 = höchste Belastung
    from district_agg
)

select * from ranked
order by year, burden_rank
  );
  
[0m16:38:05.992172 [debug] [Thread-2 (]: Opening a new connection, currently in state init
[0m16:38:06.004278 [debug] [Thread-2 (]: SQL status: SELECT 0 in 0.012 seconds
[0m16:38:06.010322 [debug] [Thread-2 (]: Using postgres connection "model.berlin_social_atlas.mart_district_social_index"
[0m16:38:06.010846 [debug] [Thread-2 (]: On model.berlin_social_atlas.mart_district_social_index: /* {"app": "dbt", "dbt_version": "1.12.0b1", "profile_name": "berlin_social_atlas", "target_name": "dev", "node_id": "model.berlin_social_atlas.mart_district_social_index"} */
alter table "airflow"."staging"."mart_district_social_index" rename to "mart_district_social_index__dbt_backup"
[0m16:38:06.011651 [debug] [Thread-2 (]: SQL status: ALTER TABLE in 0.000 seconds
[0m16:38:06.014291 [debug] [Thread-2 (]: Using postgres connection "model.berlin_social_atlas.mart_district_social_index"
[0m16:38:06.015168 [debug] [Thread-2 (]: On model.berlin_social_atlas.mart_district_social_index: /* {"app": "dbt", "dbt_version": "1.12.0b1", "profile_name": "berlin_social_atlas", "target_name": "dev", "node_id": "model.berlin_social_atlas.mart_district_social_index"} */
alter table "airflow"."staging"."mart_district_social_index__dbt_tmp" rename to "mart_district_social_index"
[0m16:38:06.015895 [debug] [Thread-2 (]: SQL status: ALTER TABLE in 0.000 seconds
[0m16:38:06.017394 [debug] [Thread-2 (]: On model.berlin_social_atlas.mart_district_social_index: COMMIT
[0m16:38:06.017886 [debug] [Thread-2 (]: Using postgres connection "model.berlin_social_atlas.mart_district_social_index"
[0m16:38:06.018804 [debug] [Thread-2 (]: On model.berlin_social_atlas.mart_district_social_index: COMMIT
[0m16:38:06.020974 [debug] [Thread-2 (]: SQL status: COMMIT in 0.002 seconds
[0m16:38:06.023279 [debug] [Thread-2 (]: Applying DROP to: "airflow"."staging"."mart_district_social_index__dbt_backup"
[0m16:38:06.026342 [debug] [Thread-2 (]: Using postgres connection "model.berlin_social_atlas.mart_district_social_index"
[0m16:38:06.027069 [debug] [Thread-2 (]: On model.berlin_social_atlas.mart_district_social_index: /* {"app": "dbt", "dbt_version": "1.12.0b1", "profile_name": "berlin_social_atlas", "target_name": "dev", "node_id": "model.berlin_social_atlas.mart_district_social_index"} */
drop table if exists "airflow"."staging"."mart_district_social_index__dbt_backup" cascade
[0m16:38:06.029907 [debug] [Thread-2 (]: SQL status: DROP TABLE in 0.002 seconds
[0m16:38:06.031295 [debug] [Thread-2 (]: On model.berlin_social_atlas.mart_district_social_index: Close
[0m16:38:06.031977 [debug] [Thread-2 (]: Sending event: {'category': 'dbt', 'action': 'run_model', 'label': '961cf78c-cd52-4495-a520-7e71d2854536', 'context': [<snowplow_tracker.self_describing_json.SelfDescribingJson object at 0xffffa23131a0>]}
[0m16:38:06.032661 [info ] [Thread-2 (]: 2 of 2 OK created sql table model staging.mart_district_social_index ........... [[32mSELECT 0[0m in 0.06s]
[0m16:38:06.033348 [debug] [Thread-2 (]: Finished running node model.berlin_social_atlas.mart_district_social_index
[0m16:38:06.034709 [debug] [MainThread]: On master: COMMIT
[0m16:38:06.035140 [debug] [MainThread]: Using postgres connection "master"
[0m16:38:06.035462 [debug] [MainThread]: On master: COMMIT
[0m16:38:06.035872 [debug] [MainThread]: Opening a new connection, currently in state closed
[0m16:38:06.041381 [debug] [MainThread]: SQL status: COMMIT in 0.005 seconds
[0m16:38:06.041901 [debug] [MainThread]: On master: Close
[0m16:38:06.042506 [debug] [MainThread]: Connection 'master' was properly closed.
[0m16:38:06.042938 [debug] [MainThread]: Connection 'model.berlin_social_atlas.stg_berlin_mss' was properly closed.
[0m16:38:06.043316 [debug] [MainThread]: Connection 'model.berlin_social_atlas.mart_district_social_index' was properly closed.
[0m16:38:06.043800 [info ] [MainThread]: 
[0m16:38:06.044463 [info ] [MainThread]: Finished running 1 table model, 1 view model in 0 hours 0 minutes and 0.27 seconds (0.27s).
[0m16:38:06.045322 [debug] [MainThread]: Command end result
[0m16:38:06.129707 [debug] [MainThread]: Wrote artifact WritableManifest to /opt/airflow/dbt/target/manifest.json
[0m16:38:06.132769 [debug] [MainThread]: Wrote artifact SemanticManifest to /opt/airflow/dbt/target/semantic_manifest.json
[0m16:38:06.138807 [debug] [MainThread]: Wrote artifact RunExecutionResult to /opt/airflow/dbt/target/run_results.json
[0m16:38:06.139254 [info ] [MainThread]: 
[0m16:38:06.139966 [info ] [MainThread]: [32mCompleted successfully[0m
[0m16:38:06.140473 [info ] [MainThread]: 
[0m16:38:06.140978 [info ] [MainThread]: Done. PASS=2 WARN=0 ERROR=0 SKIP=0 NO-OP=0 TOTAL=2
[0m16:38:06.142035 [debug] [MainThread]: Resource report: {"command_name": "run", "command_success": true, "command_wall_clock_time": 0.9843156, "process_in_blocks": "0", "process_kernel_time": 0.15663, "process_mem_max_rss": "124676", "process_out_blocks": "2696", "process_user_time": 2.622293}
[0m16:38:06.142738 [debug] [MainThread]: Command `dbt run` succeeded at 16:38:06.142643 after 0.99 seconds
[0m16:38:06.143236 [debug] [MainThread]: Sending event: {'category': 'dbt', 'action': 'invocation', 'label': 'end', 'context': [<snowplow_tracker.self_describing_json.SelfDescribingJson object at 0xffffa23132c0>, <snowplow_tracker.self_describing_json.SelfDescribingJson object at 0xffffa8636ff0>, <snowplow_tracker.self_describing_json.SelfDescribingJson object at 0xffffa8637020>]}
[0m16:38:06.143730 [debug] [MainThread]: Flushing usage events
[0m16:38:06.632302 [debug] [MainThread]: An error was encountered while trying to flush usage events
[0m16:38:09.241580 [debug] [MainThread]: Sending event: {'category': 'dbt', 'action': 'invocation', 'label': 'start', 'context': [<snowplow_tracker.self_describing_json.SelfDescribingJson object at 0xffff8b012240>, <snowplow_tracker.self_describing_json.SelfDescribingJson object at 0xffff889cd040>, <snowplow_tracker.self_describing_json.SelfDescribingJson object at 0xffff888dd1f0>]}


============================== 16:38:09.248418 | cc3ddfbd-c0c0-4cc1-926b-e181265134a4 ==============================
[0m16:38:09.248418 [info ] [MainThread]: Running with dbt=1.12.0-b1
[0m16:38:09.249413 [debug] [MainThread]: running dbt with arguments {'debug': 'False', 'indirect_selection': 'eager', 'log_format': 'default', 'log_path': '/opt/airflow/dbt/logs', 'empty': 'None', 'invocation_command': 'dbt test --profiles-dir .', 'static_parser': 'True', 'cache_selected_only': 'False', 'log_cache_events': 'False', 'partial_parse': 'True', 'printer_width': '80', 'no_print': 'None', 'use_colors': 'True', 'introspect': 'True', 'target_path': 'None', 'quiet': 'False', 'warn_error_options': 'WarnErrorOptionsV2(error=[], warn=[], silence=[])', 'warn_error': 'None', 'fail_fast': 'False', 'profiles_dir': '.', 'use_experimental_parser': 'False', 'write_json': 'True', 'version_check': 'True', 'send_anonymous_usage_stats': 'True'}
[0m16:38:09.420706 [debug] [MainThread]: Sending event: {'category': 'dbt', 'action': 'project_id', 'label': 'cc3ddfbd-c0c0-4cc1-926b-e181265134a4', 'context': [<snowplow_tracker.self_describing_json.SelfDescribingJson object at 0xffff87984230>]}
[0m16:38:09.477006 [debug] [MainThread]: Sending event: {'category': 'dbt', 'action': 'adapter_info', 'label': 'cc3ddfbd-c0c0-4cc1-926b-e181265134a4', 'context': [<snowplow_tracker.self_describing_json.SelfDescribingJson object at 0xffff8790baa0>]}
[0m16:38:09.478264 [info ] [MainThread]: Registered adapter: postgres=1.10.0
[0m16:38:09.540676 [debug] [MainThread]: checksum: 6927119f54d004ffd263b094d7bce97ebbdd1c00adedbbdda88e818b9bb3a551, vars: {}, profile: berlin_social_atlas, target: dev, version: 1.12.0b1
[0m16:38:09.664162 [debug] [MainThread]: Partial parsing enabled: 0 files deleted, 0 files added, 0 files changed.
[0m16:38:09.664734 [debug] [MainThread]: Nothing changed, skipping partial parsing.
[0m16:38:09.665168 [debug] [MainThread]: Partial parsing enabled, no changes found, skipping parsing
[0m16:38:09.699309 [debug] [MainThread]: Sending event: {'category': 'dbt', 'action': 'load_project', 'label': 'cc3ddfbd-c0c0-4cc1-926b-e181265134a4', 'context': [<snowplow_tracker.self_describing_json.SelfDescribingJson object at 0xffff87643fb0>]}
[0m16:38:09.788544 [debug] [MainThread]: Wrote artifact WritableManifest to /opt/airflow/dbt/target/manifest.json
[0m16:38:09.791364 [debug] [MainThread]: Wrote artifact SemanticManifest to /opt/airflow/dbt/target/semantic_manifest.json
[0m16:38:09.813470 [debug] [MainThread]: Sending event: {'category': 'dbt', 'action': 'resource_counts', 'label': 'cc3ddfbd-c0c0-4cc1-926b-e181265134a4', 'context': [<snowplow_tracker.self_describing_json.SelfDescribingJson object at 0xffff87473260>]}
[0m16:38:09.814216 [info ] [MainThread]: Found 2 models, 12 data tests, 591 macros
[0m16:38:09.814920 [debug] [MainThread]: Sending event: {'category': 'dbt', 'action': 'runnable_timing', 'label': 'cc3ddfbd-c0c0-4cc1-926b-e181265134a4', 'context': [<snowplow_tracker.self_describing_json.SelfDescribingJson object at 0xffff878815b0>]}
[0m16:38:09.818207 [info ] [MainThread]: 
[0m16:38:09.819336 [info ] [MainThread]: Concurrency: 2 threads (target='dev')
[0m16:38:09.820152 [info ] [MainThread]: 
[0m16:38:09.820982 [debug] [MainThread]: Acquiring new postgres connection 'master'
[0m16:38:09.826021 [debug] [ThreadPool]: Acquiring new postgres connection 'list_airflow_staging'
[0m16:38:09.859159 [debug] [ThreadPool]: Using postgres connection "list_airflow_staging"
[0m16:38:09.859924 [debug] [ThreadPool]: On list_airflow_staging: /* {"app": "dbt", "dbt_version": "1.12.0b1", "profile_name": "berlin_social_atlas", "target_name": "dev", "connection_name": "list_airflow_staging"} */
select
      'airflow' as database,
      tablename as name,
      schemaname as schema,
      'table' as type
    from pg_tables
    where schemaname ilike 'staging'
    union all
    select
      'airflow' as database,
      viewname as name,
      schemaname as schema,
      'view' as type
    from pg_views
    where schemaname ilike 'staging'
    union all
    select
      'airflow' as database,
      matviewname as name,
      schemaname as schema,
      'materialized_view' as type
    from pg_matviews
    where schemaname ilike 'staging'
  
[0m16:38:09.860579 [debug] [ThreadPool]: Opening a new connection, currently in state init
[0m16:38:09.877602 [debug] [ThreadPool]: SQL status: SELECT 2 in 0.017 seconds
[0m16:38:09.879331 [debug] [ThreadPool]: On list_airflow_staging: ROLLBACK
[0m16:38:09.880034 [debug] [ThreadPool]: On list_airflow_staging: Close
[0m16:38:09.886225 [debug] [MainThread]: Using postgres connection "master"
[0m16:38:09.886936 [debug] [MainThread]: On master: /* {"app": "dbt", "dbt_version": "1.12.0b1", "profile_name": "berlin_social_atlas", "target_name": "dev", "connection_name": "master"} */
select distinct
        dependent_namespace.nspname as dependent_schema,
        dependent_class.relname as dependent_name,
        referenced_namespace.nspname as referenced_schema,
        referenced_class.relname as referenced_name

    -- Query for views: views are entries in pg_class with an entry in pg_rewrite, but we avoid
    -- a seq scan on pg_rewrite by leveraging the fact there is an "internal" row in pg_depend for
    -- the view...
    from pg_class as dependent_class
    join pg_namespace as dependent_namespace on dependent_namespace.oid = dependent_class.relnamespace
    join pg_depend as dependent_depend on dependent_depend.refobjid = dependent_class.oid
        and dependent_depend.classid = 'pg_rewrite'::regclass
        and dependent_depend.refclassid = 'pg_class'::regclass
        and dependent_depend.deptype = 'i'

    -- ... and via pg_depend (that has a row per column, hence the need for "distinct" above, and
    -- making sure to exclude the internal row to avoid a view appearing to depend on itself)...
    join pg_depend as joining_depend on joining_depend.objid = dependent_depend.objid
        and joining_depend.classid = 'pg_rewrite'::regclass
        and joining_depend.refclassid = 'pg_class'::regclass
        and joining_depend.refobjid != dependent_depend.refobjid

    -- ... we can find the tables they query from in pg_class, but excluding system tables. Note we
    -- don't need need to exclude _dependent_ system tables, because they only query from other
    -- system tables, and so are automatically excluded by excluding _referenced_ system tables
    join pg_class as referenced_class on referenced_class.oid = joining_depend.refobjid
    join pg_namespace as referenced_namespace on referenced_namespace.oid = referenced_class.relnamespace
        and referenced_namespace.nspname != 'information_schema'
        and referenced_namespace.nspname not like 'pg\_%'

    order by
        dependent_schema, dependent_name, referenced_schema, referenced_name;
[0m16:38:09.887461 [debug] [MainThread]: Opening a new connection, currently in state init
[0m16:38:09.896127 [debug] [MainThread]: SQL status: SELECT 1 in 0.009 seconds
[0m16:38:09.897595 [debug] [MainThread]: Sending event: {'category': 'dbt', 'action': 'runnable_timing', 'label': 'cc3ddfbd-c0c0-4cc1-926b-e181265134a4', 'context': [<snowplow_tracker.self_describing_json.SelfDescribingJson object at 0xffff884242c0>]}
[0m16:38:09.898408 [debug] [MainThread]: On master: ROLLBACK
[0m16:38:09.899198 [debug] [MainThread]: On master: COMMIT
[0m16:38:09.899680 [debug] [MainThread]: Using postgres connection "master"
[0m16:38:09.900169 [debug] [MainThread]: On master: COMMIT
[0m16:38:09.900832 [debug] [MainThread]: SQL status: COMMIT in 0.000 seconds
[0m16:38:09.901289 [debug] [MainThread]: On master: Close
[0m16:38:09.905434 [debug] [Thread-1 (]: Began running node test.berlin_social_atlas.dbt_utils_accepted_range_mart_district_social_index_social_burden_index__1__0.bf57a762da
[0m16:38:09.906007 [debug] [Thread-2 (]: Began running node test.berlin_social_atlas.dbt_utils_accepted_range_stg_berlin_mss_child_poverty_rate__1__0.7d93ad6634
[0m16:38:09.906625 [info ] [Thread-1 (]: 1 of 12 START test dbt_utils_accepted_range_mart_district_social_index_social_burden_index__1__0  [RUN]
[0m16:38:09.907702 [info ] [Thread-2 (]: 2 of 12 START test dbt_utils_accepted_range_stg_berlin_mss_child_poverty_rate__1__0  [RUN]
[0m16:38:09.908420 [debug] [Thread-1 (]: Re-using an available connection from the pool (formerly list_airflow_staging, now test.berlin_social_atlas.dbt_utils_accepted_range_mart_district_social_index_social_burden_index__1__0.bf57a762da)
[0m16:38:09.909060 [debug] [Thread-2 (]: Acquiring new postgres connection 'test.berlin_social_atlas.dbt_utils_accepted_range_stg_berlin_mss_child_poverty_rate__1__0.7d93ad6634'
[0m16:38:09.909576 [debug] [Thread-1 (]: Began compiling node test.berlin_social_atlas.dbt_utils_accepted_range_mart_district_social_index_social_burden_index__1__0.bf57a762da
[0m16:38:09.910078 [debug] [Thread-2 (]: Began compiling node test.berlin_social_atlas.dbt_utils_accepted_range_stg_berlin_mss_child_poverty_rate__1__0.7d93ad6634
[0m16:38:09.924137 [debug] [Thread-1 (]: Writing injected SQL for node "test.berlin_social_atlas.dbt_utils_accepted_range_mart_district_social_index_social_burden_index__1__0.bf57a762da"
[0m16:38:09.927914 [debug] [Thread-2 (]: Writing injected SQL for node "test.berlin_social_atlas.dbt_utils_accepted_range_stg_berlin_mss_child_poverty_rate__1__0.7d93ad6634"
[0m16:38:09.930398 [debug] [Thread-1 (]: Began executing node test.berlin_social_atlas.dbt_utils_accepted_range_mart_district_social_index_social_burden_index__1__0.bf57a762da
[0m16:38:09.930878 [debug] [Thread-2 (]: Began executing node test.berlin_social_atlas.dbt_utils_accepted_range_stg_berlin_mss_child_poverty_rate__1__0.7d93ad6634
[0m16:38:09.953275 [debug] [Thread-2 (]: Writing runtime sql for node "test.berlin_social_atlas.dbt_utils_accepted_range_stg_berlin_mss_child_poverty_rate__1__0.7d93ad6634"
[0m16:38:09.951005 [debug] [Thread-1 (]: Writing runtime sql for node "test.berlin_social_atlas.dbt_utils_accepted_range_mart_district_social_index_social_burden_index__1__0.bf57a762da"
[0m16:38:09.955178 [debug] [Thread-1 (]: Using postgres connection "test.berlin_social_atlas.dbt_utils_accepted_range_mart_district_social_index_social_burden_index__1__0.bf57a762da"
[0m16:38:09.955567 [debug] [Thread-2 (]: Using postgres connection "test.berlin_social_atlas.dbt_utils_accepted_range_stg_berlin_mss_child_poverty_rate__1__0.7d93ad6634"
[0m16:38:09.956083 [debug] [Thread-1 (]: On test.berlin_social_atlas.dbt_utils_accepted_range_mart_district_social_index_social_burden_index__1__0.bf57a762da: /* {"app": "dbt", "dbt_version": "1.12.0b1", "profile_name": "berlin_social_atlas", "target_name": "dev", "node_id": "test.berlin_social_atlas.dbt_utils_accepted_range_mart_district_social_index_social_burden_index__1__0.bf57a762da"} */

    
    select
      count(*) as failures,
      count(*) != 0 as should_warn,
      count(*) != 0 as should_error
    from (
      
    
  

with meet_condition as(
  select *
  from "airflow"."staging"."mart_district_social_index"
),

validation_errors as (
  select *
  from meet_condition
  where
    -- never true, defaults to an empty result set. Exists to ensure any combo of the `or` clauses below succeeds
    1 = 2
    -- records with a value >= min_value are permitted. The `not` flips this to find records that don't meet the rule.
    or not social_burden_index >= 0
    -- records with a value <= max_value are permitted. The `not` flips this to find records that don't meet the rule.
    or not social_burden_index <= 1
)

select *
from validation_errors


  
  
      
    ) dbt_internal_test
[0m16:38:09.956677 [debug] [Thread-2 (]: On test.berlin_social_atlas.dbt_utils_accepted_range_stg_berlin_mss_child_poverty_rate__1__0.7d93ad6634: /* {"app": "dbt", "dbt_version": "1.12.0b1", "profile_name": "berlin_social_atlas", "target_name": "dev", "node_id": "test.berlin_social_atlas.dbt_utils_accepted_range_stg_berlin_mss_child_poverty_rate__1__0.7d93ad6634"} */

    
    select
      count(*) as failures,
      count(*) != 0 as should_warn,
      count(*) != 0 as should_error
    from (
      
    
  

with meet_condition as(
  select *
  from "airflow"."staging"."stg_berlin_mss"
),

validation_errors as (
  select *
  from meet_condition
  where
    -- never true, defaults to an empty result set. Exists to ensure any combo of the `or` clauses below succeeds
    1 = 2
    -- records with a value >= min_value are permitted. The `not` flips this to find records that don't meet the rule.
    or not child_poverty_rate >= 0
    -- records with a value <= max_value are permitted. The `not` flips this to find records that don't meet the rule.
    or not child_poverty_rate <= 1
)

select *
from validation_errors


  
  
      
    ) dbt_internal_test
[0m16:38:09.957243 [debug] [Thread-1 (]: Opening a new connection, currently in state closed
[0m16:38:09.957817 [debug] [Thread-2 (]: Opening a new connection, currently in state init
[0m16:38:09.964912 [debug] [Thread-1 (]: SQL status: SELECT 1 in 0.008 seconds
[0m16:38:09.969531 [debug] [Thread-1 (]: On test.berlin_social_atlas.dbt_utils_accepted_range_mart_district_social_index_social_burden_index__1__0.bf57a762da: ROLLBACK
[0m16:38:09.969999 [debug] [Thread-2 (]: SQL status: SELECT 1 in 0.012 seconds
[0m16:38:09.970708 [debug] [Thread-1 (]: On test.berlin_social_atlas.dbt_utils_accepted_range_mart_district_social_index_social_burden_index__1__0.bf57a762da: Close
[0m16:38:09.971980 [debug] [Thread-2 (]: On test.berlin_social_atlas.dbt_utils_accepted_range_stg_berlin_mss_child_poverty_rate__1__0.7d93ad6634: ROLLBACK
[0m16:38:09.972828 [info ] [Thread-1 (]: 1 of 12 PASS dbt_utils_accepted_range_mart_district_social_index_social_burden_index__1__0  [[32mPASS[0m in 0.06s]
[0m16:38:09.973871 [debug] [Thread-2 (]: On test.berlin_social_atlas.dbt_utils_accepted_range_stg_berlin_mss_child_poverty_rate__1__0.7d93ad6634: Close
[0m16:38:09.974500 [debug] [Thread-1 (]: Finished running node test.berlin_social_atlas.dbt_utils_accepted_range_mart_district_social_index_social_burden_index__1__0.bf57a762da
[0m16:38:09.975222 [info ] [Thread-2 (]: 2 of 12 PASS dbt_utils_accepted_range_stg_berlin_mss_child_poverty_rate__1__0 .. [[32mPASS[0m in 0.07s]
[0m16:38:09.975865 [debug] [Thread-1 (]: Began running node test.berlin_social_atlas.dbt_utils_accepted_range_stg_berlin_mss_unemployment_rate__1__0.026f926695
[0m16:38:09.976553 [debug] [Thread-2 (]: Finished running node test.berlin_social_atlas.dbt_utils_accepted_range_stg_berlin_mss_child_poverty_rate__1__0.7d93ad6634
[0m16:38:09.977098 [info ] [Thread-1 (]: 3 of 12 START test dbt_utils_accepted_range_stg_berlin_mss_unemployment_rate__1__0  [RUN]
[0m16:38:09.977787 [debug] [Thread-2 (]: Began running node test.berlin_social_atlas.not_null_mart_district_social_index_burden_rank.560800dccd
[0m16:38:09.978306 [debug] [Thread-1 (]: Re-using an available connection from the pool (formerly test.berlin_social_atlas.dbt_utils_accepted_range_mart_district_social_index_social_burden_index__1__0.bf57a762da, now test.berlin_social_atlas.dbt_utils_accepted_range_stg_berlin_mss_unemployment_rate__1__0.026f926695)
[0m16:38:09.978838 [info ] [Thread-2 (]: 4 of 12 START test not_null_mart_district_social_index_burden_rank ............. [RUN]
[0m16:38:09.979425 [debug] [Thread-1 (]: Began compiling node test.berlin_social_atlas.dbt_utils_accepted_range_stg_berlin_mss_unemployment_rate__1__0.026f926695
[0m16:38:09.979944 [debug] [Thread-2 (]: Re-using an available connection from the pool (formerly test.berlin_social_atlas.dbt_utils_accepted_range_stg_berlin_mss_child_poverty_rate__1__0.7d93ad6634, now test.berlin_social_atlas.not_null_mart_district_social_index_burden_rank.560800dccd)
[0m16:38:09.984154 [debug] [Thread-1 (]: Writing injected SQL for node "test.berlin_social_atlas.dbt_utils_accepted_range_stg_berlin_mss_unemployment_rate__1__0.026f926695"
[0m16:38:09.984893 [debug] [Thread-2 (]: Began compiling node test.berlin_social_atlas.not_null_mart_district_social_index_burden_rank.560800dccd
[0m16:38:09.991264 [debug] [Thread-2 (]: Writing injected SQL for node "test.berlin_social_atlas.not_null_mart_district_social_index_burden_rank.560800dccd"
[0m16:38:09.992064 [debug] [Thread-1 (]: Began executing node test.berlin_social_atlas.dbt_utils_accepted_range_stg_berlin_mss_unemployment_rate__1__0.026f926695
[0m16:38:09.994415 [debug] [Thread-1 (]: Writing runtime sql for node "test.berlin_social_atlas.dbt_utils_accepted_range_stg_berlin_mss_unemployment_rate__1__0.026f926695"
[0m16:38:09.994885 [debug] [Thread-2 (]: Began executing node test.berlin_social_atlas.not_null_mart_district_social_index_burden_rank.560800dccd
[0m16:38:09.997312 [debug] [Thread-2 (]: Writing runtime sql for node "test.berlin_social_atlas.not_null_mart_district_social_index_burden_rank.560800dccd"
[0m16:38:09.999081 [debug] [Thread-1 (]: Using postgres connection "test.berlin_social_atlas.dbt_utils_accepted_range_stg_berlin_mss_unemployment_rate__1__0.026f926695"
[0m16:38:09.999952 [debug] [Thread-1 (]: On test.berlin_social_atlas.dbt_utils_accepted_range_stg_berlin_mss_unemployment_rate__1__0.026f926695: /* {"app": "dbt", "dbt_version": "1.12.0b1", "profile_name": "berlin_social_atlas", "target_name": "dev", "node_id": "test.berlin_social_atlas.dbt_utils_accepted_range_stg_berlin_mss_unemployment_rate__1__0.026f926695"} */

    
    select
      count(*) as failures,
      count(*) != 0 as should_warn,
      count(*) != 0 as should_error
    from (
      
    
  

with meet_condition as(
  select *
  from "airflow"."staging"."stg_berlin_mss"
),

validation_errors as (
  select *
  from meet_condition
  where
    -- never true, defaults to an empty result set. Exists to ensure any combo of the `or` clauses below succeeds
    1 = 2
    -- records with a value >= min_value are permitted. The `not` flips this to find records that don't meet the rule.
    or not unemployment_rate >= 0
    -- records with a value <= max_value are permitted. The `not` flips this to find records that don't meet the rule.
    or not unemployment_rate <= 1
)

select *
from validation_errors


  
  
      
    ) dbt_internal_test
[0m16:38:10.000512 [debug] [Thread-2 (]: Using postgres connection "test.berlin_social_atlas.not_null_mart_district_social_index_burden_rank.560800dccd"
[0m16:38:10.000913 [debug] [Thread-1 (]: Opening a new connection, currently in state closed
[0m16:38:10.001498 [debug] [Thread-2 (]: On test.berlin_social_atlas.not_null_mart_district_social_index_burden_rank.560800dccd: /* {"app": "dbt", "dbt_version": "1.12.0b1", "profile_name": "berlin_social_atlas", "target_name": "dev", "node_id": "test.berlin_social_atlas.not_null_mart_district_social_index_burden_rank.560800dccd"} */

    
    select
      count(*) as failures,
      count(*) != 0 as should_warn,
      count(*) != 0 as should_error
    from (
      
    
  
    
    



select burden_rank
from "airflow"."staging"."mart_district_social_index"
where burden_rank is null



  
  
      
    ) dbt_internal_test
[0m16:38:10.002386 [debug] [Thread-2 (]: Opening a new connection, currently in state closed
[0m16:38:10.008897 [debug] [Thread-2 (]: SQL status: SELECT 1 in 0.006 seconds
[0m16:38:10.009638 [debug] [Thread-1 (]: SQL status: SELECT 1 in 0.009 seconds
[0m16:38:10.011241 [debug] [Thread-2 (]: On test.berlin_social_atlas.not_null_mart_district_social_index_burden_rank.560800dccd: ROLLBACK
[0m16:38:10.013472 [debug] [Thread-1 (]: On test.berlin_social_atlas.dbt_utils_accepted_range_stg_berlin_mss_unemployment_rate__1__0.026f926695: ROLLBACK
[0m16:38:10.014452 [debug] [Thread-2 (]: On test.berlin_social_atlas.not_null_mart_district_social_index_burden_rank.560800dccd: Close
[0m16:38:10.015081 [debug] [Thread-1 (]: On test.berlin_social_atlas.dbt_utils_accepted_range_stg_berlin_mss_unemployment_rate__1__0.026f926695: Close
[0m16:38:10.015751 [info ] [Thread-2 (]: 4 of 12 PASS not_null_mart_district_social_index_burden_rank ................... [[32mPASS[0m in 0.04s]
[0m16:38:10.017225 [info ] [Thread-1 (]: 3 of 12 PASS dbt_utils_accepted_range_stg_berlin_mss_unemployment_rate__1__0 ... [[32mPASS[0m in 0.04s]
[0m16:38:10.019375 [debug] [Thread-2 (]: Finished running node test.berlin_social_atlas.not_null_mart_district_social_index_burden_rank.560800dccd
[0m16:38:10.020607 [debug] [Thread-1 (]: Finished running node test.berlin_social_atlas.dbt_utils_accepted_range_stg_berlin_mss_unemployment_rate__1__0.026f926695
[0m16:38:10.021416 [debug] [Thread-2 (]: Began running node test.berlin_social_atlas.not_null_mart_district_social_index_district.78c0952b54
[0m16:38:10.022067 [debug] [Thread-1 (]: Began running node test.berlin_social_atlas.not_null_mart_district_social_index_social_burden_index.af1b7a1dba
[0m16:38:10.022716 [info ] [Thread-2 (]: 5 of 12 START test not_null_mart_district_social_index_district ................ [RUN]
[0m16:38:10.023400 [info ] [Thread-1 (]: 6 of 12 START test not_null_mart_district_social_index_social_burden_index ..... [RUN]
[0m16:38:10.024440 [debug] [Thread-2 (]: Re-using an available connection from the pool (formerly test.berlin_social_atlas.not_null_mart_district_social_index_burden_rank.560800dccd, now test.berlin_social_atlas.not_null_mart_district_social_index_district.78c0952b54)
[0m16:38:10.025160 [debug] [Thread-1 (]: Re-using an available connection from the pool (formerly test.berlin_social_atlas.dbt_utils_accepted_range_stg_berlin_mss_unemployment_rate__1__0.026f926695, now test.berlin_social_atlas.not_null_mart_district_social_index_social_burden_index.af1b7a1dba)
[0m16:38:10.025838 [debug] [Thread-2 (]: Began compiling node test.berlin_social_atlas.not_null_mart_district_social_index_district.78c0952b54
[0m16:38:10.026371 [debug] [Thread-1 (]: Began compiling node test.berlin_social_atlas.not_null_mart_district_social_index_social_burden_index.af1b7a1dba
[0m16:38:10.030537 [debug] [Thread-2 (]: Writing injected SQL for node "test.berlin_social_atlas.not_null_mart_district_social_index_district.78c0952b54"
[0m16:38:10.035552 [debug] [Thread-1 (]: Writing injected SQL for node "test.berlin_social_atlas.not_null_mart_district_social_index_social_burden_index.af1b7a1dba"
[0m16:38:10.037427 [debug] [Thread-2 (]: Began executing node test.berlin_social_atlas.not_null_mart_district_social_index_district.78c0952b54
[0m16:38:10.037992 [debug] [Thread-1 (]: Began executing node test.berlin_social_atlas.not_null_mart_district_social_index_social_burden_index.af1b7a1dba
[0m16:38:10.040396 [debug] [Thread-2 (]: Writing runtime sql for node "test.berlin_social_atlas.not_null_mart_district_social_index_district.78c0952b54"
[0m16:38:10.044278 [debug] [Thread-1 (]: Writing runtime sql for node "test.berlin_social_atlas.not_null_mart_district_social_index_social_burden_index.af1b7a1dba"
[0m16:38:10.045925 [debug] [Thread-2 (]: Using postgres connection "test.berlin_social_atlas.not_null_mart_district_social_index_district.78c0952b54"
[0m16:38:10.046457 [debug] [Thread-1 (]: Using postgres connection "test.berlin_social_atlas.not_null_mart_district_social_index_social_burden_index.af1b7a1dba"
[0m16:38:10.046837 [debug] [Thread-2 (]: On test.berlin_social_atlas.not_null_mart_district_social_index_district.78c0952b54: /* {"app": "dbt", "dbt_version": "1.12.0b1", "profile_name": "berlin_social_atlas", "target_name": "dev", "node_id": "test.berlin_social_atlas.not_null_mart_district_social_index_district.78c0952b54"} */

    
    select
      count(*) as failures,
      count(*) != 0 as should_warn,
      count(*) != 0 as should_error
    from (
      
    
  
    
    



select district
from "airflow"."staging"."mart_district_social_index"
where district is null



  
  
      
    ) dbt_internal_test
[0m16:38:10.047417 [debug] [Thread-1 (]: On test.berlin_social_atlas.not_null_mart_district_social_index_social_burden_index.af1b7a1dba: /* {"app": "dbt", "dbt_version": "1.12.0b1", "profile_name": "berlin_social_atlas", "target_name": "dev", "node_id": "test.berlin_social_atlas.not_null_mart_district_social_index_social_burden_index.af1b7a1dba"} */

    
    select
      count(*) as failures,
      count(*) != 0 as should_warn,
      count(*) != 0 as should_error
    from (
      
    
  
    
    



select social_burden_index
from "airflow"."staging"."mart_district_social_index"
where social_burden_index is null



  
  
      
    ) dbt_internal_test
[0m16:38:10.048223 [debug] [Thread-2 (]: Opening a new connection, currently in state closed
[0m16:38:10.049306 [debug] [Thread-1 (]: Opening a new connection, currently in state closed
[0m16:38:10.056964 [debug] [Thread-2 (]: SQL status: SELECT 1 in 0.009 seconds
[0m16:38:10.057400 [debug] [Thread-1 (]: SQL status: SELECT 1 in 0.008 seconds
[0m16:38:10.059112 [debug] [Thread-2 (]: On test.berlin_social_atlas.not_null_mart_district_social_index_district.78c0952b54: ROLLBACK
[0m16:38:10.060649 [debug] [Thread-1 (]: On test.berlin_social_atlas.not_null_mart_district_social_index_social_burden_index.af1b7a1dba: ROLLBACK
[0m16:38:10.061498 [debug] [Thread-2 (]: On test.berlin_social_atlas.not_null_mart_district_social_index_district.78c0952b54: Close
[0m16:38:10.061859 [debug] [Thread-1 (]: On test.berlin_social_atlas.not_null_mart_district_social_index_social_burden_index.af1b7a1dba: Close
[0m16:38:10.062838 [info ] [Thread-2 (]: 5 of 12 PASS not_null_mart_district_social_index_district ...................... [[32mPASS[0m in 0.04s]
[0m16:38:10.064933 [info ] [Thread-1 (]: 6 of 12 PASS not_null_mart_district_social_index_social_burden_index ........... [[32mPASS[0m in 0.04s]
[0m16:38:10.066460 [debug] [Thread-2 (]: Finished running node test.berlin_social_atlas.not_null_mart_district_social_index_district.78c0952b54
[0m16:38:10.067331 [debug] [Thread-1 (]: Finished running node test.berlin_social_atlas.not_null_mart_district_social_index_social_burden_index.af1b7a1dba
[0m16:38:10.067957 [debug] [Thread-2 (]: Began running node test.berlin_social_atlas.not_null_stg_berlin_mss_child_poverty_rate.c9ed3fcc7e
[0m16:38:10.068554 [debug] [Thread-1 (]: Began running node test.berlin_social_atlas.not_null_stg_berlin_mss_district.529d7706bd
[0m16:38:10.069114 [info ] [Thread-2 (]: 7 of 12 START test not_null_stg_berlin_mss_child_poverty_rate .................. [RUN]
[0m16:38:10.070161 [info ] [Thread-1 (]: 8 of 12 START test not_null_stg_berlin_mss_district ............................ [RUN]
[0m16:38:10.071028 [debug] [Thread-2 (]: Re-using an available connection from the pool (formerly test.berlin_social_atlas.not_null_mart_district_social_index_district.78c0952b54, now test.berlin_social_atlas.not_null_stg_berlin_mss_child_poverty_rate.c9ed3fcc7e)
[0m16:38:10.071651 [debug] [Thread-1 (]: Re-using an available connection from the pool (formerly test.berlin_social_atlas.not_null_mart_district_social_index_social_burden_index.af1b7a1dba, now test.berlin_social_atlas.not_null_stg_berlin_mss_district.529d7706bd)
[0m16:38:10.072289 [debug] [Thread-2 (]: Began compiling node test.berlin_social_atlas.not_null_stg_berlin_mss_child_poverty_rate.c9ed3fcc7e
[0m16:38:10.072860 [debug] [Thread-1 (]: Began compiling node test.berlin_social_atlas.not_null_stg_berlin_mss_district.529d7706bd
[0m16:38:10.077656 [debug] [Thread-2 (]: Writing injected SQL for node "test.berlin_social_atlas.not_null_stg_berlin_mss_child_poverty_rate.c9ed3fcc7e"
[0m16:38:10.083853 [debug] [Thread-1 (]: Writing injected SQL for node "test.berlin_social_atlas.not_null_stg_berlin_mss_district.529d7706bd"
[0m16:38:10.085774 [debug] [Thread-2 (]: Began executing node test.berlin_social_atlas.not_null_stg_berlin_mss_child_poverty_rate.c9ed3fcc7e
[0m16:38:10.088699 [debug] [Thread-2 (]: Writing runtime sql for node "test.berlin_social_atlas.not_null_stg_berlin_mss_child_poverty_rate.c9ed3fcc7e"
[0m16:38:10.089150 [debug] [Thread-1 (]: Began executing node test.berlin_social_atlas.not_null_stg_berlin_mss_district.529d7706bd
[0m16:38:10.091898 [debug] [Thread-1 (]: Writing runtime sql for node "test.berlin_social_atlas.not_null_stg_berlin_mss_district.529d7706bd"
[0m16:38:10.092692 [debug] [Thread-2 (]: Using postgres connection "test.berlin_social_atlas.not_null_stg_berlin_mss_child_poverty_rate.c9ed3fcc7e"
[0m16:38:10.093230 [debug] [Thread-2 (]: On test.berlin_social_atlas.not_null_stg_berlin_mss_child_poverty_rate.c9ed3fcc7e: /* {"app": "dbt", "dbt_version": "1.12.0b1", "profile_name": "berlin_social_atlas", "target_name": "dev", "node_id": "test.berlin_social_atlas.not_null_stg_berlin_mss_child_poverty_rate.c9ed3fcc7e"} */

    
    select
      count(*) as failures,
      count(*) != 0 as should_warn,
      count(*) != 0 as should_error
    from (
      
    
  
    
    



select child_poverty_rate
from "airflow"."staging"."stg_berlin_mss"
where child_poverty_rate is null



  
  
      
    ) dbt_internal_test
[0m16:38:10.093785 [debug] [Thread-1 (]: Using postgres connection "test.berlin_social_atlas.not_null_stg_berlin_mss_district.529d7706bd"
[0m16:38:10.094105 [debug] [Thread-2 (]: Opening a new connection, currently in state closed
[0m16:38:10.094609 [debug] [Thread-1 (]: On test.berlin_social_atlas.not_null_stg_berlin_mss_district.529d7706bd: /* {"app": "dbt", "dbt_version": "1.12.0b1", "profile_name": "berlin_social_atlas", "target_name": "dev", "node_id": "test.berlin_social_atlas.not_null_stg_berlin_mss_district.529d7706bd"} */

    
    select
      count(*) as failures,
      count(*) != 0 as should_warn,
      count(*) != 0 as should_error
    from (
      
    
  
    
    



select district
from "airflow"."staging"."stg_berlin_mss"
where district is null



  
  
      
    ) dbt_internal_test
[0m16:38:10.095488 [debug] [Thread-1 (]: Opening a new connection, currently in state closed
[0m16:38:10.103685 [debug] [Thread-2 (]: SQL status: SELECT 1 in 0.009 seconds
[0m16:38:10.104223 [debug] [Thread-1 (]: SQL status: SELECT 1 in 0.009 seconds
[0m16:38:10.105831 [debug] [Thread-2 (]: On test.berlin_social_atlas.not_null_stg_berlin_mss_child_poverty_rate.c9ed3fcc7e: ROLLBACK
[0m16:38:10.107172 [debug] [Thread-1 (]: On test.berlin_social_atlas.not_null_stg_berlin_mss_district.529d7706bd: ROLLBACK
[0m16:38:10.107864 [debug] [Thread-2 (]: On test.berlin_social_atlas.not_null_stg_berlin_mss_child_poverty_rate.c9ed3fcc7e: Close
[0m16:38:10.108340 [debug] [Thread-1 (]: On test.berlin_social_atlas.not_null_stg_berlin_mss_district.529d7706bd: Close
[0m16:38:10.108969 [info ] [Thread-2 (]: 7 of 12 PASS not_null_stg_berlin_mss_child_poverty_rate ........................ [[32mPASS[0m in 0.04s]
[0m16:38:10.109945 [info ] [Thread-1 (]: 8 of 12 PASS not_null_stg_berlin_mss_district .................................. [[32mPASS[0m in 0.04s]
[0m16:38:10.110966 [debug] [Thread-2 (]: Finished running node test.berlin_social_atlas.not_null_stg_berlin_mss_child_poverty_rate.c9ed3fcc7e
[0m16:38:10.111728 [debug] [Thread-1 (]: Finished running node test.berlin_social_atlas.not_null_stg_berlin_mss_district.529d7706bd
[0m16:38:10.112348 [debug] [Thread-2 (]: Began running node test.berlin_social_atlas.not_null_stg_berlin_mss_lor_key.4a67e7a5ec
[0m16:38:10.112987 [debug] [Thread-1 (]: Began running node test.berlin_social_atlas.not_null_stg_berlin_mss_unemployment_rate.ba478eb887
[0m16:38:10.113539 [info ] [Thread-2 (]: 9 of 12 START test not_null_stg_berlin_mss_lor_key ............................. [RUN]
[0m16:38:10.114452 [info ] [Thread-1 (]: 10 of 12 START test not_null_stg_berlin_mss_unemployment_rate .................. [RUN]
[0m16:38:10.115236 [debug] [Thread-2 (]: Re-using an available connection from the pool (formerly test.berlin_social_atlas.not_null_stg_berlin_mss_child_poverty_rate.c9ed3fcc7e, now test.berlin_social_atlas.not_null_stg_berlin_mss_lor_key.4a67e7a5ec)
[0m16:38:10.115800 [debug] [Thread-1 (]: Re-using an available connection from the pool (formerly test.berlin_social_atlas.not_null_stg_berlin_mss_district.529d7706bd, now test.berlin_social_atlas.not_null_stg_berlin_mss_unemployment_rate.ba478eb887)
[0m16:38:10.116306 [debug] [Thread-2 (]: Began compiling node test.berlin_social_atlas.not_null_stg_berlin_mss_lor_key.4a67e7a5ec
[0m16:38:10.116835 [debug] [Thread-1 (]: Began compiling node test.berlin_social_atlas.not_null_stg_berlin_mss_unemployment_rate.ba478eb887
[0m16:38:10.120845 [debug] [Thread-2 (]: Writing injected SQL for node "test.berlin_social_atlas.not_null_stg_berlin_mss_lor_key.4a67e7a5ec"
[0m16:38:10.124326 [debug] [Thread-1 (]: Writing injected SQL for node "test.berlin_social_atlas.not_null_stg_berlin_mss_unemployment_rate.ba478eb887"
[0m16:38:10.125851 [debug] [Thread-2 (]: Began executing node test.berlin_social_atlas.not_null_stg_berlin_mss_lor_key.4a67e7a5ec
[0m16:38:10.126214 [debug] [Thread-1 (]: Began executing node test.berlin_social_atlas.not_null_stg_berlin_mss_unemployment_rate.ba478eb887
[0m16:38:10.128396 [debug] [Thread-2 (]: Writing runtime sql for node "test.berlin_social_atlas.not_null_stg_berlin_mss_lor_key.4a67e7a5ec"
[0m16:38:10.130588 [debug] [Thread-1 (]: Writing runtime sql for node "test.berlin_social_atlas.not_null_stg_berlin_mss_unemployment_rate.ba478eb887"
[0m16:38:10.131884 [debug] [Thread-2 (]: Using postgres connection "test.berlin_social_atlas.not_null_stg_berlin_mss_lor_key.4a67e7a5ec"
[0m16:38:10.132340 [debug] [Thread-1 (]: Using postgres connection "test.berlin_social_atlas.not_null_stg_berlin_mss_unemployment_rate.ba478eb887"
[0m16:38:10.132687 [debug] [Thread-2 (]: On test.berlin_social_atlas.not_null_stg_berlin_mss_lor_key.4a67e7a5ec: /* {"app": "dbt", "dbt_version": "1.12.0b1", "profile_name": "berlin_social_atlas", "target_name": "dev", "node_id": "test.berlin_social_atlas.not_null_stg_berlin_mss_lor_key.4a67e7a5ec"} */

    
    select
      count(*) as failures,
      count(*) != 0 as should_warn,
      count(*) != 0 as should_error
    from (
      
    
  
    
    



select lor_key
from "airflow"."staging"."stg_berlin_mss"
where lor_key is null



  
  
      
    ) dbt_internal_test
[0m16:38:10.133199 [debug] [Thread-1 (]: On test.berlin_social_atlas.not_null_stg_berlin_mss_unemployment_rate.ba478eb887: /* {"app": "dbt", "dbt_version": "1.12.0b1", "profile_name": "berlin_social_atlas", "target_name": "dev", "node_id": "test.berlin_social_atlas.not_null_stg_berlin_mss_unemployment_rate.ba478eb887"} */

    
    select
      count(*) as failures,
      count(*) != 0 as should_warn,
      count(*) != 0 as should_error
    from (
      
    
  
    
    



select unemployment_rate
from "airflow"."staging"."stg_berlin_mss"
where unemployment_rate is null



  
  
      
    ) dbt_internal_test
[0m16:38:10.133662 [debug] [Thread-2 (]: Opening a new connection, currently in state closed
[0m16:38:10.134121 [debug] [Thread-1 (]: Opening a new connection, currently in state closed
[0m16:38:10.141353 [debug] [Thread-2 (]: SQL status: SELECT 1 in 0.008 seconds
[0m16:38:10.141776 [debug] [Thread-1 (]: SQL status: SELECT 1 in 0.008 seconds
[0m16:38:10.143215 [debug] [Thread-2 (]: On test.berlin_social_atlas.not_null_stg_berlin_mss_lor_key.4a67e7a5ec: ROLLBACK
[0m16:38:10.144570 [debug] [Thread-1 (]: On test.berlin_social_atlas.not_null_stg_berlin_mss_unemployment_rate.ba478eb887: ROLLBACK
[0m16:38:10.145207 [debug] [Thread-2 (]: On test.berlin_social_atlas.not_null_stg_berlin_mss_lor_key.4a67e7a5ec: Close
[0m16:38:10.145640 [debug] [Thread-1 (]: On test.berlin_social_atlas.not_null_stg_berlin_mss_unemployment_rate.ba478eb887: Close
[0m16:38:10.146200 [info ] [Thread-2 (]: 9 of 12 PASS not_null_stg_berlin_mss_lor_key ................................... [[32mPASS[0m in 0.03s]
[0m16:38:10.147002 [info ] [Thread-1 (]: 10 of 12 PASS not_null_stg_berlin_mss_unemployment_rate ........................ [[32mPASS[0m in 0.03s]
[0m16:38:10.147701 [debug] [Thread-2 (]: Finished running node test.berlin_social_atlas.not_null_stg_berlin_mss_lor_key.4a67e7a5ec
[0m16:38:10.148365 [debug] [Thread-1 (]: Finished running node test.berlin_social_atlas.not_null_stg_berlin_mss_unemployment_rate.ba478eb887
[0m16:38:10.148912 [debug] [Thread-2 (]: Began running node test.berlin_social_atlas.unique_mart_district_social_index_district.b2702af270
[0m16:38:10.149448 [debug] [Thread-1 (]: Began running node test.berlin_social_atlas.unique_stg_berlin_mss_lor_key.652316829b
[0m16:38:10.150045 [info ] [Thread-2 (]: 11 of 12 START test unique_mart_district_social_index_district ................. [RUN]
[0m16:38:10.150711 [info ] [Thread-1 (]: 12 of 12 START test unique_stg_berlin_mss_lor_key .............................. [RUN]
[0m16:38:10.151371 [debug] [Thread-2 (]: Re-using an available connection from the pool (formerly test.berlin_social_atlas.not_null_stg_berlin_mss_lor_key.4a67e7a5ec, now test.berlin_social_atlas.unique_mart_district_social_index_district.b2702af270)
[0m16:38:10.151896 [debug] [Thread-1 (]: Re-using an available connection from the pool (formerly test.berlin_social_atlas.not_null_stg_berlin_mss_unemployment_rate.ba478eb887, now test.berlin_social_atlas.unique_stg_berlin_mss_lor_key.652316829b)
[0m16:38:10.152376 [debug] [Thread-2 (]: Began compiling node test.berlin_social_atlas.unique_mart_district_social_index_district.b2702af270
[0m16:38:10.152899 [debug] [Thread-1 (]: Began compiling node test.berlin_social_atlas.unique_stg_berlin_mss_lor_key.652316829b
[0m16:38:10.160092 [debug] [Thread-2 (]: Writing injected SQL for node "test.berlin_social_atlas.unique_mart_district_social_index_district.b2702af270"
[0m16:38:10.209349 [debug] [Thread-1 (]: Writing injected SQL for node "test.berlin_social_atlas.unique_stg_berlin_mss_lor_key.652316829b"
[0m16:38:10.210908 [debug] [Thread-2 (]: Began executing node test.berlin_social_atlas.unique_mart_district_social_index_district.b2702af270
[0m16:38:10.211364 [debug] [Thread-1 (]: Began executing node test.berlin_social_atlas.unique_stg_berlin_mss_lor_key.652316829b
[0m16:38:10.213534 [debug] [Thread-2 (]: Writing runtime sql for node "test.berlin_social_atlas.unique_mart_district_social_index_district.b2702af270"
[0m16:38:10.215777 [debug] [Thread-1 (]: Writing runtime sql for node "test.berlin_social_atlas.unique_stg_berlin_mss_lor_key.652316829b"
[0m16:38:10.217374 [debug] [Thread-2 (]: Using postgres connection "test.berlin_social_atlas.unique_mart_district_social_index_district.b2702af270"
[0m16:38:10.217858 [debug] [Thread-1 (]: Using postgres connection "test.berlin_social_atlas.unique_stg_berlin_mss_lor_key.652316829b"
[0m16:38:10.218200 [debug] [Thread-2 (]: On test.berlin_social_atlas.unique_mart_district_social_index_district.b2702af270: /* {"app": "dbt", "dbt_version": "1.12.0b1", "profile_name": "berlin_social_atlas", "target_name": "dev", "node_id": "test.berlin_social_atlas.unique_mart_district_social_index_district.b2702af270"} */

    
    select
      count(*) as failures,
      count(*) != 0 as should_warn,
      count(*) != 0 as should_error
    from (
      
    
  
    
    

select
    district as unique_field,
    count(*) as n_records

from "airflow"."staging"."mart_district_social_index"
where district is not null
group by district
having count(*) > 1



  
  
      
    ) dbt_internal_test
[0m16:38:10.218723 [debug] [Thread-1 (]: On test.berlin_social_atlas.unique_stg_berlin_mss_lor_key.652316829b: /* {"app": "dbt", "dbt_version": "1.12.0b1", "profile_name": "berlin_social_atlas", "target_name": "dev", "node_id": "test.berlin_social_atlas.unique_stg_berlin_mss_lor_key.652316829b"} */

    
    select
      count(*) as failures,
      count(*) != 0 as should_warn,
      count(*) != 0 as should_error
    from (
      
    
  
    
    

select
    lor_key as unique_field,
    count(*) as n_records

from "airflow"."staging"."stg_berlin_mss"
where lor_key is not null
group by lor_key
having count(*) > 1



  
  
      
    ) dbt_internal_test
[0m16:38:10.219223 [debug] [Thread-2 (]: Opening a new connection, currently in state closed
[0m16:38:10.219707 [debug] [Thread-1 (]: Opening a new connection, currently in state closed
[0m16:38:10.227597 [debug] [Thread-2 (]: SQL status: SELECT 1 in 0.008 seconds
[0m16:38:10.229392 [debug] [Thread-2 (]: On test.berlin_social_atlas.unique_mart_district_social_index_district.b2702af270: ROLLBACK
[0m16:38:10.229787 [debug] [Thread-1 (]: SQL status: SELECT 1 in 0.010 seconds
[0m16:38:10.230442 [debug] [Thread-2 (]: On test.berlin_social_atlas.unique_mart_district_social_index_district.b2702af270: Close
[0m16:38:10.231582 [debug] [Thread-1 (]: On test.berlin_social_atlas.unique_stg_berlin_mss_lor_key.652316829b: ROLLBACK
[0m16:38:10.232375 [info ] [Thread-2 (]: 11 of 12 PASS unique_mart_district_social_index_district ....................... [[32mPASS[0m in 0.08s]
[0m16:38:10.233322 [debug] [Thread-1 (]: On test.berlin_social_atlas.unique_stg_berlin_mss_lor_key.652316829b: Close
[0m16:38:10.233856 [debug] [Thread-2 (]: Finished running node test.berlin_social_atlas.unique_mart_district_social_index_district.b2702af270
[0m16:38:10.235438 [info ] [Thread-1 (]: 12 of 12 PASS unique_stg_berlin_mss_lor_key .................................... [[32mPASS[0m in 0.08s]
[0m16:38:10.236652 [debug] [Thread-1 (]: Finished running node test.berlin_social_atlas.unique_stg_berlin_mss_lor_key.652316829b
[0m16:38:10.238427 [debug] [MainThread]: On master: COMMIT
[0m16:38:10.239025 [debug] [MainThread]: Using postgres connection "master"
[0m16:38:10.239750 [debug] [MainThread]: On master: COMMIT
[0m16:38:10.240234 [debug] [MainThread]: Opening a new connection, currently in state closed
[0m16:38:10.246191 [debug] [MainThread]: SQL status: COMMIT in 0.006 seconds
[0m16:38:10.246899 [debug] [MainThread]: On master: Close
[0m16:38:10.247610 [debug] [MainThread]: Connection 'master' was properly closed.
[0m16:38:10.248215 [debug] [MainThread]: Connection 'test.berlin_social_atlas.unique_stg_berlin_mss_lor_key.652316829b' was properly closed.
[0m16:38:10.248800 [debug] [MainThread]: Connection 'test.berlin_social_atlas.unique_mart_district_social_index_district.b2702af270' was properly closed.
[0m16:38:10.249445 [info ] [MainThread]: 
[0m16:38:10.250178 [info ] [MainThread]: Finished running 12 data tests in 0 hours 0 minutes and 0.43 seconds (0.43s).
[0m16:38:10.252357 [debug] [MainThread]: Command end result
[0m16:38:10.294391 [debug] [MainThread]: Wrote artifact WritableManifest to /opt/airflow/dbt/target/manifest.json
[0m16:38:10.296993 [debug] [MainThread]: Wrote artifact SemanticManifest to /opt/airflow/dbt/target/semantic_manifest.json
[0m16:38:10.304261 [debug] [MainThread]: Wrote artifact RunExecutionResult to /opt/airflow/dbt/target/run_results.json
[0m16:38:10.304695 [info ] [MainThread]: 
[0m16:38:10.305355 [info ] [MainThread]: [32mCompleted successfully[0m
[0m16:38:10.305921 [info ] [MainThread]: 
[0m16:38:10.306648 [info ] [MainThread]: Done. PASS=12 WARN=0 ERROR=0 SKIP=0 NO-OP=0 TOTAL=12
[0m16:38:10.307898 [debug] [MainThread]: Resource report: {"command_name": "test", "command_success": true, "command_wall_clock_time": 1.1339866, "process_in_blocks": "0", "process_kernel_time": 0.160284, "process_mem_max_rss": "125168", "process_out_blocks": "2766", "process_user_time": 2.685516}
[0m16:38:10.308480 [debug] [MainThread]: Command `dbt test` succeeded at 16:38:10.308394 after 1.13 seconds
[0m16:38:10.308952 [debug] [MainThread]: Sending event: {'category': 'dbt', 'action': 'invocation', 'label': 'end', 'context': [<snowplow_tracker.self_describing_json.SelfDescribingJson object at 0xffff898b7b00>, <snowplow_tracker.self_describing_json.SelfDescribingJson object at 0xffff89477ef0>, <snowplow_tracker.self_describing_json.SelfDescribingJson object at 0xffff89477710>]}
[0m16:38:10.309401 [debug] [MainThread]: Flushing usage events
[0m16:38:10.802942 [debug] [MainThread]: An error was encountered while trying to flush usage events
[0m16:39:37.908823 [debug] [MainThread]: Sending event: {'category': 'dbt', 'action': 'invocation', 'label': 'start', 'context': [<snowplow_tracker.self_describing_json.SelfDescribingJson object at 0xffff92bba5a0>, <snowplow_tracker.self_describing_json.SelfDescribingJson object at 0xffff9201e960>, <snowplow_tracker.self_describing_json.SelfDescribingJson object at 0xffff93f7f8c0>]}


============================== 16:39:37.915442 | 20c39c34-9c87-45ce-bbe3-74321dea969d ==============================
[0m16:39:37.915442 [info ] [MainThread]: Running with dbt=1.12.0-b1
[0m16:39:37.916696 [debug] [MainThread]: running dbt with arguments {'write_json': 'True', 'use_colors': 'True', 'debug': 'False', 'indirect_selection': 'eager', 'log_cache_events': 'False', 'printer_width': '80', 'send_anonymous_usage_stats': 'True', 'no_print': 'None', 'empty': 'None', 'warn_error_options': 'WarnErrorOptionsV2(error=[], warn=[], silence=[])', 'target_path': 'None', 'static_parser': 'True', 'fail_fast': 'False', 'version_check': 'True', 'cache_selected_only': 'False', 'invocation_command': 'dbt deps --profiles-dir .', 'log_path': '/opt/airflow/dbt/logs', 'quiet': 'False', 'use_experimental_parser': 'False', 'log_format': 'default', 'partial_parse': 'True', 'warn_error': 'None', 'profiles_dir': '.', 'introspect': 'True'}
[0m16:39:38.038514 [debug] [MainThread]: Sending event: {'category': 'dbt', 'action': 'project_id', 'label': '20c39c34-9c87-45ce-bbe3-74321dea969d', 'context': [<snowplow_tracker.self_describing_json.SelfDescribingJson object at 0xffff91e3b980>]}
[0m16:39:38.114723 [debug] [MainThread]: Set downloads directory='/tmp/dbt-downloads-7r8h3afh'
[0m16:39:38.115284 [debug] [MainThread]: Making package index registry request: GET https://hub.getdbt.com/api/v1/index.json
[0m16:39:38.386275 [debug] [MainThread]: Response from registry index: GET https://hub.getdbt.com/api/v1/index.json 200
[0m16:39:38.388855 [debug] [MainThread]: Making package registry request: GET https://hub.getdbt.com/api/v1/dbt-labs/dbt_utils.json
[0m16:39:38.591273 [debug] [MainThread]: Response from registry: GET https://hub.getdbt.com/api/v1/dbt-labs/dbt_utils.json 200
[0m16:39:38.597545 [info ] [MainThread]: Installing dbt-labs/dbt_utils
[0m16:39:39.326903 [info ] [MainThread]: Installed from version 1.3.3
[0m16:39:39.327680 [info ] [MainThread]: Up to date!
[0m16:39:39.328184 [debug] [MainThread]: Sending event: {'category': 'dbt', 'action': 'package', 'label': '20c39c34-9c87-45ce-bbe3-74321dea969d', 'property_': 'install', 'context': [<snowplow_tracker.self_describing_json.SelfDescribingJson object at 0xffff91f8f380>, <snowplow_tracker.self_describing_json.SelfDescribingJson object at 0xffff920fe5a0>]}
[0m16:39:39.329522 [debug] [MainThread]: Resource report: {"command_name": "deps", "command_success": true, "command_wall_clock_time": 1.4781667, "process_in_blocks": "0", "process_kernel_time": 0.25532, "process_mem_max_rss": "105388", "process_out_blocks": "726", "process_user_time": 2.082081}
[0m16:39:39.330100 [debug] [MainThread]: Command `dbt deps` succeeded at 16:39:39.329988 after 1.48 seconds
[0m16:39:39.330585 [debug] [MainThread]: Sending event: {'category': 'dbt', 'action': 'invocation', 'label': 'end', 'context': [<snowplow_tracker.self_describing_json.SelfDescribingJson object at 0xffff92b1a750>, <snowplow_tracker.self_describing_json.SelfDescribingJson object at 0xffff915caf90>, <snowplow_tracker.self_describing_json.SelfDescribingJson object at 0xffff915cac30>]}
[0m16:39:39.331079 [debug] [MainThread]: Flushing usage events
[0m16:39:39.972448 [debug] [MainThread]: An error was encountered while trying to flush usage events
[0m16:39:41.971314 [debug] [MainThread]: Sending event: {'category': 'dbt', 'action': 'invocation', 'label': 'start', 'context': [<snowplow_tracker.self_describing_json.SelfDescribingJson object at 0xffff7e6556d0>, <snowplow_tracker.self_describing_json.SelfDescribingJson object at 0xffff7dcbb1a0>, <snowplow_tracker.self_describing_json.SelfDescribingJson object at 0xffff7e6579e0>]}


============================== 16:39:41.979033 | 457b7e20-2260-4b10-bcb4-6343d11b0ac2 ==============================
[0m16:39:41.979033 [info ] [MainThread]: Running with dbt=1.12.0-b1
[0m16:39:41.979878 [debug] [MainThread]: running dbt with arguments {'static_parser': 'True', 'invocation_command': 'dbt deps --profiles-dir .', 'use_colors': 'True', 'cache_selected_only': 'False', 'empty': 'None', 'introspect': 'True', 'log_cache_events': 'False', 'write_json': 'True', 'indirect_selection': 'eager', 'fail_fast': 'False', 'debug': 'False', 'profiles_dir': '.', 'log_format': 'default', 'log_path': '/opt/airflow/dbt/logs', 'version_check': 'True', 'printer_width': '80', 'quiet': 'False', 'send_anonymous_usage_stats': 'True', 'warn_error_options': 'WarnErrorOptionsV2(error=[], warn=[], silence=[])', 'use_experimental_parser': 'False', 'warn_error': 'None', 'no_print': 'None', 'partial_parse': 'True', 'target_path': 'None'}
[0m16:39:42.109326 [debug] [MainThread]: Sending event: {'category': 'dbt', 'action': 'project_id', 'label': '457b7e20-2260-4b10-bcb4-6343d11b0ac2', 'context': [<snowplow_tracker.self_describing_json.SelfDescribingJson object at 0xffff8049a6c0>]}
[0m16:39:42.205341 [debug] [MainThread]: Set downloads directory='/tmp/dbt-downloads-ei8hc6fn'
[0m16:39:42.206074 [debug] [MainThread]: Making package index registry request: GET https://hub.getdbt.com/api/v1/index.json
[0m16:39:42.315553 [debug] [MainThread]: Sending event: {'category': 'dbt', 'action': 'invocation', 'label': 'start', 'context': [<snowplow_tracker.self_describing_json.SelfDescribingJson object at 0xffff85a069f0>, <snowplow_tracker.self_describing_json.SelfDescribingJson object at 0xffff8596fb00>, <snowplow_tracker.self_describing_json.SelfDescribingJson object at 0xffff8855a240>]}


============================== 16:39:42.322572 | d4bf7be8-e691-443d-b40e-189f127378e8 ==============================
[0m16:39:42.322572 [info ] [MainThread]: Running with dbt=1.12.0-b1
[0m16:39:42.323663 [debug] [MainThread]: running dbt with arguments {'printer_width': '80', 'indirect_selection': 'eager', 'no_print': 'None', 'write_json': 'True', 'log_path': '/opt/airflow/dbt/logs', 'fail_fast': 'False', 'log_format': 'default', 'use_experimental_parser': 'False', 'warn_error': 'None', 'use_colors': 'True', 'debug': 'False', 'version_check': 'True', 'empty': 'False', 'send_anonymous_usage_stats': 'True', 'profiles_dir': '.', 'warn_error_options': 'WarnErrorOptionsV2(error=[], warn=[], silence=[])', 'log_cache_events': 'False', 'cache_selected_only': 'False', 'target_path': 'None', 'quiet': 'False', 'static_parser': 'True', 'invocation_command': 'dbt run --profiles-dir .', 'partial_parse': 'True', 'introspect': 'True'}
[0m16:39:42.396033 [debug] [MainThread]: Response from registry index: GET https://hub.getdbt.com/api/v1/index.json 200
[0m16:39:42.397956 [debug] [MainThread]: Making package registry request: GET https://hub.getdbt.com/api/v1/dbt-labs/dbt_utils.json
[0m16:39:42.487655 [debug] [MainThread]: Sending event: {'category': 'dbt', 'action': 'project_id', 'label': 'd4bf7be8-e691-443d-b40e-189f127378e8', 'context': [<snowplow_tracker.self_describing_json.SelfDescribingJson object at 0xffff85315910>]}
[0m16:39:42.540786 [debug] [MainThread]: Sending event: {'category': 'dbt', 'action': 'adapter_info', 'label': 'd4bf7be8-e691-443d-b40e-189f127378e8', 'context': [<snowplow_tracker.self_describing_json.SelfDescribingJson object at 0xffff8481f530>]}
[0m16:39:42.541951 [info ] [MainThread]: Registered adapter: postgres=1.10.0
[0m16:39:42.569835 [debug] [MainThread]: Response from registry: GET https://hub.getdbt.com/api/v1/dbt-labs/dbt_utils.json 200
[0m16:39:42.575594 [info ] [MainThread]: Installing dbt-labs/dbt_utils
[0m16:39:42.595939 [error] [MainThread]: [[31mERROR[0m]: Encountered an error:
Compilation Error
  dbt expects 1 package(s) based on packages specified in packages.yml, but found only 0 package(s) installed in dbt_packages. Following packages were not found: dbt_utils. Run "dbt deps" to install package dependencies.
[0m16:39:42.597344 [debug] [MainThread]: Resource report: {"command_name": "run", "command_success": false, "command_wall_clock_time": 0.34774822, "process_in_blocks": "0", "process_kernel_time": 0.13106, "process_mem_max_rss": "109580", "process_out_blocks": "4", "process_user_time": 2.236026}
[0m16:39:42.597997 [debug] [MainThread]: Command `dbt run` failed at 16:39:42.597907 after 0.35 seconds
[0m16:39:42.598528 [debug] [MainThread]: Sending event: {'category': 'dbt', 'action': 'invocation', 'label': 'end', 'context': [<snowplow_tracker.self_describing_json.SelfDescribingJson object at 0xffff87628bf0>, <snowplow_tracker.self_describing_json.SelfDescribingJson object at 0xffff848d6570>, <snowplow_tracker.self_describing_json.SelfDescribingJson object at 0xffff848d71d0>]}
[0m16:39:42.599111 [debug] [MainThread]: Flushing usage events
[0m16:39:43.154424 [info ] [MainThread]: Installed from version 1.3.3
[0m16:39:43.155088 [info ] [MainThread]: Up to date!
[0m16:39:43.155672 [debug] [MainThread]: Sending event: {'category': 'dbt', 'action': 'package', 'label': '457b7e20-2260-4b10-bcb4-6343d11b0ac2', 'property_': 'install', 'context': [<snowplow_tracker.self_describing_json.SelfDescribingJson object at 0xffff7d686450>, <snowplow_tracker.self_describing_json.SelfDescribingJson object at 0xffff7d685a00>]}
[0m16:39:43.156925 [debug] [MainThread]: Resource report: {"command_name": "deps", "command_success": true, "command_wall_clock_time": 1.2565085, "process_in_blocks": "0", "process_kernel_time": 0.173563, "process_mem_max_rss": "105364", "process_out_blocks": "726", "process_user_time": 2.250338}
[0m16:39:43.157551 [debug] [MainThread]: Command `dbt deps` succeeded at 16:39:43.157440 after 1.26 seconds
[0m16:39:43.158003 [debug] [MainThread]: Sending event: {'category': 'dbt', 'action': 'invocation', 'label': 'end', 'context': [<snowplow_tracker.self_describing_json.SelfDescribingJson object at 0xffff7f453920>, <snowplow_tracker.self_describing_json.SelfDescribingJson object at 0xffff7e56a330>, <snowplow_tracker.self_describing_json.SelfDescribingJson object at 0xffff7db9f740>]}
[0m16:39:43.158500 [debug] [MainThread]: Flushing usage events
[0m16:39:43.163804 [debug] [MainThread]: An error was encountered while trying to flush usage events
[0m16:39:43.762197 [debug] [MainThread]: An error was encountered while trying to flush usage events
[0m16:39:45.809874 [debug] [MainThread]: Sending event: {'category': 'dbt', 'action': 'invocation', 'label': 'start', 'context': [<snowplow_tracker.self_describing_json.SelfDescribingJson object at 0xffff8fd32c30>, <snowplow_tracker.self_describing_json.SelfDescribingJson object at 0xffff8fd32bd0>, <snowplow_tracker.self_describing_json.SelfDescribingJson object at 0xffff8fefc200>]}


============================== 16:39:45.815823 | a0250e32-8455-4ac2-acff-c55a423159d4 ==============================
[0m16:39:45.815823 [info ] [MainThread]: Running with dbt=1.12.0-b1
[0m16:39:45.816486 [debug] [MainThread]: running dbt with arguments {'debug': 'False', 'static_parser': 'True', 'write_json': 'True', 'partial_parse': 'True', 'send_anonymous_usage_stats': 'True', 'target_path': 'None', 'introspect': 'True', 'log_cache_events': 'False', 'log_path': '/opt/airflow/dbt/logs', 'invocation_command': 'dbt run --profiles-dir .', 'warn_error': 'None', 'quiet': 'False', 'indirect_selection': 'eager', 'empty': 'False', 'use_colors': 'True', 'no_print': 'None', 'cache_selected_only': 'False', 'profiles_dir': '.', 'printer_width': '80', 'fail_fast': 'False', 'log_format': 'default', 'use_experimental_parser': 'False', 'warn_error_options': 'WarnErrorOptionsV2(error=[], warn=[], silence=[])', 'version_check': 'True'}
[0m16:39:45.964819 [debug] [MainThread]: Sending event: {'category': 'dbt', 'action': 'project_id', 'label': 'a0250e32-8455-4ac2-acff-c55a423159d4', 'context': [<snowplow_tracker.self_describing_json.SelfDescribingJson object at 0xffff91756ed0>]}
[0m16:39:46.016715 [debug] [MainThread]: Sending event: {'category': 'dbt', 'action': 'adapter_info', 'label': 'a0250e32-8455-4ac2-acff-c55a423159d4', 'context': [<snowplow_tracker.self_describing_json.SelfDescribingJson object at 0xffff8efd6ab0>]}
[0m16:39:46.017790 [info ] [MainThread]: Registered adapter: postgres=1.10.0
[0m16:39:46.081004 [debug] [MainThread]: checksum: 6927119f54d004ffd263b094d7bce97ebbdd1c00adedbbdda88e818b9bb3a551, vars: {}, profile: berlin_social_atlas, target: dev, version: 1.12.0b1
[0m16:39:46.212730 [debug] [MainThread]: Partial parsing enabled: 0 files deleted, 0 files added, 0 files changed.
[0m16:39:46.213295 [debug] [MainThread]: Nothing changed, skipping partial parsing.
[0m16:39:46.213661 [debug] [MainThread]: Partial parsing enabled, no changes found, skipping parsing
[0m16:39:46.246427 [debug] [MainThread]: Sending event: {'category': 'dbt', 'action': 'load_project', 'label': 'a0250e32-8455-4ac2-acff-c55a423159d4', 'context': [<snowplow_tracker.self_describing_json.SelfDescribingJson object at 0xffff8e445910>]}
[0m16:39:46.340287 [debug] [MainThread]: Wrote artifact WritableManifest to /opt/airflow/dbt/target/manifest.json
[0m16:39:46.343310 [debug] [MainThread]: Wrote artifact SemanticManifest to /opt/airflow/dbt/target/semantic_manifest.json
[0m16:39:46.357312 [debug] [MainThread]: Sending event: {'category': 'dbt', 'action': 'resource_counts', 'label': 'a0250e32-8455-4ac2-acff-c55a423159d4', 'context': [<snowplow_tracker.self_describing_json.SelfDescribingJson object at 0xffff8e0ce540>]}
[0m16:39:46.357851 [info ] [MainThread]: Found 2 models, 12 data tests, 591 macros
[0m16:39:46.358531 [debug] [MainThread]: Sending event: {'category': 'dbt', 'action': 'runnable_timing', 'label': 'a0250e32-8455-4ac2-acff-c55a423159d4', 'context': [<snowplow_tracker.self_describing_json.SelfDescribingJson object at 0xffff8e08a9f0>]}
[0m16:39:46.360272 [info ] [MainThread]: 
[0m16:39:46.360957 [info ] [MainThread]: Concurrency: 2 threads (target='dev')
[0m16:39:46.361555 [info ] [MainThread]: 
[0m16:39:46.362225 [debug] [MainThread]: Acquiring new postgres connection 'master'
[0m16:39:46.365529 [debug] [ThreadPool]: Acquiring new postgres connection 'list_airflow'
[0m16:39:46.397691 [debug] [ThreadPool]: Using postgres connection "list_airflow"
[0m16:39:46.398267 [debug] [ThreadPool]: On list_airflow: /* {"app": "dbt", "dbt_version": "1.12.0b1", "profile_name": "berlin_social_atlas", "target_name": "dev", "connection_name": "list_airflow"} */

    select distinct nspname from pg_namespace
  
[0m16:39:46.398697 [debug] [ThreadPool]: Opening a new connection, currently in state init
[0m16:39:46.405253 [debug] [ThreadPool]: SQL status: SELECT 10 in 0.007 seconds
[0m16:39:46.406525 [debug] [ThreadPool]: On list_airflow: Close
[0m16:39:46.407899 [debug] [ThreadPool]: Re-using an available connection from the pool (formerly list_airflow, now list_airflow_staging)
[0m16:39:46.413322 [debug] [ThreadPool]: Using postgres connection "list_airflow_staging"
[0m16:39:46.413880 [debug] [ThreadPool]: On list_airflow_staging: /* {"app": "dbt", "dbt_version": "1.12.0b1", "profile_name": "berlin_social_atlas", "target_name": "dev", "connection_name": "list_airflow_staging"} */
select
      'airflow' as database,
      tablename as name,
      schemaname as schema,
      'table' as type
    from pg_tables
    where schemaname ilike 'staging'
    union all
    select
      'airflow' as database,
      viewname as name,
      schemaname as schema,
      'view' as type
    from pg_views
    where schemaname ilike 'staging'
    union all
    select
      'airflow' as database,
      matviewname as name,
      schemaname as schema,
      'materialized_view' as type
    from pg_matviews
    where schemaname ilike 'staging'
  
[0m16:39:46.414355 [debug] [ThreadPool]: Opening a new connection, currently in state closed
[0m16:39:46.422600 [debug] [ThreadPool]: SQL status: SELECT 2 in 0.008 seconds
[0m16:39:46.423956 [debug] [ThreadPool]: On list_airflow_staging: ROLLBACK
[0m16:39:46.424544 [debug] [ThreadPool]: On list_airflow_staging: Close
[0m16:39:46.428833 [debug] [MainThread]: Using postgres connection "master"
[0m16:39:46.429375 [debug] [MainThread]: On master: /* {"app": "dbt", "dbt_version": "1.12.0b1", "profile_name": "berlin_social_atlas", "target_name": "dev", "connection_name": "master"} */
select distinct
        dependent_namespace.nspname as dependent_schema,
        dependent_class.relname as dependent_name,
        referenced_namespace.nspname as referenced_schema,
        referenced_class.relname as referenced_name

    -- Query for views: views are entries in pg_class with an entry in pg_rewrite, but we avoid
    -- a seq scan on pg_rewrite by leveraging the fact there is an "internal" row in pg_depend for
    -- the view...
    from pg_class as dependent_class
    join pg_namespace as dependent_namespace on dependent_namespace.oid = dependent_class.relnamespace
    join pg_depend as dependent_depend on dependent_depend.refobjid = dependent_class.oid
        and dependent_depend.classid = 'pg_rewrite'::regclass
        and dependent_depend.refclassid = 'pg_class'::regclass
        and dependent_depend.deptype = 'i'

    -- ... and via pg_depend (that has a row per column, hence the need for "distinct" above, and
    -- making sure to exclude the internal row to avoid a view appearing to depend on itself)...
    join pg_depend as joining_depend on joining_depend.objid = dependent_depend.objid
        and joining_depend.classid = 'pg_rewrite'::regclass
        and joining_depend.refclassid = 'pg_class'::regclass
        and joining_depend.refobjid != dependent_depend.refobjid

    -- ... we can find the tables they query from in pg_class, but excluding system tables. Note we
    -- don't need need to exclude _dependent_ system tables, because they only query from other
    -- system tables, and so are automatically excluded by excluding _referenced_ system tables
    join pg_class as referenced_class on referenced_class.oid = joining_depend.refobjid
    join pg_namespace as referenced_namespace on referenced_namespace.oid = referenced_class.relnamespace
        and referenced_namespace.nspname != 'information_schema'
        and referenced_namespace.nspname not like 'pg\_%'

    order by
        dependent_schema, dependent_name, referenced_schema, referenced_name;
[0m16:39:46.429934 [debug] [MainThread]: Opening a new connection, currently in state init
[0m16:39:46.438252 [debug] [MainThread]: SQL status: SELECT 1 in 0.008 seconds
[0m16:39:46.439587 [debug] [MainThread]: Sending event: {'category': 'dbt', 'action': 'runnable_timing', 'label': 'a0250e32-8455-4ac2-acff-c55a423159d4', 'context': [<snowplow_tracker.self_describing_json.SelfDescribingJson object at 0xffff911da690>]}
[0m16:39:46.440161 [debug] [MainThread]: On master: ROLLBACK
[0m16:39:46.440706 [debug] [MainThread]: On master: COMMIT
[0m16:39:46.441120 [debug] [MainThread]: Using postgres connection "master"
[0m16:39:46.441475 [debug] [MainThread]: On master: COMMIT
[0m16:39:46.442059 [debug] [MainThread]: SQL status: COMMIT in 0.000 seconds
[0m16:39:46.442441 [debug] [MainThread]: On master: Close
[0m16:39:46.446145 [debug] [Thread-1 (]: Began running node model.berlin_social_atlas.stg_berlin_mss
[0m16:39:46.446830 [info ] [Thread-1 (]: 1 of 2 START sql view model staging.stg_berlin_mss ............................. [RUN]
[0m16:39:46.447603 [debug] [Thread-1 (]: Re-using an available connection from the pool (formerly list_airflow_staging, now model.berlin_social_atlas.stg_berlin_mss)
[0m16:39:46.448093 [debug] [Thread-1 (]: Began compiling node model.berlin_social_atlas.stg_berlin_mss
[0m16:39:46.453696 [debug] [Thread-1 (]: Writing injected SQL for node "model.berlin_social_atlas.stg_berlin_mss"
[0m16:39:46.454974 [debug] [Thread-1 (]: Began executing node model.berlin_social_atlas.stg_berlin_mss
[0m16:39:46.483876 [debug] [Thread-1 (]: Writing runtime sql for node "model.berlin_social_atlas.stg_berlin_mss"
[0m16:39:46.485187 [debug] [Thread-1 (]: Using postgres connection "model.berlin_social_atlas.stg_berlin_mss"
[0m16:39:46.485712 [debug] [Thread-1 (]: On model.berlin_social_atlas.stg_berlin_mss: /* {"app": "dbt", "dbt_version": "1.12.0b1", "profile_name": "berlin_social_atlas", "target_name": "dev", "node_id": "model.berlin_social_atlas.stg_berlin_mss"} */

  create view "airflow"."staging"."stg_berlin_mss__dbt_tmp"
    
    
  as (
    -- models/staging/stg_berlin_mss.sql
-- Bereinigt und typisiert die raw-Daten

with source as (
    select * from raw.berlin_mss
),

cleaned as (
    select
        lor_key                                     as lor_key,
        lor_name                                    as lor_name,
        bezirk                                      as district,
        year,

        -- Raten als Dezimal normalisieren (falls > 1 = Prozentwert)
        case
            when unemployment_rate > 1
            then unemployment_rate / 100.0
            else unemployment_rate
        end                                         as unemployment_rate,

        case
            when child_poverty_rate > 1
            then child_poverty_rate / 100.0
            else child_poverty_rate
        end                                         as child_poverty_rate,

        case
            when transfer_rate > 1
            then transfer_rate / 100.0
            else transfer_rate
        end                                         as transfer_rate,

        case
            when youth_unemployment > 1
            then youth_unemployment / 100.0
            else youth_unemployment
        end                                         as youth_unemployment_rate,

        geometry,
        ingested_at,
        source_url

    from source
    where lor_key is not null
)

select * from cleaned
  );
[0m16:39:46.486269 [debug] [Thread-1 (]: Opening a new connection, currently in state closed
[0m16:39:46.495017 [debug] [Thread-1 (]: SQL status: CREATE VIEW in 0.009 seconds
[0m16:39:46.501077 [debug] [Thread-1 (]: Using postgres connection "model.berlin_social_atlas.stg_berlin_mss"
[0m16:39:46.501605 [debug] [Thread-1 (]: On model.berlin_social_atlas.stg_berlin_mss: /* {"app": "dbt", "dbt_version": "1.12.0b1", "profile_name": "berlin_social_atlas", "target_name": "dev", "node_id": "model.berlin_social_atlas.stg_berlin_mss"} */
alter table "airflow"."staging"."stg_berlin_mss" rename to "stg_berlin_mss__dbt_backup"
[0m16:39:46.502488 [debug] [Thread-1 (]: SQL status: ALTER TABLE in 0.000 seconds
[0m16:39:46.505169 [debug] [Thread-1 (]: Using postgres connection "model.berlin_social_atlas.stg_berlin_mss"
[0m16:39:46.505563 [debug] [Thread-1 (]: On model.berlin_social_atlas.stg_berlin_mss: /* {"app": "dbt", "dbt_version": "1.12.0b1", "profile_name": "berlin_social_atlas", "target_name": "dev", "node_id": "model.berlin_social_atlas.stg_berlin_mss"} */
alter table "airflow"."staging"."stg_berlin_mss__dbt_tmp" rename to "stg_berlin_mss"
[0m16:39:46.506301 [debug] [Thread-1 (]: SQL status: ALTER TABLE in 0.000 seconds
[0m16:39:46.522837 [debug] [Thread-1 (]: On model.berlin_social_atlas.stg_berlin_mss: COMMIT
[0m16:39:46.523378 [debug] [Thread-1 (]: Using postgres connection "model.berlin_social_atlas.stg_berlin_mss"
[0m16:39:46.523834 [debug] [Thread-1 (]: On model.berlin_social_atlas.stg_berlin_mss: COMMIT
[0m16:39:46.524811 [debug] [Thread-1 (]: SQL status: COMMIT in 0.001 seconds
[0m16:39:46.530100 [debug] [Thread-1 (]: Applying DROP to: "airflow"."staging"."stg_berlin_mss__dbt_backup"
[0m16:39:46.534178 [debug] [Thread-1 (]: Using postgres connection "model.berlin_social_atlas.stg_berlin_mss"
[0m16:39:46.534615 [debug] [Thread-1 (]: On model.berlin_social_atlas.stg_berlin_mss: /* {"app": "dbt", "dbt_version": "1.12.0b1", "profile_name": "berlin_social_atlas", "target_name": "dev", "node_id": "model.berlin_social_atlas.stg_berlin_mss"} */
drop view if exists "airflow"."staging"."stg_berlin_mss__dbt_backup" cascade
[0m16:39:46.536549 [debug] [Thread-1 (]: SQL status: DROP VIEW in 0.002 seconds
[0m16:39:46.538631 [debug] [Thread-1 (]: On model.berlin_social_atlas.stg_berlin_mss: Close
[0m16:39:46.540065 [debug] [Thread-1 (]: Sending event: {'category': 'dbt', 'action': 'run_model', 'label': 'a0250e32-8455-4ac2-acff-c55a423159d4', 'context': [<snowplow_tracker.self_describing_json.SelfDescribingJson object at 0xffff8c22f710>]}
[0m16:39:46.540738 [info ] [Thread-1 (]: 1 of 2 OK created sql view model staging.stg_berlin_mss ........................ [[32mCREATE VIEW[0m in 0.09s]
[0m16:39:46.541319 [debug] [Thread-1 (]: Finished running node model.berlin_social_atlas.stg_berlin_mss
[0m16:39:46.542148 [debug] [Thread-2 (]: Began running node model.berlin_social_atlas.mart_district_social_index
[0m16:39:46.542654 [info ] [Thread-2 (]: 2 of 2 START sql table model staging.mart_district_social_index ................ [RUN]
[0m16:39:46.543265 [debug] [Thread-2 (]: Acquiring new postgres connection 'model.berlin_social_atlas.mart_district_social_index'
[0m16:39:46.543724 [debug] [Thread-2 (]: Began compiling node model.berlin_social_atlas.mart_district_social_index
[0m16:39:46.546379 [debug] [Thread-2 (]: Writing injected SQL for node "model.berlin_social_atlas.mart_district_social_index"
[0m16:39:46.547595 [debug] [Thread-2 (]: Began executing node model.berlin_social_atlas.mart_district_social_index
[0m16:39:46.565896 [debug] [Thread-2 (]: Writing runtime sql for node "model.berlin_social_atlas.mart_district_social_index"
[0m16:39:46.566972 [debug] [Thread-2 (]: Using postgres connection "model.berlin_social_atlas.mart_district_social_index"
[0m16:39:46.567507 [debug] [Thread-2 (]: On model.berlin_social_atlas.mart_district_social_index: /* {"app": "dbt", "dbt_version": "1.12.0b1", "profile_name": "berlin_social_atlas", "target_name": "dev", "node_id": "model.berlin_social_atlas.mart_district_social_index"} */

  
    

  create  table "airflow"."staging"."mart_district_social_index__dbt_tmp"
  
  
    as
  
  (
    -- models/marts/mart_district_social_index.sql
-- Aggregiert LOR-Planungsräume auf Bezirksebene
-- → ein Row pro Bezirk mit Durchschnittswerten + sozialem Index

with stg as (
    select * from "airflow"."staging"."stg_berlin_mss"
),

district_agg as (
    select
        district,
        year,
        count(*)                                as lor_count,

        round(avg(unemployment_rate)::numeric, 4)       as avg_unemployment_rate,
        round(avg(child_poverty_rate)::numeric, 4)      as avg_child_poverty_rate,
        round(avg(transfer_rate)::numeric, 4)           as avg_transfer_rate,
        round(avg(youth_unemployment_rate)::numeric, 4) as avg_youth_unemployment_rate,

        -- Einfacher sozialer Belastungsindex: Mittelwert aller 4 Indikatoren
        round(
            (
                avg(unemployment_rate) +
                avg(child_poverty_rate) +
                avg(transfer_rate) +
                avg(youth_unemployment_rate)
            ) / 4.0, 4
        )                                               as social_burden_index

    from stg
    group by district, year
),

ranked as (
    select
        *,
        rank() over (
            partition by year
            order by social_burden_index desc
        )                                       as burden_rank  -- 1 = höchste Belastung
    from district_agg
)

select * from ranked
order by year, burden_rank
  );
  
[0m16:39:46.568006 [debug] [Thread-2 (]: Opening a new connection, currently in state init
[0m16:39:46.578902 [debug] [Thread-2 (]: SQL status: SELECT 0 in 0.011 seconds
[0m16:39:46.584903 [debug] [Thread-2 (]: Using postgres connection "model.berlin_social_atlas.mart_district_social_index"
[0m16:39:46.585386 [debug] [Thread-2 (]: On model.berlin_social_atlas.mart_district_social_index: /* {"app": "dbt", "dbt_version": "1.12.0b1", "profile_name": "berlin_social_atlas", "target_name": "dev", "node_id": "model.berlin_social_atlas.mart_district_social_index"} */
alter table "airflow"."staging"."mart_district_social_index" rename to "mart_district_social_index__dbt_backup"
[0m16:39:46.586179 [debug] [Thread-2 (]: SQL status: ALTER TABLE in 0.000 seconds
[0m16:39:46.588763 [debug] [Thread-2 (]: Using postgres connection "model.berlin_social_atlas.mart_district_social_index"
[0m16:39:46.589205 [debug] [Thread-2 (]: On model.berlin_social_atlas.mart_district_social_index: /* {"app": "dbt", "dbt_version": "1.12.0b1", "profile_name": "berlin_social_atlas", "target_name": "dev", "node_id": "model.berlin_social_atlas.mart_district_social_index"} */
alter table "airflow"."staging"."mart_district_social_index__dbt_tmp" rename to "mart_district_social_index"
[0m16:39:46.589821 [debug] [Thread-2 (]: SQL status: ALTER TABLE in 0.000 seconds
[0m16:39:46.591298 [debug] [Thread-2 (]: On model.berlin_social_atlas.mart_district_social_index: COMMIT
[0m16:39:46.591755 [debug] [Thread-2 (]: Using postgres connection "model.berlin_social_atlas.mart_district_social_index"
[0m16:39:46.592216 [debug] [Thread-2 (]: On model.berlin_social_atlas.mart_district_social_index: COMMIT
[0m16:39:46.593419 [debug] [Thread-2 (]: SQL status: COMMIT in 0.001 seconds
[0m16:39:46.595508 [debug] [Thread-2 (]: Applying DROP to: "airflow"."staging"."mart_district_social_index__dbt_backup"
[0m16:39:46.598092 [debug] [Thread-2 (]: Using postgres connection "model.berlin_social_atlas.mart_district_social_index"
[0m16:39:46.598508 [debug] [Thread-2 (]: On model.berlin_social_atlas.mart_district_social_index: /* {"app": "dbt", "dbt_version": "1.12.0b1", "profile_name": "berlin_social_atlas", "target_name": "dev", "node_id": "model.berlin_social_atlas.mart_district_social_index"} */
drop table if exists "airflow"."staging"."mart_district_social_index__dbt_backup" cascade
[0m16:39:46.600497 [debug] [Thread-2 (]: SQL status: DROP TABLE in 0.002 seconds
[0m16:39:46.601684 [debug] [Thread-2 (]: On model.berlin_social_atlas.mart_district_social_index: Close
[0m16:39:46.602264 [debug] [Thread-2 (]: Sending event: {'category': 'dbt', 'action': 'run_model', 'label': 'a0250e32-8455-4ac2-acff-c55a423159d4', 'context': [<snowplow_tracker.self_describing_json.SelfDescribingJson object at 0xffff8d39afc0>]}
[0m16:39:46.602951 [info ] [Thread-2 (]: 2 of 2 OK created sql table model staging.mart_district_social_index ........... [[32mSELECT 0[0m in 0.06s]
[0m16:39:46.603609 [debug] [Thread-2 (]: Finished running node model.berlin_social_atlas.mart_district_social_index
[0m16:39:46.604838 [debug] [MainThread]: On master: COMMIT
[0m16:39:46.605271 [debug] [MainThread]: Using postgres connection "master"
[0m16:39:46.605705 [debug] [MainThread]: On master: COMMIT
[0m16:39:46.606044 [debug] [MainThread]: Opening a new connection, currently in state closed
[0m16:39:46.611252 [debug] [MainThread]: SQL status: COMMIT in 0.005 seconds
[0m16:39:46.611658 [debug] [MainThread]: On master: Close
[0m16:39:46.612138 [debug] [MainThread]: Connection 'master' was properly closed.
[0m16:39:46.612513 [debug] [MainThread]: Connection 'model.berlin_social_atlas.stg_berlin_mss' was properly closed.
[0m16:39:46.612867 [debug] [MainThread]: Connection 'model.berlin_social_atlas.mart_district_social_index' was properly closed.
[0m16:39:46.613271 [info ] [MainThread]: 
[0m16:39:46.613717 [info ] [MainThread]: Finished running 1 table model, 1 view model in 0 hours 0 minutes and 0.25 seconds (0.25s).
[0m16:39:46.614722 [debug] [MainThread]: Command end result
[0m16:39:46.693985 [debug] [MainThread]: Wrote artifact WritableManifest to /opt/airflow/dbt/target/manifest.json
[0m16:39:46.696279 [debug] [MainThread]: Wrote artifact SemanticManifest to /opt/airflow/dbt/target/semantic_manifest.json
[0m16:39:46.702246 [debug] [MainThread]: Wrote artifact RunExecutionResult to /opt/airflow/dbt/target/run_results.json
[0m16:39:46.702686 [info ] [MainThread]: 
[0m16:39:46.703428 [info ] [MainThread]: [32mCompleted successfully[0m
[0m16:39:46.704019 [info ] [MainThread]: 
[0m16:39:46.704651 [info ] [MainThread]: Done. PASS=2 WARN=0 ERROR=0 SKIP=0 NO-OP=0 TOTAL=2
[0m16:39:46.705962 [debug] [MainThread]: Resource report: {"command_name": "run", "command_success": true, "command_wall_clock_time": 0.950685, "process_in_blocks": "0", "process_kernel_time": 0.163927, "process_mem_max_rss": "124680", "process_out_blocks": "2696", "process_user_time": 2.45891}
[0m16:39:46.706447 [debug] [MainThread]: Command `dbt run` succeeded at 16:39:46.706371 after 0.95 seconds
[0m16:39:46.706888 [debug] [MainThread]: Sending event: {'category': 'dbt', 'action': 'invocation', 'label': 'end', 'context': [<snowplow_tracker.self_describing_json.SelfDescribingJson object at 0xffff9179f710>, <snowplow_tracker.self_describing_json.SelfDescribingJson object at 0xffff8d38a060>, <snowplow_tracker.self_describing_json.SelfDescribingJson object at 0xffff8d3a5f10>]}
[0m16:39:46.707298 [debug] [MainThread]: Flushing usage events
[0m16:39:47.563566 [debug] [MainThread]: An error was encountered while trying to flush usage events
[0m16:39:50.712974 [debug] [MainThread]: Sending event: {'category': 'dbt', 'action': 'invocation', 'label': 'start', 'context': [<snowplow_tracker.self_describing_json.SelfDescribingJson object at 0xffff9e8053a0>, <snowplow_tracker.self_describing_json.SelfDescribingJson object at 0xffffa00c8aa0>, <snowplow_tracker.self_describing_json.SelfDescribingJson object at 0xffff9e8050d0>]}


============================== 16:39:50.719189 | e8a489db-e366-4daf-8e47-475084ee4e20 ==============================
[0m16:39:50.719189 [info ] [MainThread]: Running with dbt=1.12.0-b1
[0m16:39:50.720162 [debug] [MainThread]: running dbt with arguments {'warn_error_options': 'WarnErrorOptionsV2(error=[], warn=[], silence=[])', 'cache_selected_only': 'False', 'introspect': 'True', 'quiet': 'False', 'printer_width': '80', 'warn_error': 'None', 'write_json': 'True', 'no_print': 'None', 'invocation_command': 'dbt test --profiles-dir .', 'use_experimental_parser': 'False', 'indirect_selection': 'eager', 'use_colors': 'True', 'fail_fast': 'False', 'profiles_dir': '.', 'version_check': 'True', 'log_cache_events': 'False', 'log_path': '/opt/airflow/dbt/logs', 'static_parser': 'True', 'partial_parse': 'True', 'log_format': 'default', 'send_anonymous_usage_stats': 'True', 'debug': 'False', 'empty': 'None', 'target_path': 'None'}
[0m16:39:50.867212 [debug] [MainThread]: Sending event: {'category': 'dbt', 'action': 'project_id', 'label': 'e8a489db-e366-4daf-8e47-475084ee4e20', 'context': [<snowplow_tracker.self_describing_json.SelfDescribingJson object at 0xffff9e8059d0>]}
[0m16:39:50.919712 [debug] [MainThread]: Sending event: {'category': 'dbt', 'action': 'adapter_info', 'label': 'e8a489db-e366-4daf-8e47-475084ee4e20', 'context': [<snowplow_tracker.self_describing_json.SelfDescribingJson object at 0xffff9e8059a0>]}
[0m16:39:50.920793 [info ] [MainThread]: Registered adapter: postgres=1.10.0
[0m16:39:50.982000 [debug] [MainThread]: checksum: 6927119f54d004ffd263b094d7bce97ebbdd1c00adedbbdda88e818b9bb3a551, vars: {}, profile: berlin_social_atlas, target: dev, version: 1.12.0b1
[0m16:39:51.105551 [debug] [MainThread]: Partial parsing enabled: 0 files deleted, 0 files added, 0 files changed.
[0m16:39:51.106117 [debug] [MainThread]: Nothing changed, skipping partial parsing.
[0m16:39:51.106574 [debug] [MainThread]: Partial parsing enabled, no changes found, skipping parsing
[0m16:39:51.139977 [debug] [MainThread]: Sending event: {'category': 'dbt', 'action': 'load_project', 'label': 'e8a489db-e366-4daf-8e47-475084ee4e20', 'context': [<snowplow_tracker.self_describing_json.SelfDescribingJson object at 0xffff9cd500b0>]}
[0m16:39:51.225404 [debug] [MainThread]: Wrote artifact WritableManifest to /opt/airflow/dbt/target/manifest.json
[0m16:39:51.228200 [debug] [MainThread]: Wrote artifact SemanticManifest to /opt/airflow/dbt/target/semantic_manifest.json
[0m16:39:51.249995 [debug] [MainThread]: Sending event: {'category': 'dbt', 'action': 'resource_counts', 'label': 'e8a489db-e366-4daf-8e47-475084ee4e20', 'context': [<snowplow_tracker.self_describing_json.SelfDescribingJson object at 0xffff9c943200>]}
[0m16:39:51.250610 [info ] [MainThread]: Found 2 models, 12 data tests, 591 macros
[0m16:39:51.251323 [debug] [MainThread]: Sending event: {'category': 'dbt', 'action': 'runnable_timing', 'label': 'e8a489db-e366-4daf-8e47-475084ee4e20', 'context': [<snowplow_tracker.self_describing_json.SelfDescribingJson object at 0xffff9cd51310>]}
[0m16:39:51.253320 [info ] [MainThread]: 
[0m16:39:51.253914 [info ] [MainThread]: Concurrency: 2 threads (target='dev')
[0m16:39:51.254441 [info ] [MainThread]: 
[0m16:39:51.255044 [debug] [MainThread]: Acquiring new postgres connection 'master'
[0m16:39:51.259082 [debug] [ThreadPool]: Acquiring new postgres connection 'list_airflow_staging'
[0m16:39:51.286752 [debug] [ThreadPool]: Using postgres connection "list_airflow_staging"
[0m16:39:51.287389 [debug] [ThreadPool]: On list_airflow_staging: /* {"app": "dbt", "dbt_version": "1.12.0b1", "profile_name": "berlin_social_atlas", "target_name": "dev", "connection_name": "list_airflow_staging"} */
select
      'airflow' as database,
      tablename as name,
      schemaname as schema,
      'table' as type
    from pg_tables
    where schemaname ilike 'staging'
    union all
    select
      'airflow' as database,
      viewname as name,
      schemaname as schema,
      'view' as type
    from pg_views
    where schemaname ilike 'staging'
    union all
    select
      'airflow' as database,
      matviewname as name,
      schemaname as schema,
      'materialized_view' as type
    from pg_matviews
    where schemaname ilike 'staging'
  
[0m16:39:51.287986 [debug] [ThreadPool]: Opening a new connection, currently in state init
[0m16:39:51.296263 [debug] [ThreadPool]: SQL status: SELECT 2 in 0.008 seconds
[0m16:39:51.297687 [debug] [ThreadPool]: On list_airflow_staging: ROLLBACK
[0m16:39:51.298253 [debug] [ThreadPool]: On list_airflow_staging: Close
[0m16:39:51.302575 [debug] [MainThread]: Using postgres connection "master"
[0m16:39:51.303165 [debug] [MainThread]: On master: /* {"app": "dbt", "dbt_version": "1.12.0b1", "profile_name": "berlin_social_atlas", "target_name": "dev", "connection_name": "master"} */
select distinct
        dependent_namespace.nspname as dependent_schema,
        dependent_class.relname as dependent_name,
        referenced_namespace.nspname as referenced_schema,
        referenced_class.relname as referenced_name

    -- Query for views: views are entries in pg_class with an entry in pg_rewrite, but we avoid
    -- a seq scan on pg_rewrite by leveraging the fact there is an "internal" row in pg_depend for
    -- the view...
    from pg_class as dependent_class
    join pg_namespace as dependent_namespace on dependent_namespace.oid = dependent_class.relnamespace
    join pg_depend as dependent_depend on dependent_depend.refobjid = dependent_class.oid
        and dependent_depend.classid = 'pg_rewrite'::regclass
        and dependent_depend.refclassid = 'pg_class'::regclass
        and dependent_depend.deptype = 'i'

    -- ... and via pg_depend (that has a row per column, hence the need for "distinct" above, and
    -- making sure to exclude the internal row to avoid a view appearing to depend on itself)...
    join pg_depend as joining_depend on joining_depend.objid = dependent_depend.objid
        and joining_depend.classid = 'pg_rewrite'::regclass
        and joining_depend.refclassid = 'pg_class'::regclass
        and joining_depend.refobjid != dependent_depend.refobjid

    -- ... we can find the tables they query from in pg_class, but excluding system tables. Note we
    -- don't need need to exclude _dependent_ system tables, because they only query from other
    -- system tables, and so are automatically excluded by excluding _referenced_ system tables
    join pg_class as referenced_class on referenced_class.oid = joining_depend.refobjid
    join pg_namespace as referenced_namespace on referenced_namespace.oid = referenced_class.relnamespace
        and referenced_namespace.nspname != 'information_schema'
        and referenced_namespace.nspname not like 'pg\_%'

    order by
        dependent_schema, dependent_name, referenced_schema, referenced_name;
[0m16:39:51.303668 [debug] [MainThread]: Opening a new connection, currently in state init
[0m16:39:51.311924 [debug] [MainThread]: SQL status: SELECT 1 in 0.008 seconds
[0m16:39:51.313252 [debug] [MainThread]: Sending event: {'category': 'dbt', 'action': 'runnable_timing', 'label': 'e8a489db-e366-4daf-8e47-475084ee4e20', 'context': [<snowplow_tracker.self_describing_json.SelfDescribingJson object at 0xffff9c943830>]}
[0m16:39:51.313862 [debug] [MainThread]: On master: ROLLBACK
[0m16:39:51.314428 [debug] [MainThread]: On master: COMMIT
[0m16:39:51.314891 [debug] [MainThread]: Using postgres connection "master"
[0m16:39:51.315312 [debug] [MainThread]: On master: COMMIT
[0m16:39:51.315941 [debug] [MainThread]: SQL status: COMMIT in 0.000 seconds
[0m16:39:51.316365 [debug] [MainThread]: On master: Close
[0m16:39:51.320005 [debug] [Thread-1 (]: Began running node test.berlin_social_atlas.dbt_utils_accepted_range_mart_district_social_index_social_burden_index__1__0.bf57a762da
[0m16:39:51.320530 [debug] [Thread-2 (]: Began running node test.berlin_social_atlas.dbt_utils_accepted_range_stg_berlin_mss_child_poverty_rate__1__0.7d93ad6634
[0m16:39:51.321126 [info ] [Thread-1 (]: 1 of 12 START test dbt_utils_accepted_range_mart_district_social_index_social_burden_index__1__0  [RUN]
[0m16:39:51.321902 [info ] [Thread-2 (]: 2 of 12 START test dbt_utils_accepted_range_stg_berlin_mss_child_poverty_rate__1__0  [RUN]
[0m16:39:51.322588 [debug] [Thread-1 (]: Re-using an available connection from the pool (formerly list_airflow_staging, now test.berlin_social_atlas.dbt_utils_accepted_range_mart_district_social_index_social_burden_index__1__0.bf57a762da)
[0m16:39:51.323184 [debug] [Thread-2 (]: Acquiring new postgres connection 'test.berlin_social_atlas.dbt_utils_accepted_range_stg_berlin_mss_child_poverty_rate__1__0.7d93ad6634'
[0m16:39:51.323698 [debug] [Thread-1 (]: Began compiling node test.berlin_social_atlas.dbt_utils_accepted_range_mart_district_social_index_social_burden_index__1__0.bf57a762da
[0m16:39:51.324185 [debug] [Thread-2 (]: Began compiling node test.berlin_social_atlas.dbt_utils_accepted_range_stg_berlin_mss_child_poverty_rate__1__0.7d93ad6634
[0m16:39:51.337646 [debug] [Thread-1 (]: Writing injected SQL for node "test.berlin_social_atlas.dbt_utils_accepted_range_mart_district_social_index_social_burden_index__1__0.bf57a762da"
[0m16:39:51.341400 [debug] [Thread-2 (]: Writing injected SQL for node "test.berlin_social_atlas.dbt_utils_accepted_range_stg_berlin_mss_child_poverty_rate__1__0.7d93ad6634"
[0m16:39:51.343672 [debug] [Thread-1 (]: Began executing node test.berlin_social_atlas.dbt_utils_accepted_range_mart_district_social_index_social_burden_index__1__0.bf57a762da
[0m16:39:51.344043 [debug] [Thread-2 (]: Began executing node test.berlin_social_atlas.dbt_utils_accepted_range_stg_berlin_mss_child_poverty_rate__1__0.7d93ad6634
[0m16:39:51.362070 [debug] [Thread-1 (]: Writing runtime sql for node "test.berlin_social_atlas.dbt_utils_accepted_range_mart_district_social_index_social_burden_index__1__0.bf57a762da"
[0m16:39:51.364194 [debug] [Thread-2 (]: Writing runtime sql for node "test.berlin_social_atlas.dbt_utils_accepted_range_stg_berlin_mss_child_poverty_rate__1__0.7d93ad6634"
[0m16:39:51.365696 [debug] [Thread-1 (]: Using postgres connection "test.berlin_social_atlas.dbt_utils_accepted_range_mart_district_social_index_social_burden_index__1__0.bf57a762da"
[0m16:39:51.366082 [debug] [Thread-2 (]: Using postgres connection "test.berlin_social_atlas.dbt_utils_accepted_range_stg_berlin_mss_child_poverty_rate__1__0.7d93ad6634"
[0m16:39:51.366596 [debug] [Thread-1 (]: On test.berlin_social_atlas.dbt_utils_accepted_range_mart_district_social_index_social_burden_index__1__0.bf57a762da: /* {"app": "dbt", "dbt_version": "1.12.0b1", "profile_name": "berlin_social_atlas", "target_name": "dev", "node_id": "test.berlin_social_atlas.dbt_utils_accepted_range_mart_district_social_index_social_burden_index__1__0.bf57a762da"} */

    
    select
      count(*) as failures,
      count(*) != 0 as should_warn,
      count(*) != 0 as should_error
    from (
      
    
  

with meet_condition as(
  select *
  from "airflow"."staging"."mart_district_social_index"
),

validation_errors as (
  select *
  from meet_condition
  where
    -- never true, defaults to an empty result set. Exists to ensure any combo of the `or` clauses below succeeds
    1 = 2
    -- records with a value >= min_value are permitted. The `not` flips this to find records that don't meet the rule.
    or not social_burden_index >= 0
    -- records with a value <= max_value are permitted. The `not` flips this to find records that don't meet the rule.
    or not social_burden_index <= 1
)

select *
from validation_errors


  
  
      
    ) dbt_internal_test
[0m16:39:51.367178 [debug] [Thread-2 (]: On test.berlin_social_atlas.dbt_utils_accepted_range_stg_berlin_mss_child_poverty_rate__1__0.7d93ad6634: /* {"app": "dbt", "dbt_version": "1.12.0b1", "profile_name": "berlin_social_atlas", "target_name": "dev", "node_id": "test.berlin_social_atlas.dbt_utils_accepted_range_stg_berlin_mss_child_poverty_rate__1__0.7d93ad6634"} */

    
    select
      count(*) as failures,
      count(*) != 0 as should_warn,
      count(*) != 0 as should_error
    from (
      
    
  

with meet_condition as(
  select *
  from "airflow"."staging"."stg_berlin_mss"
),

validation_errors as (
  select *
  from meet_condition
  where
    -- never true, defaults to an empty result set. Exists to ensure any combo of the `or` clauses below succeeds
    1 = 2
    -- records with a value >= min_value are permitted. The `not` flips this to find records that don't meet the rule.
    or not child_poverty_rate >= 0
    -- records with a value <= max_value are permitted. The `not` flips this to find records that don't meet the rule.
    or not child_poverty_rate <= 1
)

select *
from validation_errors


  
  
      
    ) dbt_internal_test
[0m16:39:51.367726 [debug] [Thread-1 (]: Opening a new connection, currently in state closed
[0m16:39:51.368308 [debug] [Thread-2 (]: Opening a new connection, currently in state init
[0m16:39:51.375341 [debug] [Thread-1 (]: SQL status: SELECT 1 in 0.008 seconds
[0m16:39:51.379316 [debug] [Thread-1 (]: On test.berlin_social_atlas.dbt_utils_accepted_range_mart_district_social_index_social_burden_index__1__0.bf57a762da: ROLLBACK
[0m16:39:51.379708 [debug] [Thread-2 (]: SQL status: SELECT 1 in 0.011 seconds
[0m16:39:51.380296 [debug] [Thread-1 (]: On test.berlin_social_atlas.dbt_utils_accepted_range_mart_district_social_index_social_burden_index__1__0.bf57a762da: Close
[0m16:39:51.381538 [debug] [Thread-2 (]: On test.berlin_social_atlas.dbt_utils_accepted_range_stg_berlin_mss_child_poverty_rate__1__0.7d93ad6634: ROLLBACK
[0m16:39:51.382259 [info ] [Thread-1 (]: 1 of 12 PASS dbt_utils_accepted_range_mart_district_social_index_social_burden_index__1__0  [[32mPASS[0m in 0.06s]
[0m16:39:51.383048 [debug] [Thread-2 (]: On test.berlin_social_atlas.dbt_utils_accepted_range_stg_berlin_mss_child_poverty_rate__1__0.7d93ad6634: Close
[0m16:39:51.383575 [debug] [Thread-1 (]: Finished running node test.berlin_social_atlas.dbt_utils_accepted_range_mart_district_social_index_social_burden_index__1__0.bf57a762da
[0m16:39:51.384252 [info ] [Thread-2 (]: 2 of 12 PASS dbt_utils_accepted_range_stg_berlin_mss_child_poverty_rate__1__0 .. [[32mPASS[0m in 0.06s]
[0m16:39:51.384839 [debug] [Thread-1 (]: Began running node test.berlin_social_atlas.dbt_utils_accepted_range_stg_berlin_mss_unemployment_rate__1__0.026f926695
[0m16:39:51.385519 [debug] [Thread-2 (]: Finished running node test.berlin_social_atlas.dbt_utils_accepted_range_stg_berlin_mss_child_poverty_rate__1__0.7d93ad6634
[0m16:39:51.386018 [info ] [Thread-1 (]: 3 of 12 START test dbt_utils_accepted_range_stg_berlin_mss_unemployment_rate__1__0  [RUN]
[0m16:39:51.386656 [debug] [Thread-2 (]: Began running node test.berlin_social_atlas.not_null_mart_district_social_index_burden_rank.560800dccd
[0m16:39:51.387222 [debug] [Thread-1 (]: Re-using an available connection from the pool (formerly test.berlin_social_atlas.dbt_utils_accepted_range_mart_district_social_index_social_burden_index__1__0.bf57a762da, now test.berlin_social_atlas.dbt_utils_accepted_range_stg_berlin_mss_unemployment_rate__1__0.026f926695)
[0m16:39:51.387739 [info ] [Thread-2 (]: 4 of 12 START test not_null_mart_district_social_index_burden_rank ............. [RUN]
[0m16:39:51.388288 [debug] [Thread-1 (]: Began compiling node test.berlin_social_atlas.dbt_utils_accepted_range_stg_berlin_mss_unemployment_rate__1__0.026f926695
[0m16:39:51.388801 [debug] [Thread-2 (]: Re-using an available connection from the pool (formerly test.berlin_social_atlas.dbt_utils_accepted_range_stg_berlin_mss_child_poverty_rate__1__0.7d93ad6634, now test.berlin_social_atlas.not_null_mart_district_social_index_burden_rank.560800dccd)
[0m16:39:51.392573 [debug] [Thread-1 (]: Writing injected SQL for node "test.berlin_social_atlas.dbt_utils_accepted_range_stg_berlin_mss_unemployment_rate__1__0.026f926695"
[0m16:39:51.393075 [debug] [Thread-2 (]: Began compiling node test.berlin_social_atlas.not_null_mart_district_social_index_burden_rank.560800dccd
[0m16:39:51.399207 [debug] [Thread-2 (]: Writing injected SQL for node "test.berlin_social_atlas.not_null_mart_district_social_index_burden_rank.560800dccd"
[0m16:39:51.400072 [debug] [Thread-1 (]: Began executing node test.berlin_social_atlas.dbt_utils_accepted_range_stg_berlin_mss_unemployment_rate__1__0.026f926695
[0m16:39:51.400520 [debug] [Thread-2 (]: Began executing node test.berlin_social_atlas.not_null_mart_district_social_index_burden_rank.560800dccd
[0m16:39:51.402539 [debug] [Thread-1 (]: Writing runtime sql for node "test.berlin_social_atlas.dbt_utils_accepted_range_stg_berlin_mss_unemployment_rate__1__0.026f926695"
[0m16:39:51.404739 [debug] [Thread-2 (]: Writing runtime sql for node "test.berlin_social_atlas.not_null_mart_district_social_index_burden_rank.560800dccd"
[0m16:39:51.406230 [debug] [Thread-1 (]: Using postgres connection "test.berlin_social_atlas.dbt_utils_accepted_range_stg_berlin_mss_unemployment_rate__1__0.026f926695"
[0m16:39:51.406708 [debug] [Thread-2 (]: Using postgres connection "test.berlin_social_atlas.not_null_mart_district_social_index_burden_rank.560800dccd"
[0m16:39:51.407094 [debug] [Thread-1 (]: On test.berlin_social_atlas.dbt_utils_accepted_range_stg_berlin_mss_unemployment_rate__1__0.026f926695: /* {"app": "dbt", "dbt_version": "1.12.0b1", "profile_name": "berlin_social_atlas", "target_name": "dev", "node_id": "test.berlin_social_atlas.dbt_utils_accepted_range_stg_berlin_mss_unemployment_rate__1__0.026f926695"} */

    
    select
      count(*) as failures,
      count(*) != 0 as should_warn,
      count(*) != 0 as should_error
    from (
      
    
  

with meet_condition as(
  select *
  from "airflow"."staging"."stg_berlin_mss"
),

validation_errors as (
  select *
  from meet_condition
  where
    -- never true, defaults to an empty result set. Exists to ensure any combo of the `or` clauses below succeeds
    1 = 2
    -- records with a value >= min_value are permitted. The `not` flips this to find records that don't meet the rule.
    or not unemployment_rate >= 0
    -- records with a value <= max_value are permitted. The `not` flips this to find records that don't meet the rule.
    or not unemployment_rate <= 1
)

select *
from validation_errors


  
  
      
    ) dbt_internal_test
[0m16:39:51.407729 [debug] [Thread-2 (]: On test.berlin_social_atlas.not_null_mart_district_social_index_burden_rank.560800dccd: /* {"app": "dbt", "dbt_version": "1.12.0b1", "profile_name": "berlin_social_atlas", "target_name": "dev", "node_id": "test.berlin_social_atlas.not_null_mart_district_social_index_burden_rank.560800dccd"} */

    
    select
      count(*) as failures,
      count(*) != 0 as should_warn,
      count(*) != 0 as should_error
    from (
      
    
  
    
    



select burden_rank
from "airflow"."staging"."mart_district_social_index"
where burden_rank is null



  
  
      
    ) dbt_internal_test
[0m16:39:51.408239 [debug] [Thread-1 (]: Opening a new connection, currently in state closed
[0m16:39:51.408690 [debug] [Thread-2 (]: Opening a new connection, currently in state closed
[0m16:39:51.414705 [debug] [Thread-2 (]: SQL status: SELECT 1 in 0.006 seconds
[0m16:39:51.416183 [debug] [Thread-2 (]: On test.berlin_social_atlas.not_null_mart_district_social_index_burden_rank.560800dccd: ROLLBACK
[0m16:39:51.416557 [debug] [Thread-1 (]: SQL status: SELECT 1 in 0.008 seconds
[0m16:39:51.417117 [debug] [Thread-2 (]: On test.berlin_social_atlas.not_null_mart_district_social_index_burden_rank.560800dccd: Close
[0m16:39:51.418251 [debug] [Thread-1 (]: On test.berlin_social_atlas.dbt_utils_accepted_range_stg_berlin_mss_unemployment_rate__1__0.026f926695: ROLLBACK
[0m16:39:51.419046 [info ] [Thread-2 (]: 4 of 12 PASS not_null_mart_district_social_index_burden_rank ................... [[32mPASS[0m in 0.03s]
[0m16:39:51.419842 [debug] [Thread-1 (]: On test.berlin_social_atlas.dbt_utils_accepted_range_stg_berlin_mss_unemployment_rate__1__0.026f926695: Close
[0m16:39:51.420322 [debug] [Thread-2 (]: Finished running node test.berlin_social_atlas.not_null_mart_district_social_index_burden_rank.560800dccd
[0m16:39:51.421144 [info ] [Thread-1 (]: 3 of 12 PASS dbt_utils_accepted_range_stg_berlin_mss_unemployment_rate__1__0 ... [[32mPASS[0m in 0.03s]
[0m16:39:51.421694 [debug] [Thread-2 (]: Began running node test.berlin_social_atlas.not_null_mart_district_social_index_district.78c0952b54
[0m16:39:51.422343 [debug] [Thread-1 (]: Finished running node test.berlin_social_atlas.dbt_utils_accepted_range_stg_berlin_mss_unemployment_rate__1__0.026f926695
[0m16:39:51.422867 [info ] [Thread-2 (]: 5 of 12 START test not_null_mart_district_social_index_district ................ [RUN]
[0m16:39:51.423529 [debug] [Thread-1 (]: Began running node test.berlin_social_atlas.not_null_mart_district_social_index_social_burden_index.af1b7a1dba
[0m16:39:51.424059 [debug] [Thread-2 (]: Re-using an available connection from the pool (formerly test.berlin_social_atlas.not_null_mart_district_social_index_burden_rank.560800dccd, now test.berlin_social_atlas.not_null_mart_district_social_index_district.78c0952b54)
[0m16:39:51.424564 [info ] [Thread-1 (]: 6 of 12 START test not_null_mart_district_social_index_social_burden_index ..... [RUN]
[0m16:39:51.425105 [debug] [Thread-2 (]: Began compiling node test.berlin_social_atlas.not_null_mart_district_social_index_district.78c0952b54
[0m16:39:51.425620 [debug] [Thread-1 (]: Re-using an available connection from the pool (formerly test.berlin_social_atlas.dbt_utils_accepted_range_stg_berlin_mss_unemployment_rate__1__0.026f926695, now test.berlin_social_atlas.not_null_mart_district_social_index_social_burden_index.af1b7a1dba)
[0m16:39:51.429551 [debug] [Thread-2 (]: Writing injected SQL for node "test.berlin_social_atlas.not_null_mart_district_social_index_district.78c0952b54"
[0m16:39:51.430067 [debug] [Thread-1 (]: Began compiling node test.berlin_social_atlas.not_null_mart_district_social_index_social_burden_index.af1b7a1dba
[0m16:39:51.433968 [debug] [Thread-1 (]: Writing injected SQL for node "test.berlin_social_atlas.not_null_mart_district_social_index_social_burden_index.af1b7a1dba"
[0m16:39:51.434726 [debug] [Thread-2 (]: Began executing node test.berlin_social_atlas.not_null_mart_district_social_index_district.78c0952b54
[0m16:39:51.436920 [debug] [Thread-2 (]: Writing runtime sql for node "test.berlin_social_atlas.not_null_mart_district_social_index_district.78c0952b54"
[0m16:39:51.437362 [debug] [Thread-1 (]: Began executing node test.berlin_social_atlas.not_null_mart_district_social_index_social_burden_index.af1b7a1dba
[0m16:39:51.440949 [debug] [Thread-1 (]: Writing runtime sql for node "test.berlin_social_atlas.not_null_mart_district_social_index_social_burden_index.af1b7a1dba"
[0m16:39:51.441612 [debug] [Thread-2 (]: Using postgres connection "test.berlin_social_atlas.not_null_mart_district_social_index_district.78c0952b54"
[0m16:39:51.442078 [debug] [Thread-2 (]: On test.berlin_social_atlas.not_null_mart_district_social_index_district.78c0952b54: /* {"app": "dbt", "dbt_version": "1.12.0b1", "profile_name": "berlin_social_atlas", "target_name": "dev", "node_id": "test.berlin_social_atlas.not_null_mart_district_social_index_district.78c0952b54"} */

    
    select
      count(*) as failures,
      count(*) != 0 as should_warn,
      count(*) != 0 as should_error
    from (
      
    
  
    
    



select district
from "airflow"."staging"."mart_district_social_index"
where district is null



  
  
      
    ) dbt_internal_test
[0m16:39:51.442588 [debug] [Thread-1 (]: Using postgres connection "test.berlin_social_atlas.not_null_mart_district_social_index_social_burden_index.af1b7a1dba"
[0m16:39:51.442932 [debug] [Thread-2 (]: Opening a new connection, currently in state closed
[0m16:39:51.443528 [debug] [Thread-1 (]: On test.berlin_social_atlas.not_null_mart_district_social_index_social_burden_index.af1b7a1dba: /* {"app": "dbt", "dbt_version": "1.12.0b1", "profile_name": "berlin_social_atlas", "target_name": "dev", "node_id": "test.berlin_social_atlas.not_null_mart_district_social_index_social_burden_index.af1b7a1dba"} */

    
    select
      count(*) as failures,
      count(*) != 0 as should_warn,
      count(*) != 0 as should_error
    from (
      
    
  
    
    



select social_burden_index
from "airflow"."staging"."mart_district_social_index"
where social_burden_index is null



  
  
      
    ) dbt_internal_test
[0m16:39:51.444396 [debug] [Thread-1 (]: Opening a new connection, currently in state closed
[0m16:39:51.449600 [debug] [Thread-2 (]: SQL status: SELECT 1 in 0.007 seconds
[0m16:39:51.449967 [debug] [Thread-1 (]: SQL status: SELECT 1 in 0.006 seconds
[0m16:39:51.451389 [debug] [Thread-2 (]: On test.berlin_social_atlas.not_null_mart_district_social_index_district.78c0952b54: ROLLBACK
[0m16:39:51.452760 [debug] [Thread-1 (]: On test.berlin_social_atlas.not_null_mart_district_social_index_social_burden_index.af1b7a1dba: ROLLBACK
[0m16:39:51.453367 [debug] [Thread-2 (]: On test.berlin_social_atlas.not_null_mart_district_social_index_district.78c0952b54: Close
[0m16:39:51.453828 [debug] [Thread-1 (]: On test.berlin_social_atlas.not_null_mart_district_social_index_social_burden_index.af1b7a1dba: Close
[0m16:39:51.454381 [info ] [Thread-2 (]: 5 of 12 PASS not_null_mart_district_social_index_district ...................... [[32mPASS[0m in 0.03s]
[0m16:39:51.455262 [info ] [Thread-1 (]: 6 of 12 PASS not_null_mart_district_social_index_social_burden_index ........... [[32mPASS[0m in 0.03s]
[0m16:39:51.456282 [debug] [Thread-2 (]: Finished running node test.berlin_social_atlas.not_null_mart_district_social_index_district.78c0952b54
[0m16:39:51.456900 [debug] [Thread-1 (]: Finished running node test.berlin_social_atlas.not_null_mart_district_social_index_social_burden_index.af1b7a1dba
[0m16:39:51.457437 [debug] [Thread-2 (]: Began running node test.berlin_social_atlas.not_null_stg_berlin_mss_child_poverty_rate.c9ed3fcc7e
[0m16:39:51.457969 [debug] [Thread-1 (]: Began running node test.berlin_social_atlas.not_null_stg_berlin_mss_district.529d7706bd
[0m16:39:51.458492 [info ] [Thread-2 (]: 7 of 12 START test not_null_stg_berlin_mss_child_poverty_rate .................. [RUN]
[0m16:39:51.459128 [info ] [Thread-1 (]: 8 of 12 START test not_null_stg_berlin_mss_district ............................ [RUN]
[0m16:39:51.459736 [debug] [Thread-2 (]: Re-using an available connection from the pool (formerly test.berlin_social_atlas.not_null_mart_district_social_index_district.78c0952b54, now test.berlin_social_atlas.not_null_stg_berlin_mss_child_poverty_rate.c9ed3fcc7e)
[0m16:39:51.460255 [debug] [Thread-1 (]: Re-using an available connection from the pool (formerly test.berlin_social_atlas.not_null_mart_district_social_index_social_burden_index.af1b7a1dba, now test.berlin_social_atlas.not_null_stg_berlin_mss_district.529d7706bd)
[0m16:39:51.460763 [debug] [Thread-2 (]: Began compiling node test.berlin_social_atlas.not_null_stg_berlin_mss_child_poverty_rate.c9ed3fcc7e
[0m16:39:51.461229 [debug] [Thread-1 (]: Began compiling node test.berlin_social_atlas.not_null_stg_berlin_mss_district.529d7706bd
[0m16:39:51.465084 [debug] [Thread-2 (]: Writing injected SQL for node "test.berlin_social_atlas.not_null_stg_berlin_mss_child_poverty_rate.c9ed3fcc7e"
[0m16:39:51.468501 [debug] [Thread-1 (]: Writing injected SQL for node "test.berlin_social_atlas.not_null_stg_berlin_mss_district.529d7706bd"
[0m16:39:51.469919 [debug] [Thread-2 (]: Began executing node test.berlin_social_atlas.not_null_stg_berlin_mss_child_poverty_rate.c9ed3fcc7e
[0m16:39:51.470336 [debug] [Thread-1 (]: Began executing node test.berlin_social_atlas.not_null_stg_berlin_mss_district.529d7706bd
[0m16:39:51.472356 [debug] [Thread-2 (]: Writing runtime sql for node "test.berlin_social_atlas.not_null_stg_berlin_mss_child_poverty_rate.c9ed3fcc7e"
[0m16:39:51.474600 [debug] [Thread-1 (]: Writing runtime sql for node "test.berlin_social_atlas.not_null_stg_berlin_mss_district.529d7706bd"
[0m16:39:51.475758 [debug] [Thread-2 (]: Using postgres connection "test.berlin_social_atlas.not_null_stg_berlin_mss_child_poverty_rate.c9ed3fcc7e"
[0m16:39:51.476254 [debug] [Thread-2 (]: On test.berlin_social_atlas.not_null_stg_berlin_mss_child_poverty_rate.c9ed3fcc7e: /* {"app": "dbt", "dbt_version": "1.12.0b1", "profile_name": "berlin_social_atlas", "target_name": "dev", "node_id": "test.berlin_social_atlas.not_null_stg_berlin_mss_child_poverty_rate.c9ed3fcc7e"} */

    
    select
      count(*) as failures,
      count(*) != 0 as should_warn,
      count(*) != 0 as should_error
    from (
      
    
  
    
    



select child_poverty_rate
from "airflow"."staging"."stg_berlin_mss"
where child_poverty_rate is null



  
  
      
    ) dbt_internal_test
[0m16:39:51.476719 [debug] [Thread-1 (]: Using postgres connection "test.berlin_social_atlas.not_null_stg_berlin_mss_district.529d7706bd"
[0m16:39:51.477036 [debug] [Thread-2 (]: Opening a new connection, currently in state closed
[0m16:39:51.477544 [debug] [Thread-1 (]: On test.berlin_social_atlas.not_null_stg_berlin_mss_district.529d7706bd: /* {"app": "dbt", "dbt_version": "1.12.0b1", "profile_name": "berlin_social_atlas", "target_name": "dev", "node_id": "test.berlin_social_atlas.not_null_stg_berlin_mss_district.529d7706bd"} */

    
    select
      count(*) as failures,
      count(*) != 0 as should_warn,
      count(*) != 0 as should_error
    from (
      
    
  
    
    



select district
from "airflow"."staging"."stg_berlin_mss"
where district is null



  
  
      
    ) dbt_internal_test
[0m16:39:51.478248 [debug] [Thread-1 (]: Opening a new connection, currently in state closed
[0m16:39:51.484473 [debug] [Thread-2 (]: SQL status: SELECT 1 in 0.007 seconds
[0m16:39:51.484861 [debug] [Thread-1 (]: SQL status: SELECT 1 in 0.007 seconds
[0m16:39:51.486279 [debug] [Thread-2 (]: On test.berlin_social_atlas.not_null_stg_berlin_mss_child_poverty_rate.c9ed3fcc7e: ROLLBACK
[0m16:39:51.487628 [debug] [Thread-1 (]: On test.berlin_social_atlas.not_null_stg_berlin_mss_district.529d7706bd: ROLLBACK
[0m16:39:51.488236 [debug] [Thread-2 (]: On test.berlin_social_atlas.not_null_stg_berlin_mss_child_poverty_rate.c9ed3fcc7e: Close
[0m16:39:51.488691 [debug] [Thread-1 (]: On test.berlin_social_atlas.not_null_stg_berlin_mss_district.529d7706bd: Close
[0m16:39:51.489245 [info ] [Thread-2 (]: 7 of 12 PASS not_null_stg_berlin_mss_child_poverty_rate ........................ [[32mPASS[0m in 0.03s]
[0m16:39:51.490034 [info ] [Thread-1 (]: 8 of 12 PASS not_null_stg_berlin_mss_district .................................. [[32mPASS[0m in 0.03s]
[0m16:39:51.490736 [debug] [Thread-2 (]: Finished running node test.berlin_social_atlas.not_null_stg_berlin_mss_child_poverty_rate.c9ed3fcc7e
[0m16:39:51.491282 [debug] [Thread-1 (]: Finished running node test.berlin_social_atlas.not_null_stg_berlin_mss_district.529d7706bd
[0m16:39:51.491814 [debug] [Thread-2 (]: Began running node test.berlin_social_atlas.not_null_stg_berlin_mss_lor_key.4a67e7a5ec
[0m16:39:51.492349 [debug] [Thread-1 (]: Began running node test.berlin_social_atlas.not_null_stg_berlin_mss_unemployment_rate.ba478eb887
[0m16:39:51.492865 [info ] [Thread-2 (]: 9 of 12 START test not_null_stg_berlin_mss_lor_key ............................. [RUN]
[0m16:39:51.493473 [info ] [Thread-1 (]: 10 of 12 START test not_null_stg_berlin_mss_unemployment_rate .................. [RUN]
[0m16:39:51.494107 [debug] [Thread-2 (]: Re-using an available connection from the pool (formerly test.berlin_social_atlas.not_null_stg_berlin_mss_child_poverty_rate.c9ed3fcc7e, now test.berlin_social_atlas.not_null_stg_berlin_mss_lor_key.4a67e7a5ec)
[0m16:39:51.494634 [debug] [Thread-1 (]: Re-using an available connection from the pool (formerly test.berlin_social_atlas.not_null_stg_berlin_mss_district.529d7706bd, now test.berlin_social_atlas.not_null_stg_berlin_mss_unemployment_rate.ba478eb887)
[0m16:39:51.495129 [debug] [Thread-2 (]: Began compiling node test.berlin_social_atlas.not_null_stg_berlin_mss_lor_key.4a67e7a5ec
[0m16:39:51.495622 [debug] [Thread-1 (]: Began compiling node test.berlin_social_atlas.not_null_stg_berlin_mss_unemployment_rate.ba478eb887
[0m16:39:51.499592 [debug] [Thread-2 (]: Writing injected SQL for node "test.berlin_social_atlas.not_null_stg_berlin_mss_lor_key.4a67e7a5ec"
[0m16:39:51.503083 [debug] [Thread-1 (]: Writing injected SQL for node "test.berlin_social_atlas.not_null_stg_berlin_mss_unemployment_rate.ba478eb887"
[0m16:39:51.504534 [debug] [Thread-2 (]: Began executing node test.berlin_social_atlas.not_null_stg_berlin_mss_lor_key.4a67e7a5ec
[0m16:39:51.504986 [debug] [Thread-1 (]: Began executing node test.berlin_social_atlas.not_null_stg_berlin_mss_unemployment_rate.ba478eb887
[0m16:39:51.507011 [debug] [Thread-2 (]: Writing runtime sql for node "test.berlin_social_atlas.not_null_stg_berlin_mss_lor_key.4a67e7a5ec"
[0m16:39:51.509209 [debug] [Thread-1 (]: Writing runtime sql for node "test.berlin_social_atlas.not_null_stg_berlin_mss_unemployment_rate.ba478eb887"
[0m16:39:51.510418 [debug] [Thread-2 (]: Using postgres connection "test.berlin_social_atlas.not_null_stg_berlin_mss_lor_key.4a67e7a5ec"
[0m16:39:51.510866 [debug] [Thread-1 (]: Using postgres connection "test.berlin_social_atlas.not_null_stg_berlin_mss_unemployment_rate.ba478eb887"
[0m16:39:51.511187 [debug] [Thread-2 (]: On test.berlin_social_atlas.not_null_stg_berlin_mss_lor_key.4a67e7a5ec: /* {"app": "dbt", "dbt_version": "1.12.0b1", "profile_name": "berlin_social_atlas", "target_name": "dev", "node_id": "test.berlin_social_atlas.not_null_stg_berlin_mss_lor_key.4a67e7a5ec"} */

    
    select
      count(*) as failures,
      count(*) != 0 as should_warn,
      count(*) != 0 as should_error
    from (
      
    
  
    
    



select lor_key
from "airflow"."staging"."stg_berlin_mss"
where lor_key is null



  
  
      
    ) dbt_internal_test
[0m16:39:51.511704 [debug] [Thread-1 (]: On test.berlin_social_atlas.not_null_stg_berlin_mss_unemployment_rate.ba478eb887: /* {"app": "dbt", "dbt_version": "1.12.0b1", "profile_name": "berlin_social_atlas", "target_name": "dev", "node_id": "test.berlin_social_atlas.not_null_stg_berlin_mss_unemployment_rate.ba478eb887"} */

    
    select
      count(*) as failures,
      count(*) != 0 as should_warn,
      count(*) != 0 as should_error
    from (
      
    
  
    
    



select unemployment_rate
from "airflow"."staging"."stg_berlin_mss"
where unemployment_rate is null



  
  
      
    ) dbt_internal_test
[0m16:39:51.512175 [debug] [Thread-2 (]: Opening a new connection, currently in state closed
[0m16:39:51.512638 [debug] [Thread-1 (]: Opening a new connection, currently in state closed
[0m16:39:51.519690 [debug] [Thread-2 (]: SQL status: SELECT 1 in 0.007 seconds
[0m16:39:51.520124 [debug] [Thread-1 (]: SQL status: SELECT 1 in 0.007 seconds
[0m16:39:51.521623 [debug] [Thread-2 (]: On test.berlin_social_atlas.not_null_stg_berlin_mss_lor_key.4a67e7a5ec: ROLLBACK
[0m16:39:51.523016 [debug] [Thread-1 (]: On test.berlin_social_atlas.not_null_stg_berlin_mss_unemployment_rate.ba478eb887: ROLLBACK
[0m16:39:51.523647 [debug] [Thread-2 (]: On test.berlin_social_atlas.not_null_stg_berlin_mss_lor_key.4a67e7a5ec: Close
[0m16:39:51.524137 [debug] [Thread-1 (]: On test.berlin_social_atlas.not_null_stg_berlin_mss_unemployment_rate.ba478eb887: Close
[0m16:39:51.524659 [info ] [Thread-2 (]: 9 of 12 PASS not_null_stg_berlin_mss_lor_key ................................... [[32mPASS[0m in 0.03s]
[0m16:39:51.525399 [info ] [Thread-1 (]: 10 of 12 PASS not_null_stg_berlin_mss_unemployment_rate ........................ [[32mPASS[0m in 0.03s]
[0m16:39:51.526188 [debug] [Thread-2 (]: Finished running node test.berlin_social_atlas.not_null_stg_berlin_mss_lor_key.4a67e7a5ec
[0m16:39:51.526846 [debug] [Thread-1 (]: Finished running node test.berlin_social_atlas.not_null_stg_berlin_mss_unemployment_rate.ba478eb887
[0m16:39:51.527361 [debug] [Thread-2 (]: Began running node test.berlin_social_atlas.unique_mart_district_social_index_district.b2702af270
[0m16:39:51.527875 [debug] [Thread-1 (]: Began running node test.berlin_social_atlas.unique_stg_berlin_mss_lor_key.652316829b
[0m16:39:51.528436 [info ] [Thread-2 (]: 11 of 12 START test unique_mart_district_social_index_district ................. [RUN]
[0m16:39:51.529074 [info ] [Thread-1 (]: 12 of 12 START test unique_stg_berlin_mss_lor_key .............................. [RUN]
[0m16:39:51.529695 [debug] [Thread-2 (]: Re-using an available connection from the pool (formerly test.berlin_social_atlas.not_null_stg_berlin_mss_lor_key.4a67e7a5ec, now test.berlin_social_atlas.unique_mart_district_social_index_district.b2702af270)
[0m16:39:51.530238 [debug] [Thread-1 (]: Re-using an available connection from the pool (formerly test.berlin_social_atlas.not_null_stg_berlin_mss_unemployment_rate.ba478eb887, now test.berlin_social_atlas.unique_stg_berlin_mss_lor_key.652316829b)
[0m16:39:51.530743 [debug] [Thread-2 (]: Began compiling node test.berlin_social_atlas.unique_mart_district_social_index_district.b2702af270
[0m16:39:51.531215 [debug] [Thread-1 (]: Began compiling node test.berlin_social_atlas.unique_stg_berlin_mss_lor_key.652316829b
[0m16:39:51.538280 [debug] [Thread-2 (]: Writing injected SQL for node "test.berlin_social_atlas.unique_mart_district_social_index_district.b2702af270"
[0m16:39:51.585749 [debug] [Thread-1 (]: Writing injected SQL for node "test.berlin_social_atlas.unique_stg_berlin_mss_lor_key.652316829b"
[0m16:39:51.587251 [debug] [Thread-2 (]: Began executing node test.berlin_social_atlas.unique_mart_district_social_index_district.b2702af270
[0m16:39:51.587754 [debug] [Thread-1 (]: Began executing node test.berlin_social_atlas.unique_stg_berlin_mss_lor_key.652316829b
[0m16:39:51.589797 [debug] [Thread-2 (]: Writing runtime sql for node "test.berlin_social_atlas.unique_mart_district_social_index_district.b2702af270"
[0m16:39:51.591912 [debug] [Thread-1 (]: Writing runtime sql for node "test.berlin_social_atlas.unique_stg_berlin_mss_lor_key.652316829b"
[0m16:39:51.593120 [debug] [Thread-2 (]: Using postgres connection "test.berlin_social_atlas.unique_mart_district_social_index_district.b2702af270"
[0m16:39:51.593565 [debug] [Thread-1 (]: Using postgres connection "test.berlin_social_atlas.unique_stg_berlin_mss_lor_key.652316829b"
[0m16:39:51.593904 [debug] [Thread-2 (]: On test.berlin_social_atlas.unique_mart_district_social_index_district.b2702af270: /* {"app": "dbt", "dbt_version": "1.12.0b1", "profile_name": "berlin_social_atlas", "target_name": "dev", "node_id": "test.berlin_social_atlas.unique_mart_district_social_index_district.b2702af270"} */

    
    select
      count(*) as failures,
      count(*) != 0 as should_warn,
      count(*) != 0 as should_error
    from (
      
    
  
    
    

select
    district as unique_field,
    count(*) as n_records

from "airflow"."staging"."mart_district_social_index"
where district is not null
group by district
having count(*) > 1



  
  
      
    ) dbt_internal_test
[0m16:39:51.594404 [debug] [Thread-1 (]: On test.berlin_social_atlas.unique_stg_berlin_mss_lor_key.652316829b: /* {"app": "dbt", "dbt_version": "1.12.0b1", "profile_name": "berlin_social_atlas", "target_name": "dev", "node_id": "test.berlin_social_atlas.unique_stg_berlin_mss_lor_key.652316829b"} */

    
    select
      count(*) as failures,
      count(*) != 0 as should_warn,
      count(*) != 0 as should_error
    from (
      
    
  
    
    

select
    lor_key as unique_field,
    count(*) as n_records

from "airflow"."staging"."stg_berlin_mss"
where lor_key is not null
group by lor_key
having count(*) > 1



  
  
      
    ) dbt_internal_test
[0m16:39:51.594899 [debug] [Thread-2 (]: Opening a new connection, currently in state closed
[0m16:39:51.595328 [debug] [Thread-1 (]: Opening a new connection, currently in state closed
[0m16:39:51.601812 [debug] [Thread-2 (]: SQL status: SELECT 1 in 0.007 seconds
[0m16:39:51.602347 [debug] [Thread-1 (]: SQL status: SELECT 1 in 0.007 seconds
[0m16:39:51.603796 [debug] [Thread-2 (]: On test.berlin_social_atlas.unique_mart_district_social_index_district.b2702af270: ROLLBACK
[0m16:39:51.605149 [debug] [Thread-1 (]: On test.berlin_social_atlas.unique_stg_berlin_mss_lor_key.652316829b: ROLLBACK
[0m16:39:51.605854 [debug] [Thread-2 (]: On test.berlin_social_atlas.unique_mart_district_social_index_district.b2702af270: Close
[0m16:39:51.606291 [debug] [Thread-1 (]: On test.berlin_social_atlas.unique_stg_berlin_mss_lor_key.652316829b: Close
[0m16:39:51.606846 [info ] [Thread-2 (]: 11 of 12 PASS unique_mart_district_social_index_district ....................... [[32mPASS[0m in 0.08s]
[0m16:39:51.607628 [info ] [Thread-1 (]: 12 of 12 PASS unique_stg_berlin_mss_lor_key .................................... [[32mPASS[0m in 0.08s]
[0m16:39:51.608291 [debug] [Thread-2 (]: Finished running node test.berlin_social_atlas.unique_mart_district_social_index_district.b2702af270
[0m16:39:51.608976 [debug] [Thread-1 (]: Finished running node test.berlin_social_atlas.unique_stg_berlin_mss_lor_key.652316829b
[0m16:39:51.610559 [debug] [MainThread]: On master: COMMIT
[0m16:39:51.610987 [debug] [MainThread]: Using postgres connection "master"
[0m16:39:51.611360 [debug] [MainThread]: On master: COMMIT
[0m16:39:51.611729 [debug] [MainThread]: Opening a new connection, currently in state closed
[0m16:39:51.617019 [debug] [MainThread]: SQL status: COMMIT in 0.005 seconds
[0m16:39:51.617448 [debug] [MainThread]: On master: Close
[0m16:39:51.617917 [debug] [MainThread]: Connection 'master' was properly closed.
[0m16:39:51.618293 [debug] [MainThread]: Connection 'test.berlin_social_atlas.unique_stg_berlin_mss_lor_key.652316829b' was properly closed.
[0m16:39:51.618670 [debug] [MainThread]: Connection 'test.berlin_social_atlas.unique_mart_district_social_index_district.b2702af270' was properly closed.
[0m16:39:51.619071 [info ] [MainThread]: 
[0m16:39:51.619733 [info ] [MainThread]: Finished running 12 data tests in 0 hours 0 minutes and 0.36 seconds (0.36s).
[0m16:39:51.621592 [debug] [MainThread]: Command end result
[0m16:39:51.663021 [debug] [MainThread]: Wrote artifact WritableManifest to /opt/airflow/dbt/target/manifest.json
[0m16:39:51.665534 [debug] [MainThread]: Wrote artifact SemanticManifest to /opt/airflow/dbt/target/semantic_manifest.json
[0m16:39:51.672614 [debug] [MainThread]: Wrote artifact RunExecutionResult to /opt/airflow/dbt/target/run_results.json
[0m16:39:51.673071 [info ] [MainThread]: 
[0m16:39:51.673680 [info ] [MainThread]: [32mCompleted successfully[0m
[0m16:39:51.674222 [info ] [MainThread]: 
[0m16:39:51.674875 [info ] [MainThread]: Done. PASS=12 WARN=0 ERROR=0 SKIP=0 NO-OP=0 TOTAL=12
[0m16:39:51.675866 [debug] [MainThread]: Resource report: {"command_name": "test", "command_success": true, "command_wall_clock_time": 1.0184474, "process_in_blocks": "0", "process_kernel_time": 0.138229, "process_mem_max_rss": "125164", "process_out_blocks": "2766", "process_user_time": 2.566263}
[0m16:39:51.676423 [debug] [MainThread]: Command `dbt test` succeeded at 16:39:51.676330 after 1.02 seconds
[0m16:39:51.676906 [debug] [MainThread]: Sending event: {'category': 'dbt', 'action': 'invocation', 'label': 'end', 'context': [<snowplow_tracker.self_describing_json.SelfDescribingJson object at 0xffff9df1cc20>, <snowplow_tracker.self_describing_json.SelfDescribingJson object at 0xffffa016f110>, <snowplow_tracker.self_describing_json.SelfDescribingJson object at 0xffff9ed4bec0>]}
[0m16:39:51.677379 [debug] [MainThread]: Flushing usage events
[0m16:39:52.434593 [debug] [MainThread]: An error was encountered while trying to flush usage events
[0m16:41:07.438196 [debug] [MainThread]: Sending event: {'category': 'dbt', 'action': 'invocation', 'label': 'start', 'context': [<snowplow_tracker.self_describing_json.SelfDescribingJson object at 0xffffb8837140>, <snowplow_tracker.self_describing_json.SelfDescribingJson object at 0xffffb8e24e90>, <snowplow_tracker.self_describing_json.SelfDescribingJson object at 0xffffb8837f20>]}


============================== 16:41:07.442507 | 99ea996f-aa8f-47e3-b2d2-9ddc03720d00 ==============================
[0m16:41:07.442507 [info ] [MainThread]: Running with dbt=1.12.0-b1
[0m16:41:07.443173 [debug] [MainThread]: running dbt with arguments {'use_colors': 'True', 'warn_error': 'None', 'partial_parse': 'True', 'log_cache_events': 'False', 'quiet': 'False', 'cache_selected_only': 'False', 'fail_fast': 'False', 'empty': 'None', 'write_json': 'True', 'version_check': 'True', 'invocation_command': 'dbt deps --profiles-dir .', 'warn_error_options': 'WarnErrorOptionsV2(error=[], warn=[], silence=[])', 'debug': 'False', 'log_format': 'default', 'introspect': 'True', 'log_path': '/opt/airflow/dbt/logs', 'no_print': 'None', 'target_path': 'None', 'static_parser': 'True', 'profiles_dir': '.', 'indirect_selection': 'eager', 'use_experimental_parser': 'False', 'printer_width': '80', 'send_anonymous_usage_stats': 'True'}
[0m16:41:07.529733 [debug] [MainThread]: Sending event: {'category': 'dbt', 'action': 'project_id', 'label': '99ea996f-aa8f-47e3-b2d2-9ddc03720d00', 'context': [<snowplow_tracker.self_describing_json.SelfDescribingJson object at 0xffffb886dfa0>]}
[0m16:41:07.598099 [debug] [MainThread]: Set downloads directory='/tmp/dbt-downloads-luuuxnjx'
[0m16:41:07.598494 [debug] [MainThread]: Making package index registry request: GET https://hub.getdbt.com/api/v1/index.json
[0m16:41:07.747849 [debug] [MainThread]: Response from registry index: GET https://hub.getdbt.com/api/v1/index.json 200
[0m16:41:07.749630 [debug] [MainThread]: Making package registry request: GET https://hub.getdbt.com/api/v1/dbt-labs/dbt_utils.json
[0m16:41:07.835523 [debug] [MainThread]: Response from registry: GET https://hub.getdbt.com/api/v1/dbt-labs/dbt_utils.json 200
[0m16:41:07.840266 [info ] [MainThread]: Installing dbt-labs/dbt_utils
[0m16:41:08.307413 [info ] [MainThread]: Installed from version 1.3.3
[0m16:41:08.307911 [info ] [MainThread]: Up to date!
[0m16:41:08.308350 [debug] [MainThread]: Sending event: {'category': 'dbt', 'action': 'package', 'label': '99ea996f-aa8f-47e3-b2d2-9ddc03720d00', 'property_': 'install', 'context': [<snowplow_tracker.self_describing_json.SelfDescribingJson object at 0xffffb7da0aa0>, <snowplow_tracker.self_describing_json.SelfDescribingJson object at 0xffffb7dd4dd0>]}
[0m16:41:08.309743 [debug] [MainThread]: Resource report: {"command_name": "deps", "command_success": true, "command_wall_clock_time": 0.9427579, "process_in_blocks": "7672", "process_kernel_time": 0.241502, "process_mem_max_rss": "105360", "process_out_blocks": "726", "process_user_time": 1.298837}
[0m16:41:08.310181 [debug] [MainThread]: Command `dbt deps` succeeded at 16:41:08.310108 after 0.94 seconds
[0m16:41:08.310681 [debug] [MainThread]: Sending event: {'category': 'dbt', 'action': 'invocation', 'label': 'end', 'context': [<snowplow_tracker.self_describing_json.SelfDescribingJson object at 0xffffb9e55e80>, <snowplow_tracker.self_describing_json.SelfDescribingJson object at 0xffffb7dd4dd0>, <snowplow_tracker.self_describing_json.SelfDescribingJson object at 0xffffb7ec0e30>]}
[0m16:41:08.311047 [debug] [MainThread]: Flushing usage events
[0m16:41:08.825340 [debug] [MainThread]: An error was encountered while trying to flush usage events
[0m16:41:10.343112 [debug] [MainThread]: Sending event: {'category': 'dbt', 'action': 'invocation', 'label': 'start', 'context': [<snowplow_tracker.self_describing_json.SelfDescribingJson object at 0xffff8aedf9b0>, <snowplow_tracker.self_describing_json.SelfDescribingJson object at 0xffff8ae5d640>, <snowplow_tracker.self_describing_json.SelfDescribingJson object at 0xffff8b30cf50>]}


============================== 16:41:10.346954 | ce1f791e-f542-406b-91c6-76c8bd92df12 ==============================
[0m16:41:10.346954 [info ] [MainThread]: Running with dbt=1.12.0-b1
[0m16:41:10.347629 [debug] [MainThread]: running dbt with arguments {'no_print': 'None', 'static_parser': 'True', 'debug': 'False', 'indirect_selection': 'eager', 'empty': 'False', 'use_experimental_parser': 'False', 'quiet': 'False', 'fail_fast': 'False', 'send_anonymous_usage_stats': 'True', 'warn_error': 'None', 'log_path': '/opt/airflow/dbt/logs', 'write_json': 'True', 'invocation_command': 'dbt run --profiles-dir .', 'partial_parse': 'True', 'use_colors': 'True', 'log_format': 'default', 'printer_width': '80', 'profiles_dir': '.', 'cache_selected_only': 'False', 'introspect': 'True', 'log_cache_events': 'False', 'version_check': 'True', 'warn_error_options': 'WarnErrorOptionsV2(error=[], warn=[], silence=[])', 'target_path': 'None'}
[0m16:41:10.440317 [debug] [MainThread]: Sending event: {'category': 'dbt', 'action': 'project_id', 'label': 'ce1f791e-f542-406b-91c6-76c8bd92df12', 'context': [<snowplow_tracker.self_describing_json.SelfDescribingJson object at 0xffff8a8b70e0>]}
[0m16:41:10.472114 [debug] [MainThread]: Sending event: {'category': 'dbt', 'action': 'adapter_info', 'label': 'ce1f791e-f542-406b-91c6-76c8bd92df12', 'context': [<snowplow_tracker.self_describing_json.SelfDescribingJson object at 0xffff8b73b5c0>]}
[0m16:41:10.472847 [info ] [MainThread]: Registered adapter: postgres=1.10.0
[0m16:41:10.514737 [debug] [MainThread]: checksum: 6927119f54d004ffd263b094d7bce97ebbdd1c00adedbbdda88e818b9bb3a551, vars: {}, profile: berlin_social_atlas, target: dev, version: 1.12.0b1
[0m16:41:10.600132 [debug] [MainThread]: Partial parsing enabled: 0 files deleted, 0 files added, 0 files changed.
[0m16:41:10.600513 [debug] [MainThread]: Nothing changed, skipping partial parsing.
[0m16:41:10.600786 [debug] [MainThread]: Partial parsing enabled, no changes found, skipping parsing
[0m16:41:10.620899 [debug] [MainThread]: Sending event: {'category': 'dbt', 'action': 'load_project', 'label': 'ce1f791e-f542-406b-91c6-76c8bd92df12', 'context': [<snowplow_tracker.self_describing_json.SelfDescribingJson object at 0xffff89e4ecc0>]}
[0m16:41:10.675284 [debug] [MainThread]: Wrote artifact WritableManifest to /opt/airflow/dbt/target/manifest.json
[0m16:41:10.677204 [debug] [MainThread]: Wrote artifact SemanticManifest to /opt/airflow/dbt/target/semantic_manifest.json
[0m16:41:10.686357 [debug] [MainThread]: Sending event: {'category': 'dbt', 'action': 'resource_counts', 'label': 'ce1f791e-f542-406b-91c6-76c8bd92df12', 'context': [<snowplow_tracker.self_describing_json.SelfDescribingJson object at 0xffff89ab2510>]}
[0m16:41:10.686832 [info ] [MainThread]: Found 2 models, 12 data tests, 591 macros
[0m16:41:10.687224 [debug] [MainThread]: Sending event: {'category': 'dbt', 'action': 'runnable_timing', 'label': 'ce1f791e-f542-406b-91c6-76c8bd92df12', 'context': [<snowplow_tracker.self_describing_json.SelfDescribingJson object at 0xffff89a629f0>]}
[0m16:41:10.688385 [info ] [MainThread]: 
[0m16:41:10.688773 [info ] [MainThread]: Concurrency: 2 threads (target='dev')
[0m16:41:10.689128 [info ] [MainThread]: 
[0m16:41:10.689563 [debug] [MainThread]: Acquiring new postgres connection 'master'
[0m16:41:10.691728 [debug] [ThreadPool]: Acquiring new postgres connection 'list_airflow'
[0m16:41:10.711251 [debug] [ThreadPool]: Using postgres connection "list_airflow"
[0m16:41:10.711691 [debug] [ThreadPool]: On list_airflow: /* {"app": "dbt", "dbt_version": "1.12.0b1", "profile_name": "berlin_social_atlas", "target_name": "dev", "connection_name": "list_airflow"} */

    select distinct nspname from pg_namespace
  
[0m16:41:10.712001 [debug] [ThreadPool]: Opening a new connection, currently in state init
[0m16:41:10.716872 [debug] [ThreadPool]: SQL status: SELECT 10 in 0.005 seconds
[0m16:41:10.717733 [debug] [ThreadPool]: On list_airflow: Close
[0m16:41:10.718645 [debug] [ThreadPool]: Re-using an available connection from the pool (formerly list_airflow, now list_airflow_staging)
[0m16:41:10.721939 [debug] [ThreadPool]: Using postgres connection "list_airflow_staging"
[0m16:41:10.722278 [debug] [ThreadPool]: On list_airflow_staging: /* {"app": "dbt", "dbt_version": "1.12.0b1", "profile_name": "berlin_social_atlas", "target_name": "dev", "connection_name": "list_airflow_staging"} */
select
      'airflow' as database,
      tablename as name,
      schemaname as schema,
      'table' as type
    from pg_tables
    where schemaname ilike 'staging'
    union all
    select
      'airflow' as database,
      viewname as name,
      schemaname as schema,
      'view' as type
    from pg_views
    where schemaname ilike 'staging'
    union all
    select
      'airflow' as database,
      matviewname as name,
      schemaname as schema,
      'materialized_view' as type
    from pg_matviews
    where schemaname ilike 'staging'
  
[0m16:41:10.722644 [debug] [ThreadPool]: Opening a new connection, currently in state closed
[0m16:41:10.727892 [debug] [ThreadPool]: SQL status: SELECT 2 in 0.005 seconds
[0m16:41:10.728797 [debug] [ThreadPool]: On list_airflow_staging: ROLLBACK
[0m16:41:10.729177 [debug] [ThreadPool]: On list_airflow_staging: Close
[0m16:41:10.731872 [debug] [MainThread]: Using postgres connection "master"
[0m16:41:10.732262 [debug] [MainThread]: On master: /* {"app": "dbt", "dbt_version": "1.12.0b1", "profile_name": "berlin_social_atlas", "target_name": "dev", "connection_name": "master"} */
select distinct
        dependent_namespace.nspname as dependent_schema,
        dependent_class.relname as dependent_name,
        referenced_namespace.nspname as referenced_schema,
        referenced_class.relname as referenced_name

    -- Query for views: views are entries in pg_class with an entry in pg_rewrite, but we avoid
    -- a seq scan on pg_rewrite by leveraging the fact there is an "internal" row in pg_depend for
    -- the view...
    from pg_class as dependent_class
    join pg_namespace as dependent_namespace on dependent_namespace.oid = dependent_class.relnamespace
    join pg_depend as dependent_depend on dependent_depend.refobjid = dependent_class.oid
        and dependent_depend.classid = 'pg_rewrite'::regclass
        and dependent_depend.refclassid = 'pg_class'::regclass
        and dependent_depend.deptype = 'i'

    -- ... and via pg_depend (that has a row per column, hence the need for "distinct" above, and
    -- making sure to exclude the internal row to avoid a view appearing to depend on itself)...
    join pg_depend as joining_depend on joining_depend.objid = dependent_depend.objid
        and joining_depend.classid = 'pg_rewrite'::regclass
        and joining_depend.refclassid = 'pg_class'::regclass
        and joining_depend.refobjid != dependent_depend.refobjid

    -- ... we can find the tables they query from in pg_class, but excluding system tables. Note we
    -- don't need need to exclude _dependent_ system tables, because they only query from other
    -- system tables, and so are automatically excluded by excluding _referenced_ system tables
    join pg_class as referenced_class on referenced_class.oid = joining_depend.refobjid
    join pg_namespace as referenced_namespace on referenced_namespace.oid = referenced_class.relnamespace
        and referenced_namespace.nspname != 'information_schema'
        and referenced_namespace.nspname not like 'pg\_%'

    order by
        dependent_schema, dependent_name, referenced_schema, referenced_name;
[0m16:41:10.732590 [debug] [MainThread]: Opening a new connection, currently in state init
[0m16:41:10.738036 [debug] [MainThread]: SQL status: SELECT 1 in 0.005 seconds
[0m16:41:10.738902 [debug] [MainThread]: Sending event: {'category': 'dbt', 'action': 'runnable_timing', 'label': 'ce1f791e-f542-406b-91c6-76c8bd92df12', 'context': [<snowplow_tracker.self_describing_json.SelfDescribingJson object at 0xffff88e7db20>]}
[0m16:41:10.739295 [debug] [MainThread]: On master: ROLLBACK
[0m16:41:10.739647 [debug] [MainThread]: On master: COMMIT
[0m16:41:10.739914 [debug] [MainThread]: Using postgres connection "master"
[0m16:41:10.740179 [debug] [MainThread]: On master: COMMIT
[0m16:41:10.740555 [debug] [MainThread]: SQL status: COMMIT in 0.000 seconds
[0m16:41:10.740830 [debug] [MainThread]: On master: Close
[0m16:41:10.743396 [debug] [Thread-1 (]: Began running node model.berlin_social_atlas.stg_berlin_mss
[0m16:41:10.743817 [info ] [Thread-1 (]: 1 of 2 START sql view model staging.stg_berlin_mss ............................. [RUN]
[0m16:41:10.744367 [debug] [Thread-1 (]: Re-using an available connection from the pool (formerly list_airflow_staging, now model.berlin_social_atlas.stg_berlin_mss)
[0m16:41:10.744743 [debug] [Thread-1 (]: Began compiling node model.berlin_social_atlas.stg_berlin_mss
[0m16:41:10.748341 [debug] [Thread-1 (]: Writing injected SQL for node "model.berlin_social_atlas.stg_berlin_mss"
[0m16:41:10.750569 [debug] [Thread-1 (]: Began executing node model.berlin_social_atlas.stg_berlin_mss
[0m16:41:10.768170 [debug] [Thread-1 (]: Writing runtime sql for node "model.berlin_social_atlas.stg_berlin_mss"
[0m16:41:10.769482 [debug] [Thread-1 (]: Using postgres connection "model.berlin_social_atlas.stg_berlin_mss"
[0m16:41:10.769842 [debug] [Thread-1 (]: On model.berlin_social_atlas.stg_berlin_mss: /* {"app": "dbt", "dbt_version": "1.12.0b1", "profile_name": "berlin_social_atlas", "target_name": "dev", "node_id": "model.berlin_social_atlas.stg_berlin_mss"} */

  create view "airflow"."staging"."stg_berlin_mss__dbt_tmp"
    
    
  as (
    -- models/staging/stg_berlin_mss.sql
-- Bereinigt und typisiert die raw-Daten

with source as (
    select * from raw.berlin_mss
),

cleaned as (
    select
        lor_key                                     as lor_key,
        lor_name                                    as lor_name,
        bezirk                                      as district,
        year,

        -- Raten als Dezimal normalisieren (falls > 1 = Prozentwert)
        case
            when unemployment_rate > 1
            then unemployment_rate / 100.0
            else unemployment_rate
        end                                         as unemployment_rate,

        case
            when child_poverty_rate > 1
            then child_poverty_rate / 100.0
            else child_poverty_rate
        end                                         as child_poverty_rate,

        case
            when transfer_rate > 1
            then transfer_rate / 100.0
            else transfer_rate
        end                                         as transfer_rate,

        case
            when youth_unemployment > 1
            then youth_unemployment / 100.0
            else youth_unemployment
        end                                         as youth_unemployment_rate,

        geometry,
        ingested_at,
        source_url

    from source
    where lor_key is not null
)

select * from cleaned
  );
[0m16:41:10.770183 [debug] [Thread-1 (]: Opening a new connection, currently in state closed
[0m16:41:10.776429 [debug] [Thread-1 (]: SQL status: CREATE VIEW in 0.006 seconds
[0m16:41:10.780152 [debug] [Thread-1 (]: Using postgres connection "model.berlin_social_atlas.stg_berlin_mss"
[0m16:41:10.780483 [debug] [Thread-1 (]: On model.berlin_social_atlas.stg_berlin_mss: /* {"app": "dbt", "dbt_version": "1.12.0b1", "profile_name": "berlin_social_atlas", "target_name": "dev", "node_id": "model.berlin_social_atlas.stg_berlin_mss"} */
alter table "airflow"."staging"."stg_berlin_mss" rename to "stg_berlin_mss__dbt_backup"
[0m16:41:10.781139 [debug] [Thread-1 (]: SQL status: ALTER TABLE in 0.000 seconds
[0m16:41:10.782912 [debug] [Thread-1 (]: Using postgres connection "model.berlin_social_atlas.stg_berlin_mss"
[0m16:41:10.783246 [debug] [Thread-1 (]: On model.berlin_social_atlas.stg_berlin_mss: /* {"app": "dbt", "dbt_version": "1.12.0b1", "profile_name": "berlin_social_atlas", "target_name": "dev", "node_id": "model.berlin_social_atlas.stg_berlin_mss"} */
alter table "airflow"."staging"."stg_berlin_mss__dbt_tmp" rename to "stg_berlin_mss"
[0m16:41:10.783741 [debug] [Thread-1 (]: SQL status: ALTER TABLE in 0.000 seconds
[0m16:41:10.793724 [debug] [Thread-1 (]: On model.berlin_social_atlas.stg_berlin_mss: COMMIT
[0m16:41:10.794081 [debug] [Thread-1 (]: Using postgres connection "model.berlin_social_atlas.stg_berlin_mss"
[0m16:41:10.794376 [debug] [Thread-1 (]: On model.berlin_social_atlas.stg_berlin_mss: COMMIT
[0m16:41:10.795217 [debug] [Thread-1 (]: SQL status: COMMIT in 0.001 seconds
[0m16:41:10.798583 [debug] [Thread-1 (]: Applying DROP to: "airflow"."staging"."stg_berlin_mss__dbt_backup"
[0m16:41:10.801230 [debug] [Thread-1 (]: Using postgres connection "model.berlin_social_atlas.stg_berlin_mss"
[0m16:41:10.801553 [debug] [Thread-1 (]: On model.berlin_social_atlas.stg_berlin_mss: /* {"app": "dbt", "dbt_version": "1.12.0b1", "profile_name": "berlin_social_atlas", "target_name": "dev", "node_id": "model.berlin_social_atlas.stg_berlin_mss"} */
drop view if exists "airflow"."staging"."stg_berlin_mss__dbt_backup" cascade
[0m16:41:10.802774 [debug] [Thread-1 (]: SQL status: DROP VIEW in 0.001 seconds
[0m16:41:10.804107 [debug] [Thread-1 (]: On model.berlin_social_atlas.stg_berlin_mss: Close
[0m16:41:10.805141 [debug] [Thread-1 (]: Sending event: {'category': 'dbt', 'action': 'run_model', 'label': 'ce1f791e-f542-406b-91c6-76c8bd92df12', 'context': [<snowplow_tracker.self_describing_json.SelfDescribingJson object at 0xffff8b905c40>]}
[0m16:41:10.805633 [info ] [Thread-1 (]: 1 of 2 OK created sql view model staging.stg_berlin_mss ........................ [[32mCREATE VIEW[0m in 0.06s]
[0m16:41:10.806258 [debug] [Thread-1 (]: Finished running node model.berlin_social_atlas.stg_berlin_mss
[0m16:41:10.806888 [debug] [Thread-2 (]: Began running node model.berlin_social_atlas.mart_district_social_index
[0m16:41:10.807275 [info ] [Thread-2 (]: 2 of 2 START sql table model staging.mart_district_social_index ................ [RUN]
[0m16:41:10.807762 [debug] [Thread-2 (]: Acquiring new postgres connection 'model.berlin_social_atlas.mart_district_social_index'
[0m16:41:10.808064 [debug] [Thread-2 (]: Began compiling node model.berlin_social_atlas.mart_district_social_index
[0m16:41:10.809840 [debug] [Thread-2 (]: Writing injected SQL for node "model.berlin_social_atlas.mart_district_social_index"
[0m16:41:10.810964 [debug] [Thread-2 (]: Began executing node model.berlin_social_atlas.mart_district_social_index
[0m16:41:10.821951 [debug] [Thread-2 (]: Writing runtime sql for node "model.berlin_social_atlas.mart_district_social_index"
[0m16:41:10.823240 [debug] [Thread-2 (]: Using postgres connection "model.berlin_social_atlas.mart_district_social_index"
[0m16:41:10.823606 [debug] [Thread-2 (]: On model.berlin_social_atlas.mart_district_social_index: /* {"app": "dbt", "dbt_version": "1.12.0b1", "profile_name": "berlin_social_atlas", "target_name": "dev", "node_id": "model.berlin_social_atlas.mart_district_social_index"} */

  
    

  create  table "airflow"."staging"."mart_district_social_index__dbt_tmp"
  
  
    as
  
  (
    -- models/marts/mart_district_social_index.sql
-- Aggregiert LOR-Planungsräume auf Bezirksebene
-- → ein Row pro Bezirk mit Durchschnittswerten + sozialem Index

with stg as (
    select * from "airflow"."staging"."stg_berlin_mss"
),

district_agg as (
    select
        district,
        year,
        count(*)                                as lor_count,

        round(avg(unemployment_rate)::numeric, 4)       as avg_unemployment_rate,
        round(avg(child_poverty_rate)::numeric, 4)      as avg_child_poverty_rate,
        round(avg(transfer_rate)::numeric, 4)           as avg_transfer_rate,
        round(avg(youth_unemployment_rate)::numeric, 4) as avg_youth_unemployment_rate,

        -- Einfacher sozialer Belastungsindex: Mittelwert aller 4 Indikatoren
        round(
            (
                avg(unemployment_rate) +
                avg(child_poverty_rate) +
                avg(transfer_rate) +
                avg(youth_unemployment_rate)
            ) / 4.0, 4
        )                                               as social_burden_index

    from stg
    group by district, year
),

ranked as (
    select
        *,
        rank() over (
            partition by year
            order by social_burden_index desc
        )                                       as burden_rank  -- 1 = höchste Belastung
    from district_agg
)

select * from ranked
order by year, burden_rank
  );
  
[0m16:41:10.823970 [debug] [Thread-2 (]: Opening a new connection, currently in state init
[0m16:41:10.832123 [debug] [Thread-2 (]: SQL status: SELECT 12 in 0.008 seconds
[0m16:41:10.836129 [debug] [Thread-2 (]: Using postgres connection "model.berlin_social_atlas.mart_district_social_index"
[0m16:41:10.836456 [debug] [Thread-2 (]: On model.berlin_social_atlas.mart_district_social_index: /* {"app": "dbt", "dbt_version": "1.12.0b1", "profile_name": "berlin_social_atlas", "target_name": "dev", "node_id": "model.berlin_social_atlas.mart_district_social_index"} */
alter table "airflow"."staging"."mart_district_social_index" rename to "mart_district_social_index__dbt_backup"
[0m16:41:10.836927 [debug] [Thread-2 (]: SQL status: ALTER TABLE in 0.000 seconds
[0m16:41:10.838491 [debug] [Thread-2 (]: Using postgres connection "model.berlin_social_atlas.mart_district_social_index"
[0m16:41:10.838783 [debug] [Thread-2 (]: On model.berlin_social_atlas.mart_district_social_index: /* {"app": "dbt", "dbt_version": "1.12.0b1", "profile_name": "berlin_social_atlas", "target_name": "dev", "node_id": "model.berlin_social_atlas.mart_district_social_index"} */
alter table "airflow"."staging"."mart_district_social_index__dbt_tmp" rename to "mart_district_social_index"
[0m16:41:10.839157 [debug] [Thread-2 (]: SQL status: ALTER TABLE in 0.000 seconds
[0m16:41:10.840024 [debug] [Thread-2 (]: On model.berlin_social_atlas.mart_district_social_index: COMMIT
[0m16:41:10.840292 [debug] [Thread-2 (]: Using postgres connection "model.berlin_social_atlas.mart_district_social_index"
[0m16:41:10.840551 [debug] [Thread-2 (]: On model.berlin_social_atlas.mart_district_social_index: COMMIT
[0m16:41:10.841158 [debug] [Thread-2 (]: SQL status: COMMIT in 0.000 seconds
[0m16:41:10.842510 [debug] [Thread-2 (]: Applying DROP to: "airflow"."staging"."mart_district_social_index__dbt_backup"
[0m16:41:10.844217 [debug] [Thread-2 (]: Using postgres connection "model.berlin_social_atlas.mart_district_social_index"
[0m16:41:10.844522 [debug] [Thread-2 (]: On model.berlin_social_atlas.mart_district_social_index: /* {"app": "dbt", "dbt_version": "1.12.0b1", "profile_name": "berlin_social_atlas", "target_name": "dev", "node_id": "model.berlin_social_atlas.mart_district_social_index"} */
drop table if exists "airflow"."staging"."mart_district_social_index__dbt_backup" cascade
[0m16:41:10.846165 [debug] [Thread-2 (]: SQL status: DROP TABLE in 0.001 seconds
[0m16:41:10.846968 [debug] [Thread-2 (]: On model.berlin_social_atlas.mart_district_social_index: Close
[0m16:41:10.847424 [debug] [Thread-2 (]: Sending event: {'category': 'dbt', 'action': 'run_model', 'label': 'ce1f791e-f542-406b-91c6-76c8bd92df12', 'context': [<snowplow_tracker.self_describing_json.SelfDescribingJson object at 0xffff89d149e0>]}
[0m16:41:10.847880 [info ] [Thread-2 (]: 2 of 2 OK created sql table model staging.mart_district_social_index ........... [[32mSELECT 12[0m in 0.04s]
[0m16:41:10.848482 [debug] [Thread-2 (]: Finished running node model.berlin_social_atlas.mart_district_social_index
[0m16:41:10.849352 [debug] [MainThread]: On master: COMMIT
[0m16:41:10.849652 [debug] [MainThread]: Using postgres connection "master"
[0m16:41:10.849901 [debug] [MainThread]: On master: COMMIT
[0m16:41:10.850141 [debug] [MainThread]: Opening a new connection, currently in state closed
[0m16:41:10.853949 [debug] [MainThread]: SQL status: COMMIT in 0.004 seconds
[0m16:41:10.854281 [debug] [MainThread]: On master: Close
[0m16:41:10.854617 [debug] [MainThread]: Connection 'master' was properly closed.
[0m16:41:10.854876 [debug] [MainThread]: Connection 'model.berlin_social_atlas.stg_berlin_mss' was properly closed.
[0m16:41:10.855145 [debug] [MainThread]: Connection 'model.berlin_social_atlas.mart_district_social_index' was properly closed.
[0m16:41:10.855437 [info ] [MainThread]: 
[0m16:41:10.855876 [info ] [MainThread]: Finished running 1 table model, 1 view model in 0 hours 0 minutes and 0.17 seconds (0.17s).
[0m16:41:10.856456 [debug] [MainThread]: Command end result
[0m16:41:10.916448 [debug] [MainThread]: Wrote artifact WritableManifest to /opt/airflow/dbt/target/manifest.json
[0m16:41:10.918123 [debug] [MainThread]: Wrote artifact SemanticManifest to /opt/airflow/dbt/target/semantic_manifest.json
[0m16:41:10.922238 [debug] [MainThread]: Wrote artifact RunExecutionResult to /opt/airflow/dbt/target/run_results.json
[0m16:41:10.922542 [info ] [MainThread]: 
[0m16:41:10.923075 [info ] [MainThread]: [32mCompleted successfully[0m
[0m16:41:10.923454 [info ] [MainThread]: 
[0m16:41:10.923867 [info ] [MainThread]: Done. PASS=2 WARN=0 ERROR=0 SKIP=0 NO-OP=0 TOTAL=2
[0m16:41:10.924574 [debug] [MainThread]: Resource report: {"command_name": "run", "command_success": true, "command_wall_clock_time": 0.6157983, "process_in_blocks": "496", "process_kernel_time": 0.230909, "process_mem_max_rss": "124700", "process_out_blocks": "2696", "process_user_time": 1.557134}
[0m16:41:10.924923 [debug] [MainThread]: Command `dbt run` succeeded at 16:41:10.924869 after 0.62 seconds
[0m16:41:10.925229 [debug] [MainThread]: Sending event: {'category': 'dbt', 'action': 'invocation', 'label': 'end', 'context': [<snowplow_tracker.self_describing_json.SelfDescribingJson object at 0xffff88d96d50>, <snowplow_tracker.self_describing_json.SelfDescribingJson object at 0xffff88d965a0>, <snowplow_tracker.self_describing_json.SelfDescribingJson object at 0xffff88d8ab40>]}
[0m16:41:10.925507 [debug] [MainThread]: Flushing usage events
[0m16:41:11.411763 [debug] [MainThread]: An error was encountered while trying to flush usage events
[0m16:41:13.422827 [debug] [MainThread]: Sending event: {'category': 'dbt', 'action': 'invocation', 'label': 'start', 'context': [<snowplow_tracker.self_describing_json.SelfDescribingJson object at 0xffffba86a0c0>, <snowplow_tracker.self_describing_json.SelfDescribingJson object at 0xffffb88b1220>, <snowplow_tracker.self_describing_json.SelfDescribingJson object at 0xffffb82bd910>]}


============================== 16:41:13.426620 | 3ae608eb-f8d1-4ed6-bce8-f5ed68f30b03 ==============================
[0m16:41:13.426620 [info ] [MainThread]: Running with dbt=1.12.0-b1
[0m16:41:13.427329 [debug] [MainThread]: running dbt with arguments {'warn_error_options': 'WarnErrorOptionsV2(error=[], warn=[], silence=[])', 'warn_error': 'None', 'empty': 'None', 'quiet': 'False', 'log_cache_events': 'False', 'invocation_command': 'dbt test --profiles-dir .', 'profiles_dir': '.', 'use_experimental_parser': 'False', 'cache_selected_only': 'False', 'introspect': 'True', 'log_path': '/opt/airflow/dbt/logs', 'static_parser': 'True', 'no_print': 'None', 'use_colors': 'True', 'log_format': 'default', 'partial_parse': 'True', 'debug': 'False', 'indirect_selection': 'eager', 'send_anonymous_usage_stats': 'True', 'target_path': 'None', 'fail_fast': 'False', 'version_check': 'True', 'write_json': 'True', 'printer_width': '80'}
[0m16:41:13.517827 [debug] [MainThread]: Sending event: {'category': 'dbt', 'action': 'project_id', 'label': '3ae608eb-f8d1-4ed6-bce8-f5ed68f30b03', 'context': [<snowplow_tracker.self_describing_json.SelfDescribingJson object at 0xffffb6e87260>]}
[0m16:41:13.549950 [debug] [MainThread]: Sending event: {'category': 'dbt', 'action': 'adapter_info', 'label': '3ae608eb-f8d1-4ed6-bce8-f5ed68f30b03', 'context': [<snowplow_tracker.self_describing_json.SelfDescribingJson object at 0xffffb7a55c70>]}
[0m16:41:13.550665 [info ] [MainThread]: Registered adapter: postgres=1.10.0
[0m16:41:13.590136 [debug] [MainThread]: checksum: 6927119f54d004ffd263b094d7bce97ebbdd1c00adedbbdda88e818b9bb3a551, vars: {}, profile: berlin_social_atlas, target: dev, version: 1.12.0b1
[0m16:41:13.669648 [debug] [MainThread]: Partial parsing enabled: 0 files deleted, 0 files added, 0 files changed.
[0m16:41:13.670041 [debug] [MainThread]: Nothing changed, skipping partial parsing.
[0m16:41:13.670317 [debug] [MainThread]: Partial parsing enabled, no changes found, skipping parsing
[0m16:41:13.691206 [debug] [MainThread]: Sending event: {'category': 'dbt', 'action': 'load_project', 'label': '3ae608eb-f8d1-4ed6-bce8-f5ed68f30b03', 'context': [<snowplow_tracker.self_describing_json.SelfDescribingJson object at 0xffffb7e5de50>]}
[0m16:41:13.745301 [debug] [MainThread]: Wrote artifact WritableManifest to /opt/airflow/dbt/target/manifest.json
[0m16:41:13.747494 [debug] [MainThread]: Wrote artifact SemanticManifest to /opt/airflow/dbt/target/semantic_manifest.json
[0m16:41:13.761297 [debug] [MainThread]: Sending event: {'category': 'dbt', 'action': 'resource_counts', 'label': '3ae608eb-f8d1-4ed6-bce8-f5ed68f30b03', 'context': [<snowplow_tracker.self_describing_json.SelfDescribingJson object at 0xffffb69ff230>]}
[0m16:41:13.761702 [info ] [MainThread]: Found 2 models, 12 data tests, 591 macros
[0m16:41:13.762173 [debug] [MainThread]: Sending event: {'category': 'dbt', 'action': 'runnable_timing', 'label': '3ae608eb-f8d1-4ed6-bce8-f5ed68f30b03', 'context': [<snowplow_tracker.self_describing_json.SelfDescribingJson object at 0xffffb9b04710>]}
[0m16:41:13.763453 [info ] [MainThread]: 
[0m16:41:13.763797 [info ] [MainThread]: Concurrency: 2 threads (target='dev')
[0m16:41:13.764060 [info ] [MainThread]: 
[0m16:41:13.764552 [debug] [MainThread]: Acquiring new postgres connection 'master'
[0m16:41:13.767163 [debug] [ThreadPool]: Acquiring new postgres connection 'list_airflow_staging'
[0m16:41:13.784678 [debug] [ThreadPool]: Using postgres connection "list_airflow_staging"
[0m16:41:13.785137 [debug] [ThreadPool]: On list_airflow_staging: /* {"app": "dbt", "dbt_version": "1.12.0b1", "profile_name": "berlin_social_atlas", "target_name": "dev", "connection_name": "list_airflow_staging"} */
select
      'airflow' as database,
      tablename as name,
      schemaname as schema,
      'table' as type
    from pg_tables
    where schemaname ilike 'staging'
    union all
    select
      'airflow' as database,
      viewname as name,
      schemaname as schema,
      'view' as type
    from pg_views
    where schemaname ilike 'staging'
    union all
    select
      'airflow' as database,
      matviewname as name,
      schemaname as schema,
      'materialized_view' as type
    from pg_matviews
    where schemaname ilike 'staging'
  
[0m16:41:13.785458 [debug] [ThreadPool]: Opening a new connection, currently in state init
[0m16:41:13.791225 [debug] [ThreadPool]: SQL status: SELECT 2 in 0.006 seconds
[0m16:41:13.792151 [debug] [ThreadPool]: On list_airflow_staging: ROLLBACK
[0m16:41:13.792538 [debug] [ThreadPool]: On list_airflow_staging: Close
[0m16:41:13.795458 [debug] [MainThread]: Using postgres connection "master"
[0m16:41:13.795838 [debug] [MainThread]: On master: /* {"app": "dbt", "dbt_version": "1.12.0b1", "profile_name": "berlin_social_atlas", "target_name": "dev", "connection_name": "master"} */
select distinct
        dependent_namespace.nspname as dependent_schema,
        dependent_class.relname as dependent_name,
        referenced_namespace.nspname as referenced_schema,
        referenced_class.relname as referenced_name

    -- Query for views: views are entries in pg_class with an entry in pg_rewrite, but we avoid
    -- a seq scan on pg_rewrite by leveraging the fact there is an "internal" row in pg_depend for
    -- the view...
    from pg_class as dependent_class
    join pg_namespace as dependent_namespace on dependent_namespace.oid = dependent_class.relnamespace
    join pg_depend as dependent_depend on dependent_depend.refobjid = dependent_class.oid
        and dependent_depend.classid = 'pg_rewrite'::regclass
        and dependent_depend.refclassid = 'pg_class'::regclass
        and dependent_depend.deptype = 'i'

    -- ... and via pg_depend (that has a row per column, hence the need for "distinct" above, and
    -- making sure to exclude the internal row to avoid a view appearing to depend on itself)...
    join pg_depend as joining_depend on joining_depend.objid = dependent_depend.objid
        and joining_depend.classid = 'pg_rewrite'::regclass
        and joining_depend.refclassid = 'pg_class'::regclass
        and joining_depend.refobjid != dependent_depend.refobjid

    -- ... we can find the tables they query from in pg_class, but excluding system tables. Note we
    -- don't need need to exclude _dependent_ system tables, because they only query from other
    -- system tables, and so are automatically excluded by excluding _referenced_ system tables
    join pg_class as referenced_class on referenced_class.oid = joining_depend.refobjid
    join pg_namespace as referenced_namespace on referenced_namespace.oid = referenced_class.relnamespace
        and referenced_namespace.nspname != 'information_schema'
        and referenced_namespace.nspname not like 'pg\_%'

    order by
        dependent_schema, dependent_name, referenced_schema, referenced_name;
[0m16:41:13.796213 [debug] [MainThread]: Opening a new connection, currently in state init
[0m16:41:13.801505 [debug] [MainThread]: SQL status: SELECT 1 in 0.005 seconds
[0m16:41:13.802378 [debug] [MainThread]: Sending event: {'category': 'dbt', 'action': 'runnable_timing', 'label': '3ae608eb-f8d1-4ed6-bce8-f5ed68f30b03', 'context': [<snowplow_tracker.self_describing_json.SelfDescribingJson object at 0xffffb69ffd10>]}
[0m16:41:13.802745 [debug] [MainThread]: On master: ROLLBACK
[0m16:41:13.803100 [debug] [MainThread]: On master: COMMIT
[0m16:41:13.803368 [debug] [MainThread]: Using postgres connection "master"
[0m16:41:13.803631 [debug] [MainThread]: On master: COMMIT
[0m16:41:13.804017 [debug] [MainThread]: SQL status: COMMIT in 0.000 seconds
[0m16:41:13.804281 [debug] [MainThread]: On master: Close
[0m16:41:13.806804 [debug] [Thread-1 (]: Began running node test.berlin_social_atlas.dbt_utils_accepted_range_mart_district_social_index_social_burden_index__1__0.bf57a762da
[0m16:41:13.807150 [debug] [Thread-2 (]: Began running node test.berlin_social_atlas.dbt_utils_accepted_range_stg_berlin_mss_child_poverty_rate__1__0.7d93ad6634
[0m16:41:13.807478 [info ] [Thread-1 (]: 1 of 12 START test dbt_utils_accepted_range_mart_district_social_index_social_burden_index__1__0  [RUN]
[0m16:41:13.808038 [info ] [Thread-2 (]: 2 of 12 START test dbt_utils_accepted_range_stg_berlin_mss_child_poverty_rate__1__0  [RUN]
[0m16:41:13.808471 [debug] [Thread-1 (]: Re-using an available connection from the pool (formerly list_airflow_staging, now test.berlin_social_atlas.dbt_utils_accepted_range_mart_district_social_index_social_burden_index__1__0.bf57a762da)
[0m16:41:13.808849 [debug] [Thread-2 (]: Acquiring new postgres connection 'test.berlin_social_atlas.dbt_utils_accepted_range_stg_berlin_mss_child_poverty_rate__1__0.7d93ad6634'
[0m16:41:13.809194 [debug] [Thread-1 (]: Began compiling node test.berlin_social_atlas.dbt_utils_accepted_range_mart_district_social_index_social_burden_index__1__0.bf57a762da
[0m16:41:13.809499 [debug] [Thread-2 (]: Began compiling node test.berlin_social_atlas.dbt_utils_accepted_range_stg_berlin_mss_child_poverty_rate__1__0.7d93ad6634
[0m16:41:13.817888 [debug] [Thread-1 (]: Writing injected SQL for node "test.berlin_social_atlas.dbt_utils_accepted_range_mart_district_social_index_social_burden_index__1__0.bf57a762da"
[0m16:41:13.820154 [debug] [Thread-2 (]: Writing injected SQL for node "test.berlin_social_atlas.dbt_utils_accepted_range_stg_berlin_mss_child_poverty_rate__1__0.7d93ad6634"
[0m16:41:13.822222 [debug] [Thread-1 (]: Began executing node test.berlin_social_atlas.dbt_utils_accepted_range_mart_district_social_index_social_burden_index__1__0.bf57a762da
[0m16:41:13.822450 [debug] [Thread-2 (]: Began executing node test.berlin_social_atlas.dbt_utils_accepted_range_stg_berlin_mss_child_poverty_rate__1__0.7d93ad6634
[0m16:41:13.833573 [debug] [Thread-1 (]: Writing runtime sql for node "test.berlin_social_atlas.dbt_utils_accepted_range_mart_district_social_index_social_burden_index__1__0.bf57a762da"
[0m16:41:13.835064 [debug] [Thread-2 (]: Writing runtime sql for node "test.berlin_social_atlas.dbt_utils_accepted_range_stg_berlin_mss_child_poverty_rate__1__0.7d93ad6634"
[0m16:41:13.836168 [debug] [Thread-1 (]: Using postgres connection "test.berlin_social_atlas.dbt_utils_accepted_range_mart_district_social_index_social_burden_index__1__0.bf57a762da"
[0m16:41:13.836424 [debug] [Thread-2 (]: Using postgres connection "test.berlin_social_atlas.dbt_utils_accepted_range_stg_berlin_mss_child_poverty_rate__1__0.7d93ad6634"
[0m16:41:13.836716 [debug] [Thread-1 (]: On test.berlin_social_atlas.dbt_utils_accepted_range_mart_district_social_index_social_burden_index__1__0.bf57a762da: /* {"app": "dbt", "dbt_version": "1.12.0b1", "profile_name": "berlin_social_atlas", "target_name": "dev", "node_id": "test.berlin_social_atlas.dbt_utils_accepted_range_mart_district_social_index_social_burden_index__1__0.bf57a762da"} */

    
    select
      count(*) as failures,
      count(*) != 0 as should_warn,
      count(*) != 0 as should_error
    from (
      
    
  

with meet_condition as(
  select *
  from "airflow"."staging"."mart_district_social_index"
),

validation_errors as (
  select *
  from meet_condition
  where
    -- never true, defaults to an empty result set. Exists to ensure any combo of the `or` clauses below succeeds
    1 = 2
    -- records with a value >= min_value are permitted. The `not` flips this to find records that don't meet the rule.
    or not social_burden_index >= 0
    -- records with a value <= max_value are permitted. The `not` flips this to find records that don't meet the rule.
    or not social_burden_index <= 1
)

select *
from validation_errors


  
  
      
    ) dbt_internal_test
[0m16:41:13.837087 [debug] [Thread-2 (]: On test.berlin_social_atlas.dbt_utils_accepted_range_stg_berlin_mss_child_poverty_rate__1__0.7d93ad6634: /* {"app": "dbt", "dbt_version": "1.12.0b1", "profile_name": "berlin_social_atlas", "target_name": "dev", "node_id": "test.berlin_social_atlas.dbt_utils_accepted_range_stg_berlin_mss_child_poverty_rate__1__0.7d93ad6634"} */

    
    select
      count(*) as failures,
      count(*) != 0 as should_warn,
      count(*) != 0 as should_error
    from (
      
    
  

with meet_condition as(
  select *
  from "airflow"."staging"."stg_berlin_mss"
),

validation_errors as (
  select *
  from meet_condition
  where
    -- never true, defaults to an empty result set. Exists to ensure any combo of the `or` clauses below succeeds
    1 = 2
    -- records with a value >= min_value are permitted. The `not` flips this to find records that don't meet the rule.
    or not child_poverty_rate >= 0
    -- records with a value <= max_value are permitted. The `not` flips this to find records that don't meet the rule.
    or not child_poverty_rate <= 1
)

select *
from validation_errors


  
  
      
    ) dbt_internal_test
[0m16:41:13.837411 [debug] [Thread-1 (]: Opening a new connection, currently in state closed
[0m16:41:13.837721 [debug] [Thread-2 (]: Opening a new connection, currently in state init
[0m16:41:13.842340 [debug] [Thread-1 (]: SQL status: SELECT 1 in 0.005 seconds
[0m16:41:13.844963 [debug] [Thread-1 (]: On test.berlin_social_atlas.dbt_utils_accepted_range_mart_district_social_index_social_burden_index__1__0.bf57a762da: ROLLBACK
[0m16:41:13.845224 [debug] [Thread-2 (]: SQL status: SELECT 1 in 0.007 seconds
[0m16:41:13.845603 [debug] [Thread-1 (]: On test.berlin_social_atlas.dbt_utils_accepted_range_mart_district_social_index_social_burden_index__1__0.bf57a762da: Close
[0m16:41:13.846360 [debug] [Thread-2 (]: On test.berlin_social_atlas.dbt_utils_accepted_range_stg_berlin_mss_child_poverty_rate__1__0.7d93ad6634: ROLLBACK
[0m16:41:13.846843 [error] [Thread-1 (]: 1 of 12 FAIL 6 dbt_utils_accepted_range_mart_district_social_index_social_burden_index__1__0  [[31mFAIL 6[0m in 0.04s]
[0m16:41:13.847598 [debug] [Thread-2 (]: On test.berlin_social_atlas.dbt_utils_accepted_range_stg_berlin_mss_child_poverty_rate__1__0.7d93ad6634: Close
[0m16:41:13.848000 [debug] [Thread-1 (]: Finished running node test.berlin_social_atlas.dbt_utils_accepted_range_mart_district_social_index_social_burden_index__1__0.bf57a762da
[0m16:41:13.848448 [error] [Thread-2 (]: 2 of 12 FAIL 7 dbt_utils_accepted_range_stg_berlin_mss_child_poverty_rate__1__0  [[31mFAIL 7[0m in 0.04s]
[0m16:41:13.848891 [debug] [Thread-1 (]: Began running node test.berlin_social_atlas.dbt_utils_accepted_range_stg_berlin_mss_unemployment_rate__1__0.026f926695
[0m16:41:13.849337 [debug] [Thread-2 (]: Finished running node test.berlin_social_atlas.dbt_utils_accepted_range_stg_berlin_mss_child_poverty_rate__1__0.7d93ad6634
[0m16:41:13.849656 [info ] [Thread-1 (]: 3 of 12 START test dbt_utils_accepted_range_stg_berlin_mss_unemployment_rate__1__0  [RUN]
[0m16:41:13.850088 [debug] [Thread-2 (]: Began running node test.berlin_social_atlas.not_null_mart_district_social_index_burden_rank.560800dccd
[0m16:41:13.850420 [debug] [Thread-1 (]: Re-using an available connection from the pool (formerly test.berlin_social_atlas.dbt_utils_accepted_range_mart_district_social_index_social_burden_index__1__0.bf57a762da, now test.berlin_social_atlas.dbt_utils_accepted_range_stg_berlin_mss_unemployment_rate__1__0.026f926695)
[0m16:41:13.850724 [info ] [Thread-2 (]: 4 of 12 START test not_null_mart_district_social_index_burden_rank ............. [RUN]
[0m16:41:13.851109 [debug] [Thread-1 (]: Began compiling node test.berlin_social_atlas.dbt_utils_accepted_range_stg_berlin_mss_unemployment_rate__1__0.026f926695
[0m16:41:13.851429 [debug] [Thread-2 (]: Re-using an available connection from the pool (formerly test.berlin_social_atlas.dbt_utils_accepted_range_stg_berlin_mss_child_poverty_rate__1__0.7d93ad6634, now test.berlin_social_atlas.not_null_mart_district_social_index_burden_rank.560800dccd)
[0m16:41:13.853837 [debug] [Thread-1 (]: Writing injected SQL for node "test.berlin_social_atlas.dbt_utils_accepted_range_stg_berlin_mss_unemployment_rate__1__0.026f926695"
[0m16:41:13.854189 [debug] [Thread-2 (]: Began compiling node test.berlin_social_atlas.not_null_mart_district_social_index_burden_rank.560800dccd
[0m16:41:13.858028 [debug] [Thread-2 (]: Writing injected SQL for node "test.berlin_social_atlas.not_null_mart_district_social_index_burden_rank.560800dccd"
[0m16:41:13.858571 [debug] [Thread-1 (]: Began executing node test.berlin_social_atlas.dbt_utils_accepted_range_stg_berlin_mss_unemployment_rate__1__0.026f926695
[0m16:41:13.859937 [debug] [Thread-1 (]: Writing runtime sql for node "test.berlin_social_atlas.dbt_utils_accepted_range_stg_berlin_mss_unemployment_rate__1__0.026f926695"
[0m16:41:13.860255 [debug] [Thread-2 (]: Began executing node test.berlin_social_atlas.not_null_mart_district_social_index_burden_rank.560800dccd
[0m16:41:13.861752 [debug] [Thread-2 (]: Writing runtime sql for node "test.berlin_social_atlas.not_null_mart_district_social_index_burden_rank.560800dccd"
[0m16:41:13.862221 [debug] [Thread-1 (]: Using postgres connection "test.berlin_social_atlas.dbt_utils_accepted_range_stg_berlin_mss_unemployment_rate__1__0.026f926695"
[0m16:41:13.862700 [debug] [Thread-1 (]: On test.berlin_social_atlas.dbt_utils_accepted_range_stg_berlin_mss_unemployment_rate__1__0.026f926695: /* {"app": "dbt", "dbt_version": "1.12.0b1", "profile_name": "berlin_social_atlas", "target_name": "dev", "node_id": "test.berlin_social_atlas.dbt_utils_accepted_range_stg_berlin_mss_unemployment_rate__1__0.026f926695"} */

    
    select
      count(*) as failures,
      count(*) != 0 as should_warn,
      count(*) != 0 as should_error
    from (
      
    
  

with meet_condition as(
  select *
  from "airflow"."staging"."stg_berlin_mss"
),

validation_errors as (
  select *
  from meet_condition
  where
    -- never true, defaults to an empty result set. Exists to ensure any combo of the `or` clauses below succeeds
    1 = 2
    -- records with a value >= min_value are permitted. The `not` flips this to find records that don't meet the rule.
    or not unemployment_rate >= 0
    -- records with a value <= max_value are permitted. The `not` flips this to find records that don't meet the rule.
    or not unemployment_rate <= 1
)

select *
from validation_errors


  
  
      
    ) dbt_internal_test
[0m16:41:13.863043 [debug] [Thread-2 (]: Using postgres connection "test.berlin_social_atlas.not_null_mart_district_social_index_burden_rank.560800dccd"
[0m16:41:13.863259 [debug] [Thread-1 (]: Opening a new connection, currently in state closed
[0m16:41:13.863560 [debug] [Thread-2 (]: On test.berlin_social_atlas.not_null_mart_district_social_index_burden_rank.560800dccd: /* {"app": "dbt", "dbt_version": "1.12.0b1", "profile_name": "berlin_social_atlas", "target_name": "dev", "node_id": "test.berlin_social_atlas.not_null_mart_district_social_index_burden_rank.560800dccd"} */

    
    select
      count(*) as failures,
      count(*) != 0 as should_warn,
      count(*) != 0 as should_error
    from (
      
    
  
    
    



select burden_rank
from "airflow"."staging"."mart_district_social_index"
where burden_rank is null



  
  
      
    ) dbt_internal_test
[0m16:41:13.864080 [debug] [Thread-2 (]: Opening a new connection, currently in state closed
[0m16:41:13.867849 [debug] [Thread-2 (]: SQL status: SELECT 1 in 0.004 seconds
[0m16:41:13.868929 [debug] [Thread-2 (]: On test.berlin_social_atlas.not_null_mart_district_social_index_burden_rank.560800dccd: ROLLBACK
[0m16:41:13.869175 [debug] [Thread-1 (]: SQL status: SELECT 1 in 0.006 seconds
[0m16:41:13.869543 [debug] [Thread-2 (]: On test.berlin_social_atlas.not_null_mart_district_social_index_burden_rank.560800dccd: Close
[0m16:41:13.870287 [debug] [Thread-1 (]: On test.berlin_social_atlas.dbt_utils_accepted_range_stg_berlin_mss_unemployment_rate__1__0.026f926695: ROLLBACK
[0m16:41:13.870762 [info ] [Thread-2 (]: 4 of 12 PASS not_null_mart_district_social_index_burden_rank ................... [[32mPASS[0m in 0.02s]
[0m16:41:13.871322 [debug] [Thread-1 (]: On test.berlin_social_atlas.dbt_utils_accepted_range_stg_berlin_mss_unemployment_rate__1__0.026f926695: Close
[0m16:41:13.871678 [debug] [Thread-2 (]: Finished running node test.berlin_social_atlas.not_null_mart_district_social_index_burden_rank.560800dccd
[0m16:41:13.872126 [error] [Thread-1 (]: 3 of 12 FAIL 7 dbt_utils_accepted_range_stg_berlin_mss_unemployment_rate__1__0 . [[31mFAIL 7[0m in 0.02s]
[0m16:41:13.872494 [debug] [Thread-2 (]: Began running node test.berlin_social_atlas.not_null_mart_district_social_index_district.78c0952b54
[0m16:41:13.872900 [debug] [Thread-1 (]: Finished running node test.berlin_social_atlas.dbt_utils_accepted_range_stg_berlin_mss_unemployment_rate__1__0.026f926695
[0m16:41:13.873239 [info ] [Thread-2 (]: 5 of 12 START test not_null_mart_district_social_index_district ................ [RUN]
[0m16:41:13.873680 [debug] [Thread-1 (]: Began running node test.berlin_social_atlas.not_null_mart_district_social_index_social_burden_index.af1b7a1dba
[0m16:41:13.874018 [debug] [Thread-2 (]: Re-using an available connection from the pool (formerly test.berlin_social_atlas.not_null_mart_district_social_index_burden_rank.560800dccd, now test.berlin_social_atlas.not_null_mart_district_social_index_district.78c0952b54)
[0m16:41:13.874327 [info ] [Thread-1 (]: 6 of 12 START test not_null_mart_district_social_index_social_burden_index ..... [RUN]
[0m16:41:13.874667 [debug] [Thread-2 (]: Began compiling node test.berlin_social_atlas.not_null_mart_district_social_index_district.78c0952b54
[0m16:41:13.874963 [debug] [Thread-1 (]: Re-using an available connection from the pool (formerly test.berlin_social_atlas.dbt_utils_accepted_range_stg_berlin_mss_unemployment_rate__1__0.026f926695, now test.berlin_social_atlas.not_null_mart_district_social_index_social_burden_index.af1b7a1dba)
[0m16:41:13.877457 [debug] [Thread-2 (]: Writing injected SQL for node "test.berlin_social_atlas.not_null_mart_district_social_index_district.78c0952b54"
[0m16:41:13.877799 [debug] [Thread-1 (]: Began compiling node test.berlin_social_atlas.not_null_mart_district_social_index_social_burden_index.af1b7a1dba
[0m16:41:13.880114 [debug] [Thread-1 (]: Writing injected SQL for node "test.berlin_social_atlas.not_null_mart_district_social_index_social_burden_index.af1b7a1dba"
[0m16:41:13.880686 [debug] [Thread-2 (]: Began executing node test.berlin_social_atlas.not_null_mart_district_social_index_district.78c0952b54
[0m16:41:13.881023 [debug] [Thread-1 (]: Began executing node test.berlin_social_atlas.not_null_mart_district_social_index_social_burden_index.af1b7a1dba
[0m16:41:13.882267 [debug] [Thread-2 (]: Writing runtime sql for node "test.berlin_social_atlas.not_null_mart_district_social_index_district.78c0952b54"
[0m16:41:13.884418 [debug] [Thread-1 (]: Writing runtime sql for node "test.berlin_social_atlas.not_null_mart_district_social_index_social_burden_index.af1b7a1dba"
[0m16:41:13.885288 [debug] [Thread-2 (]: Using postgres connection "test.berlin_social_atlas.not_null_mart_district_social_index_district.78c0952b54"
[0m16:41:13.885523 [debug] [Thread-1 (]: Using postgres connection "test.berlin_social_atlas.not_null_mart_district_social_index_social_burden_index.af1b7a1dba"
[0m16:41:13.885808 [debug] [Thread-2 (]: On test.berlin_social_atlas.not_null_mart_district_social_index_district.78c0952b54: /* {"app": "dbt", "dbt_version": "1.12.0b1", "profile_name": "berlin_social_atlas", "target_name": "dev", "node_id": "test.berlin_social_atlas.not_null_mart_district_social_index_district.78c0952b54"} */

    
    select
      count(*) as failures,
      count(*) != 0 as should_warn,
      count(*) != 0 as should_error
    from (
      
    
  
    
    



select district
from "airflow"."staging"."mart_district_social_index"
where district is null



  
  
      
    ) dbt_internal_test
[0m16:41:13.886113 [debug] [Thread-1 (]: On test.berlin_social_atlas.not_null_mart_district_social_index_social_burden_index.af1b7a1dba: /* {"app": "dbt", "dbt_version": "1.12.0b1", "profile_name": "berlin_social_atlas", "target_name": "dev", "node_id": "test.berlin_social_atlas.not_null_mart_district_social_index_social_burden_index.af1b7a1dba"} */

    
    select
      count(*) as failures,
      count(*) != 0 as should_warn,
      count(*) != 0 as should_error
    from (
      
    
  
    
    



select social_burden_index
from "airflow"."staging"."mart_district_social_index"
where social_burden_index is null



  
  
      
    ) dbt_internal_test
[0m16:41:13.886405 [debug] [Thread-2 (]: Opening a new connection, currently in state closed
[0m16:41:13.886673 [debug] [Thread-1 (]: Opening a new connection, currently in state closed
[0m16:41:13.890908 [debug] [Thread-1 (]: SQL status: SELECT 1 in 0.004 seconds
[0m16:41:13.891175 [debug] [Thread-2 (]: SQL status: SELECT 1 in 0.005 seconds
[0m16:41:13.892231 [debug] [Thread-1 (]: On test.berlin_social_atlas.not_null_mart_district_social_index_social_burden_index.af1b7a1dba: ROLLBACK
[0m16:41:13.893073 [debug] [Thread-2 (]: On test.berlin_social_atlas.not_null_mart_district_social_index_district.78c0952b54: ROLLBACK
[0m16:41:13.893474 [debug] [Thread-1 (]: On test.berlin_social_atlas.not_null_mart_district_social_index_social_burden_index.af1b7a1dba: Close
[0m16:41:13.893742 [debug] [Thread-2 (]: On test.berlin_social_atlas.not_null_mart_district_social_index_district.78c0952b54: Close
[0m16:41:13.894121 [info ] [Thread-1 (]: 6 of 12 PASS not_null_mart_district_social_index_social_burden_index ........... [[32mPASS[0m in 0.02s]
[0m16:41:13.894672 [info ] [Thread-2 (]: 5 of 12 PASS not_null_mart_district_social_index_district ...................... [[32mPASS[0m in 0.02s]
[0m16:41:13.895141 [debug] [Thread-1 (]: Finished running node test.berlin_social_atlas.not_null_mart_district_social_index_social_burden_index.af1b7a1dba
[0m16:41:13.895516 [debug] [Thread-2 (]: Finished running node test.berlin_social_atlas.not_null_mart_district_social_index_district.78c0952b54
[0m16:41:13.895857 [debug] [Thread-1 (]: Began running node test.berlin_social_atlas.not_null_stg_berlin_mss_child_poverty_rate.c9ed3fcc7e
[0m16:41:13.896174 [debug] [Thread-2 (]: Began running node test.berlin_social_atlas.not_null_stg_berlin_mss_district.529d7706bd
[0m16:41:13.896487 [info ] [Thread-1 (]: 7 of 12 START test not_null_stg_berlin_mss_child_poverty_rate .................. [RUN]
[0m16:41:13.896845 [info ] [Thread-2 (]: 8 of 12 START test not_null_stg_berlin_mss_district ............................ [RUN]
[0m16:41:13.897184 [debug] [Thread-1 (]: Re-using an available connection from the pool (formerly test.berlin_social_atlas.not_null_mart_district_social_index_social_burden_index.af1b7a1dba, now test.berlin_social_atlas.not_null_stg_berlin_mss_child_poverty_rate.c9ed3fcc7e)
[0m16:41:13.897496 [debug] [Thread-2 (]: Re-using an available connection from the pool (formerly test.berlin_social_atlas.not_null_mart_district_social_index_district.78c0952b54, now test.berlin_social_atlas.not_null_stg_berlin_mss_district.529d7706bd)
[0m16:41:13.897827 [debug] [Thread-1 (]: Began compiling node test.berlin_social_atlas.not_null_stg_berlin_mss_child_poverty_rate.c9ed3fcc7e
[0m16:41:13.898114 [debug] [Thread-2 (]: Began compiling node test.berlin_social_atlas.not_null_stg_berlin_mss_district.529d7706bd
[0m16:41:13.900566 [debug] [Thread-1 (]: Writing injected SQL for node "test.berlin_social_atlas.not_null_stg_berlin_mss_child_poverty_rate.c9ed3fcc7e"
[0m16:41:13.902721 [debug] [Thread-2 (]: Writing injected SQL for node "test.berlin_social_atlas.not_null_stg_berlin_mss_district.529d7706bd"
[0m16:41:13.903866 [debug] [Thread-1 (]: Began executing node test.berlin_social_atlas.not_null_stg_berlin_mss_child_poverty_rate.c9ed3fcc7e
[0m16:41:13.904191 [debug] [Thread-2 (]: Began executing node test.berlin_social_atlas.not_null_stg_berlin_mss_district.529d7706bd
[0m16:41:13.905495 [debug] [Thread-1 (]: Writing runtime sql for node "test.berlin_social_atlas.not_null_stg_berlin_mss_child_poverty_rate.c9ed3fcc7e"
[0m16:41:13.906860 [debug] [Thread-2 (]: Writing runtime sql for node "test.berlin_social_atlas.not_null_stg_berlin_mss_district.529d7706bd"
[0m16:41:13.907750 [debug] [Thread-1 (]: Using postgres connection "test.berlin_social_atlas.not_null_stg_berlin_mss_child_poverty_rate.c9ed3fcc7e"
[0m16:41:13.908062 [debug] [Thread-2 (]: Using postgres connection "test.berlin_social_atlas.not_null_stg_berlin_mss_district.529d7706bd"
[0m16:41:13.908301 [debug] [Thread-1 (]: On test.berlin_social_atlas.not_null_stg_berlin_mss_child_poverty_rate.c9ed3fcc7e: /* {"app": "dbt", "dbt_version": "1.12.0b1", "profile_name": "berlin_social_atlas", "target_name": "dev", "node_id": "test.berlin_social_atlas.not_null_stg_berlin_mss_child_poverty_rate.c9ed3fcc7e"} */

    
    select
      count(*) as failures,
      count(*) != 0 as should_warn,
      count(*) != 0 as should_error
    from (
      
    
  
    
    



select child_poverty_rate
from "airflow"."staging"."stg_berlin_mss"
where child_poverty_rate is null



  
  
      
    ) dbt_internal_test
[0m16:41:13.908648 [debug] [Thread-2 (]: On test.berlin_social_atlas.not_null_stg_berlin_mss_district.529d7706bd: /* {"app": "dbt", "dbt_version": "1.12.0b1", "profile_name": "berlin_social_atlas", "target_name": "dev", "node_id": "test.berlin_social_atlas.not_null_stg_berlin_mss_district.529d7706bd"} */

    
    select
      count(*) as failures,
      count(*) != 0 as should_warn,
      count(*) != 0 as should_error
    from (
      
    
  
    
    



select district
from "airflow"."staging"."stg_berlin_mss"
where district is null



  
  
      
    ) dbt_internal_test
[0m16:41:13.908985 [debug] [Thread-1 (]: Opening a new connection, currently in state closed
[0m16:41:13.909273 [debug] [Thread-2 (]: Opening a new connection, currently in state closed
[0m16:41:13.914615 [debug] [Thread-1 (]: SQL status: SELECT 1 in 0.006 seconds
[0m16:41:13.914906 [debug] [Thread-2 (]: SQL status: SELECT 1 in 0.006 seconds
[0m16:41:13.915849 [debug] [Thread-1 (]: On test.berlin_social_atlas.not_null_stg_berlin_mss_child_poverty_rate.c9ed3fcc7e: ROLLBACK
[0m16:41:13.916765 [debug] [Thread-2 (]: On test.berlin_social_atlas.not_null_stg_berlin_mss_district.529d7706bd: ROLLBACK
[0m16:41:13.917198 [debug] [Thread-1 (]: On test.berlin_social_atlas.not_null_stg_berlin_mss_child_poverty_rate.c9ed3fcc7e: Close
[0m16:41:13.917478 [debug] [Thread-2 (]: On test.berlin_social_atlas.not_null_stg_berlin_mss_district.529d7706bd: Close
[0m16:41:13.917855 [info ] [Thread-1 (]: 7 of 12 PASS not_null_stg_berlin_mss_child_poverty_rate ........................ [[32mPASS[0m in 0.02s]
[0m16:41:13.918474 [info ] [Thread-2 (]: 8 of 12 PASS not_null_stg_berlin_mss_district .................................. [[32mPASS[0m in 0.02s]
[0m16:41:13.918938 [debug] [Thread-1 (]: Finished running node test.berlin_social_atlas.not_null_stg_berlin_mss_child_poverty_rate.c9ed3fcc7e
[0m16:41:13.919401 [debug] [Thread-2 (]: Finished running node test.berlin_social_atlas.not_null_stg_berlin_mss_district.529d7706bd
[0m16:41:13.919746 [debug] [Thread-1 (]: Began running node test.berlin_social_atlas.not_null_stg_berlin_mss_lor_key.4a67e7a5ec
[0m16:41:13.920080 [debug] [Thread-2 (]: Began running node test.berlin_social_atlas.not_null_stg_berlin_mss_unemployment_rate.ba478eb887
[0m16:41:13.920397 [info ] [Thread-1 (]: 9 of 12 START test not_null_stg_berlin_mss_lor_key ............................. [RUN]
[0m16:41:13.920755 [info ] [Thread-2 (]: 10 of 12 START test not_null_stg_berlin_mss_unemployment_rate .................. [RUN]
[0m16:41:13.921128 [debug] [Thread-1 (]: Re-using an available connection from the pool (formerly test.berlin_social_atlas.not_null_stg_berlin_mss_child_poverty_rate.c9ed3fcc7e, now test.berlin_social_atlas.not_null_stg_berlin_mss_lor_key.4a67e7a5ec)
[0m16:41:13.921459 [debug] [Thread-2 (]: Re-using an available connection from the pool (formerly test.berlin_social_atlas.not_null_stg_berlin_mss_district.529d7706bd, now test.berlin_social_atlas.not_null_stg_berlin_mss_unemployment_rate.ba478eb887)
[0m16:41:13.921746 [debug] [Thread-1 (]: Began compiling node test.berlin_social_atlas.not_null_stg_berlin_mss_lor_key.4a67e7a5ec
[0m16:41:13.922036 [debug] [Thread-2 (]: Began compiling node test.berlin_social_atlas.not_null_stg_berlin_mss_unemployment_rate.ba478eb887
[0m16:41:13.924495 [debug] [Thread-1 (]: Writing injected SQL for node "test.berlin_social_atlas.not_null_stg_berlin_mss_lor_key.4a67e7a5ec"
[0m16:41:13.926663 [debug] [Thread-2 (]: Writing injected SQL for node "test.berlin_social_atlas.not_null_stg_berlin_mss_unemployment_rate.ba478eb887"
[0m16:41:13.927852 [debug] [Thread-1 (]: Began executing node test.berlin_social_atlas.not_null_stg_berlin_mss_lor_key.4a67e7a5ec
[0m16:41:13.928158 [debug] [Thread-2 (]: Began executing node test.berlin_social_atlas.not_null_stg_berlin_mss_unemployment_rate.ba478eb887
[0m16:41:13.929436 [debug] [Thread-1 (]: Writing runtime sql for node "test.berlin_social_atlas.not_null_stg_berlin_mss_lor_key.4a67e7a5ec"
[0m16:41:13.930856 [debug] [Thread-2 (]: Writing runtime sql for node "test.berlin_social_atlas.not_null_stg_berlin_mss_unemployment_rate.ba478eb887"
[0m16:41:13.931724 [debug] [Thread-1 (]: Using postgres connection "test.berlin_social_atlas.not_null_stg_berlin_mss_lor_key.4a67e7a5ec"
[0m16:41:13.931959 [debug] [Thread-2 (]: Using postgres connection "test.berlin_social_atlas.not_null_stg_berlin_mss_unemployment_rate.ba478eb887"
[0m16:41:13.932246 [debug] [Thread-1 (]: On test.berlin_social_atlas.not_null_stg_berlin_mss_lor_key.4a67e7a5ec: /* {"app": "dbt", "dbt_version": "1.12.0b1", "profile_name": "berlin_social_atlas", "target_name": "dev", "node_id": "test.berlin_social_atlas.not_null_stg_berlin_mss_lor_key.4a67e7a5ec"} */

    
    select
      count(*) as failures,
      count(*) != 0 as should_warn,
      count(*) != 0 as should_error
    from (
      
    
  
    
    



select lor_key
from "airflow"."staging"."stg_berlin_mss"
where lor_key is null



  
  
      
    ) dbt_internal_test
[0m16:41:13.932553 [debug] [Thread-2 (]: On test.berlin_social_atlas.not_null_stg_berlin_mss_unemployment_rate.ba478eb887: /* {"app": "dbt", "dbt_version": "1.12.0b1", "profile_name": "berlin_social_atlas", "target_name": "dev", "node_id": "test.berlin_social_atlas.not_null_stg_berlin_mss_unemployment_rate.ba478eb887"} */

    
    select
      count(*) as failures,
      count(*) != 0 as should_warn,
      count(*) != 0 as should_error
    from (
      
    
  
    
    



select unemployment_rate
from "airflow"."staging"."stg_berlin_mss"
where unemployment_rate is null



  
  
      
    ) dbt_internal_test
[0m16:41:13.932845 [debug] [Thread-1 (]: Opening a new connection, currently in state closed
[0m16:41:13.933130 [debug] [Thread-2 (]: Opening a new connection, currently in state closed
[0m16:41:13.938439 [debug] [Thread-1 (]: SQL status: SELECT 1 in 0.006 seconds
[0m16:41:13.938738 [debug] [Thread-2 (]: SQL status: SELECT 1 in 0.006 seconds
[0m16:41:13.939798 [debug] [Thread-1 (]: On test.berlin_social_atlas.not_null_stg_berlin_mss_lor_key.4a67e7a5ec: ROLLBACK
[0m16:41:13.940612 [debug] [Thread-2 (]: On test.berlin_social_atlas.not_null_stg_berlin_mss_unemployment_rate.ba478eb887: ROLLBACK
[0m16:41:13.941006 [debug] [Thread-1 (]: On test.berlin_social_atlas.not_null_stg_berlin_mss_lor_key.4a67e7a5ec: Close
[0m16:41:13.941290 [debug] [Thread-2 (]: On test.berlin_social_atlas.not_null_stg_berlin_mss_unemployment_rate.ba478eb887: Close
[0m16:41:13.941660 [info ] [Thread-1 (]: 9 of 12 PASS not_null_stg_berlin_mss_lor_key ................................... [[32mPASS[0m in 0.02s]
[0m16:41:13.942283 [info ] [Thread-2 (]: 10 of 12 PASS not_null_stg_berlin_mss_unemployment_rate ........................ [[32mPASS[0m in 0.02s]
[0m16:41:13.942760 [debug] [Thread-1 (]: Finished running node test.berlin_social_atlas.not_null_stg_berlin_mss_lor_key.4a67e7a5ec
[0m16:41:13.943170 [debug] [Thread-2 (]: Finished running node test.berlin_social_atlas.not_null_stg_berlin_mss_unemployment_rate.ba478eb887
[0m16:41:13.943491 [debug] [Thread-1 (]: Began running node test.berlin_social_atlas.unique_mart_district_social_index_district.b2702af270
[0m16:41:13.943822 [debug] [Thread-2 (]: Began running node test.berlin_social_atlas.unique_stg_berlin_mss_lor_key.652316829b
[0m16:41:13.944137 [info ] [Thread-1 (]: 11 of 12 START test unique_mart_district_social_index_district ................. [RUN]
[0m16:41:13.944521 [info ] [Thread-2 (]: 12 of 12 START test unique_stg_berlin_mss_lor_key .............................. [RUN]
[0m16:41:13.944861 [debug] [Thread-1 (]: Re-using an available connection from the pool (formerly test.berlin_social_atlas.not_null_stg_berlin_mss_lor_key.4a67e7a5ec, now test.berlin_social_atlas.unique_mart_district_social_index_district.b2702af270)
[0m16:41:13.945184 [debug] [Thread-2 (]: Re-using an available connection from the pool (formerly test.berlin_social_atlas.not_null_stg_berlin_mss_unemployment_rate.ba478eb887, now test.berlin_social_atlas.unique_stg_berlin_mss_lor_key.652316829b)
[0m16:41:13.945488 [debug] [Thread-1 (]: Began compiling node test.berlin_social_atlas.unique_mart_district_social_index_district.b2702af270
[0m16:41:13.945763 [debug] [Thread-2 (]: Began compiling node test.berlin_social_atlas.unique_stg_berlin_mss_lor_key.652316829b
[0m16:41:13.950185 [debug] [Thread-1 (]: Writing injected SQL for node "test.berlin_social_atlas.unique_mart_district_social_index_district.b2702af270"
[0m16:41:13.988154 [debug] [Thread-2 (]: Writing injected SQL for node "test.berlin_social_atlas.unique_stg_berlin_mss_lor_key.652316829b"
[0m16:41:13.989113 [debug] [Thread-1 (]: Began executing node test.berlin_social_atlas.unique_mart_district_social_index_district.b2702af270
[0m16:41:13.990523 [debug] [Thread-1 (]: Writing runtime sql for node "test.berlin_social_atlas.unique_mart_district_social_index_district.b2702af270"
[0m16:41:13.990869 [debug] [Thread-2 (]: Began executing node test.berlin_social_atlas.unique_stg_berlin_mss_lor_key.652316829b
[0m16:41:13.992141 [debug] [Thread-2 (]: Writing runtime sql for node "test.berlin_social_atlas.unique_stg_berlin_mss_lor_key.652316829b"
[0m16:41:13.992446 [debug] [Thread-1 (]: Using postgres connection "test.berlin_social_atlas.unique_mart_district_social_index_district.b2702af270"
[0m16:41:13.992902 [debug] [Thread-1 (]: On test.berlin_social_atlas.unique_mart_district_social_index_district.b2702af270: /* {"app": "dbt", "dbt_version": "1.12.0b1", "profile_name": "berlin_social_atlas", "target_name": "dev", "node_id": "test.berlin_social_atlas.unique_mart_district_social_index_district.b2702af270"} */

    
    select
      count(*) as failures,
      count(*) != 0 as should_warn,
      count(*) != 0 as should_error
    from (
      
    
  
    
    

select
    district as unique_field,
    count(*) as n_records

from "airflow"."staging"."mart_district_social_index"
where district is not null
group by district
having count(*) > 1



  
  
      
    ) dbt_internal_test
[0m16:41:13.993256 [debug] [Thread-1 (]: Opening a new connection, currently in state closed
[0m16:41:13.993470 [debug] [Thread-2 (]: Using postgres connection "test.berlin_social_atlas.unique_stg_berlin_mss_lor_key.652316829b"
[0m16:41:13.993857 [debug] [Thread-2 (]: On test.berlin_social_atlas.unique_stg_berlin_mss_lor_key.652316829b: /* {"app": "dbt", "dbt_version": "1.12.0b1", "profile_name": "berlin_social_atlas", "target_name": "dev", "node_id": "test.berlin_social_atlas.unique_stg_berlin_mss_lor_key.652316829b"} */

    
    select
      count(*) as failures,
      count(*) != 0 as should_warn,
      count(*) != 0 as should_error
    from (
      
    
  
    
    

select
    lor_key as unique_field,
    count(*) as n_records

from "airflow"."staging"."stg_berlin_mss"
where lor_key is not null
group by lor_key
having count(*) > 1



  
  
      
    ) dbt_internal_test
[0m16:41:13.994171 [debug] [Thread-2 (]: Opening a new connection, currently in state closed
[0m16:41:13.997940 [debug] [Thread-1 (]: SQL status: SELECT 1 in 0.005 seconds
[0m16:41:13.999124 [debug] [Thread-1 (]: On test.berlin_social_atlas.unique_mart_district_social_index_district.b2702af270: ROLLBACK
[0m16:41:13.999360 [debug] [Thread-2 (]: SQL status: SELECT 1 in 0.005 seconds
[0m16:41:13.999710 [debug] [Thread-1 (]: On test.berlin_social_atlas.unique_mart_district_social_index_district.b2702af270: Close
[0m16:41:14.000483 [debug] [Thread-2 (]: On test.berlin_social_atlas.unique_stg_berlin_mss_lor_key.652316829b: ROLLBACK
[0m16:41:14.001136 [info ] [Thread-1 (]: 11 of 12 PASS unique_mart_district_social_index_district ....................... [[32mPASS[0m in 0.06s]
[0m16:41:14.001819 [debug] [Thread-2 (]: On test.berlin_social_atlas.unique_stg_berlin_mss_lor_key.652316829b: Close
[0m16:41:14.002177 [debug] [Thread-1 (]: Finished running node test.berlin_social_atlas.unique_mart_district_social_index_district.b2702af270
[0m16:41:14.002667 [info ] [Thread-2 (]: 12 of 12 PASS unique_stg_berlin_mss_lor_key .................................... [[32mPASS[0m in 0.06s]
[0m16:41:14.003410 [debug] [Thread-2 (]: Finished running node test.berlin_social_atlas.unique_stg_berlin_mss_lor_key.652316829b
[0m16:41:14.004754 [debug] [MainThread]: On master: COMMIT
[0m16:41:14.005130 [debug] [MainThread]: Using postgres connection "master"
[0m16:41:14.005389 [debug] [MainThread]: On master: COMMIT
[0m16:41:14.005633 [debug] [MainThread]: Opening a new connection, currently in state closed
[0m16:41:14.009487 [debug] [MainThread]: SQL status: COMMIT in 0.004 seconds
[0m16:41:14.009862 [debug] [MainThread]: On master: Close
[0m16:41:14.010302 [debug] [MainThread]: Connection 'master' was properly closed.
[0m16:41:14.010585 [debug] [MainThread]: Connection 'test.berlin_social_atlas.unique_mart_district_social_index_district.b2702af270' was properly closed.
[0m16:41:14.010846 [debug] [MainThread]: Connection 'test.berlin_social_atlas.unique_stg_berlin_mss_lor_key.652316829b' was properly closed.
[0m16:41:14.011188 [info ] [MainThread]: 
[0m16:41:14.011715 [info ] [MainThread]: Finished running 12 data tests in 0 hours 0 minutes and 0.25 seconds (0.25s).
[0m16:41:14.012929 [debug] [MainThread]: Command end result
[0m16:41:14.041316 [debug] [MainThread]: Wrote artifact WritableManifest to /opt/airflow/dbt/target/manifest.json
[0m16:41:14.043080 [debug] [MainThread]: Wrote artifact SemanticManifest to /opt/airflow/dbt/target/semantic_manifest.json
[0m16:41:14.047776 [debug] [MainThread]: Wrote artifact RunExecutionResult to /opt/airflow/dbt/target/run_results.json
[0m16:41:14.048128 [info ] [MainThread]: 
[0m16:41:14.048615 [info ] [MainThread]: [31mCompleted with 3 errors, 0 partial successes, and 0 warnings:[0m
[0m16:41:14.049018 [info ] [MainThread]: 
[0m16:41:14.049397 [error] [MainThread]: [[31mERROR[0m]: in test dbt_utils_accepted_range_mart_district_social_index_social_burden_index__1__0 (models/schema.yml)
[0m16:41:14.049788 [error] [MainThread]:   Got 6 results, configured to fail if != 0
[0m16:41:14.050067 [info ] [MainThread]: 
[0m16:41:14.050342 [info ] [MainThread]:   compiled code at target/compiled/berlin_social_atlas/models/schema.yml/dbt_utils_accepted_range_mart__c40381e4114926b5ecec0f4cf49b390d.sql
[0m16:41:14.050592 [info ] [MainThread]: 
[0m16:41:14.050912 [error] [MainThread]: [[31mERROR[0m]: in test dbt_utils_accepted_range_stg_berlin_mss_child_poverty_rate__1__0 (models/schema.yml)
[0m16:41:14.051262 [error] [MainThread]:   Got 7 results, configured to fail if != 0
[0m16:41:14.051500 [info ] [MainThread]: 
[0m16:41:14.051761 [info ] [MainThread]:   compiled code at target/compiled/berlin_social_atlas/models/schema.yml/dbt_utils_accepted_range_stg_b_0e26a061964ab414180cd99a3277b7f6.sql
[0m16:41:14.051992 [info ] [MainThread]: 
[0m16:41:14.052284 [error] [MainThread]: [[31mERROR[0m]: in test dbt_utils_accepted_range_stg_berlin_mss_unemployment_rate__1__0 (models/schema.yml)
[0m16:41:14.052555 [error] [MainThread]:   Got 7 results, configured to fail if != 0
[0m16:41:14.053005 [info ] [MainThread]: 
[0m16:41:14.053352 [info ] [MainThread]:   compiled code at target/compiled/berlin_social_atlas/models/schema.yml/dbt_utils_accepted_range_stg_berlin_mss_unemployment_rate__1__0.sql
[0m16:41:14.053638 [info ] [MainThread]: 
[0m16:41:14.053909 [info ] [MainThread]: Done. PASS=9 WARN=0 ERROR=3 SKIP=0 NO-OP=0 TOTAL=12
[0m16:41:14.054624 [debug] [MainThread]: Resource report: {"command_name": "test", "command_success": false, "command_wall_clock_time": 0.66544104, "process_in_blocks": "0", "process_kernel_time": 0.118159, "process_mem_max_rss": "125200", "process_out_blocks": "2769", "process_user_time": 1.629993}
[0m16:41:14.054966 [debug] [MainThread]: Command `dbt test` failed at 16:41:14.054915 after 0.67 seconds
[0m16:41:14.055278 [debug] [MainThread]: Sending event: {'category': 'dbt', 'action': 'invocation', 'label': 'end', 'context': [<snowplow_tracker.self_describing_json.SelfDescribingJson object at 0xffffb955f650>, <snowplow_tracker.self_describing_json.SelfDescribingJson object at 0xffffb89fba70>, <snowplow_tracker.self_describing_json.SelfDescribingJson object at 0xffffb89fbe30>]}
[0m16:41:14.055558 [debug] [MainThread]: Flushing usage events
[0m16:41:14.543143 [debug] [MainThread]: An error was encountered while trying to flush usage events
